x,R,G,B,min_over_frames_G,max_over_frames_G,mean_over_frames_G
0,0,0,0,0,0,0.000
1,0,0,0,0,0,0.000
2,0,0,0,0,0,0.000
3,0,0,0,0,0,0.000
4,4,0,0,0,4,0.667
5,0,0,0,0,4,1.067
6,0,4,0,0,4,1.067
7,0,0,4,0,4,1.000
8,4,4,0,0,4,2.000
9,0,4,4,0,4,2.467
10,0,4,4,0,4,2.333
11,4,0,4,0,4,2.000
12,0,4,0,0,4,2.133
13,4,4,4,0,4,2.933
14,4,4,4,0,4,3.000
15,4,4,4,0,4,2.933
16,4,4,4,0,4,3.133
17,4,4,4,4,4,4.000
18,4,4,4,0,4,3.867
19,4,4,4,0,4,3.867
20,4,4,4,0,4,3.867
21,4,4,4,4,4,4.000
22,4,8,4,4,8,4.933
23,4,8,4,4,8,5.067
24,4,4,4,4,8,5.067
25,8,8,4,4,8,5.533
26,8,4,8,4,8,6.200
27,8,4,4,4,8,5.400
28,4,8,4,4,8,6.133
29,8,8,8,4,8,6.533
30,4,4,8,4,8,5.667
31,8,4,8,4,8,6.867
32,8,8,8,4,8,7.400
33,8,8,8,4,8,7.333
34,4,8,8,4,8,6.867
35,8,8,8,4,8,7.933
36,8,8,8,4,8,7.933
37,8,8,8,4,8,7.933
38,8,8,8,8,8,8.000
39,8,8,8,8,8,8.000
40,8,8,8,8,12,9.133
41,8,8,8,8,12,9.067
42,12,8,8,8,12,9.267
43,8,8,12,8,12,9.133
44,8,12,8,8,12,9.933
45,12,8,12,8,12,10.000
46,12,8,8,8,12,9.933
47,8,12,8,8,12,9.800
48,8,12,12,8,12,10.067
49,12,12,12,8,12,11.067
50,12,8,12,8,12,10.667
51,12,12,12,8,12,10.800
52,12,8,8,8,12,10.867
53,12,12,12,8,12,11.933
54,12,12,12,12,12,12.000
55,12,12,12,8,12,11.933
56,12,12,12,12,12,12.000
57,12,12,12,8,12,11.933
58,12,12,12,12,16,12.867
59,16,12,12,12,16,12.933
60,12,12,12,12,16,13.067
61,12,12,12,12,16,12.733
62,12,16,12,12,16,14.400
63,12,16,16,12,16,14.200
64,16,16,16,12,16,14.400
65,16,16,16,12,16,14.200
66,16,12,16,12,16,13.733
67,16,12,12,12,16,15.200
68,12,16,12,12,16,15.267
69,12,16,16,12,16,15.133
70,12,12,16,12,16,15.133
71,16,16,16,12,16,15.933
72,16,16,16,12,16,15.867
73,16,16,16,12,16,15.800
74,16,16,16,16,16,16.000
75,16,16,16,16,16,16.000
76,16,20,16,16,20,16.867
77,16,16,20,16,20,16.867
78,16,16,16,16,20,16.533
79,20,16,16,16,20,16.933
80,16,16,16,16,20,17.267
81,20,20,16,16,20,17.933
82,20,20,20,16,20,18.133
83,16,16,20,16,20,17.600
84,16,20,16,16,20,17.667
85,20,20,20,16,20,18.467
86,20,16,20,16,20,18.867
87,20,20,16,16,20,19.133
88,20,20,20,16,20,19.067
89,16,20,20,16,20,19.333
90,20,20,20,20,20,20.000
91,20,20,20,16,20,19.933
92,20,20,20,20,20,20.000
93,20,20,20,16,20,19.933
94,24,24,20,20,24,20.733
95,24,24,20,20,24,21.200
96,20,20,24,20,24,20.667
97,20,24,20,20,24,21.000
98,24,20,20,20,24,20.933
99,24,24,20,20,24,22.067
100,20,24,24,20,24,21.867
101,24,20,24,20,24,21.600
102,24,20,20,20,24,22.200
103,20,20,20,20,24,22.733
104,24,24,24,20,24,23.267
105,24,20,24,20,24,23.000
106,24,24,24,20,24,23.200
107,24,24,24,20,24,23.000
108,24,24,24,20,24,23.933
109,24,24,24,20,24,23.867
110,24,24,24,24,24,24.000
111,24,24,24,20,24,23.867
112,24,24,28,24,28,24.667
113,24,24,28,24,28,24.867
114,28,24,24,24,28,25.200
115,24,24,24,24,28,24.867
116,28,28,24,24,28,24.733
117,28,28,28,24,28,25.867
118,24,24,28,24,28,26.067
119,24,28,24,24,28,26.333
120,24,28,28,24,28,26.467
121,28,28,28,24,28,27.133
122,28,24,28,24,28,26.867
123,28,28,28,24,28,26.733
124,28,28,28,24,28,26.600
125,28,28,28,24,28,27.000
126,28,28,28,24,28,27.867
127,28,28,28,24,28,27.867
128,28,28,28,28,28,28.000
129,28,28,28,24,28,27.933
130,28,32,28,28,32,29.067
131,28,28,28,28,32,29.067
132,28,32,28,28,32,28.600
133,32,28,28,28,32,28.933
134,28,32,28,28,32,28.800
135,28,28,32,28,32,29.667
136,32,32,28,28,32,30.267
137,32,32,32,28,32,29.800
138,32,28,28,28,32,30.000
139,28,32,32,28,32,30.733
140,32,28,32,28,32,30.733
141,28,32,28,28,32,31.067
142,32,28,28,28,32,30.333
143,32,32,28,28,32,31.000
144,32,32,32,28,32,31.867
145,32,32,32,32,32,32.000
146,32,32,32,32,32,32.000
147,32,32,32,32,32,32.000
148,32,32,36,32,36,33.067
149,32,32,36,32,36,32.800
150,32,36,32,32,36,32.867
151,32,32,36,32,36,32.200
152,32,32,32,32,36,32.733
153,36,36,32,32,36,33.667
154,32,32,36,32,36,33.867
155,32,32,32,32,36,33.933
156,32,36,32,32,36,34.133
157,36,36,36,32,36,34.533
158,36,32,36,32,36,34.467
159,32,36,32,32,36,34.533
160,36,36,36,32,36,34.667
161,32,32,36,32,36,35.000
162,36,36,36,36,36,36.000
163,36,36,36,36,36,36.000
164,36,36,36,32,36,35.800
165,36,36,36,32,36,35.933
166,36,36,36,36,40,37.000
167,40,36,36,36,40,36.933
168,36,36,36,36,40,37.200
169,36,36,36,36,40,36.667
170,40,36,36,36,40,37.067
171,36,40,40,36,40,38.400
172,36,40,40,36,40,38.133
173,40,36,40,36,40,38.067
174,40,36,36,36,40,37.933
175,36,36,36,36,40,38.000
176,40,40,40,36,40,38.733
177,40,40,36,36,40,38.867
178,36,40,40,36,40,39.200
179,40,40,36,36,40,39.200
180,40,40,40,40,40,40.000
181,40,40,40,40,40,40.000
182,40,40,40,40,40,40.000
183,40,40,40,40,40,40.000
184,40,40,40,40,40,40.000
185,40,40,40,40,44,41.267
186,40,40,40,40,44,41.333
187,44,40,40,40,44,40.867
188,40,40,44,40,44,41.000
189,44,44,44,40,44,41.933
190,40,44,44,40,44,42.000
191,40,44,44,40,44,42.000
192,40,40,44,40,44,42.000
193,40,44,40,40,44,42.067
194,44,44,44,40,44,42.800
195,44,44,44,40,44,43.267
196,40,40,40,40,44,42.867
197,40,44,44,40,44,42.667
198,44,44,44,40,44,43.933
199,44,40,44,40,44,43.933
200,44,44,44,40,44,43.933
201,44,44,44,44,44,44.000
202,44,44,44,44,44,44.000
203,44,44,44,44,48,45.067
204,48,48,44,44,48,44.933
205,44,48,48,44,48,44.933
206,44,44,44,44,48,44.867
207,48,48,48,44,48,46.000
208,48,48,48,44,48,45.733
209,44,44,48,44,48,45.733
210,48,44,44,44,48,46.133
211,48,44,44,44,48,46.467
212,44,48,44,44,48,46.800
213,48,48,48,44,48,47.267
214,48,48,48,44,48,46.867
215,48,48,48,44,48,46.533
216,48,48,48,48,48,48.000
217,48,48,48,48,48,48.000
218,48,48,48,48,48,48.000
219,48,48,48,48,48,48.000
220,48,48,48,48,48,48.000
221,48,52,52,48,52,48.867
222,48,48,52,48,52,48.667
223,52,48,48,48,52,49.000
224,52,48,48,48,52,48.667
225,52,48,48,48,52,49.667
226,48,48,48,48,52,49.733
227,48,48,48,48,52,49.733
228,48,52,48,48,52,49.933
229,48,48,52,48,52,50.000
230,52,52,48,48,52,50.867
231,52,48,52,48,52,50.733
232,48,48,48,48,52,50.667
233,52,48,52,48,52,50.667
234,52,52,52,52,52,52.000
235,52,52,52,52,52,52.000
236,52,52,52,52,52,52.000
237,52,52,52,52,52,52.000
238,52,52,52,52,52,52.000
239,52,52,52,52,56,53.133
240,56,52,52,52,56,52.867
241,52,56,52,52,56,53.333
242,52,52,56,52,56,53.133
243,52,56,56,52,56,54.000
244,52,52,56,52,56,53.667
245,56,56,52,52,56,54.200
246,52,56,56,52,56,53.600
247,56,52,56,52,56,54.267
248,56,56,56,52,56,55.133
249,56,56,56,52,56,55.133
250,52,56,56,52,56,55.200
251,56,52,56,52,56,55.067
252,56,56,52,52,56,55.333
253,56,56,56,56,56,56.000
254,56,56,56,56,56,56.000
255,56,56,56,56,56,56.000
256,56,56,56,56,56,56.000
257,56,60,56,56,60,57.000
258,60,56,60,56,60,56.867
259,60,60,56,56,60,57.200
260,60,56,56,56,60,57.200
261,56,60,56,56,60,57.000
262,60,60,60,56,60,58.067
263,60,60,60,56,60,58.000
264,56,60,60,56,60,57.933
265,60,56,60,56,60,58.133
266,60,60,60,56,60,58.933
267,60,56,60,56,60,59.333
268,60,60,56,56,60,59.200
269,60,60,60,56,60,58.933
270,60,60,60,56,60,59.067
271,60,60,60,60,60,60.000
272,60,60,60,60,60,60.000
273,60,60,60,60,60,60.000
274,60,60,60,60,60,60.000
275,60,60,60,60,64,61.200
276,60,60,64,60,64,60.733
277,60,60,60,60,64,61.000
278,60,60,60,60,64,60.600
279,64,60,60,60,64,61.067
280,64,60,60,60,64,62.067
281,64,60,60,60,64,62.133
282,60,64,60,60,64,62.133
283,60,60,64,60,64,62.067
284,60,60,64,60,64,63.067
285,64,64,64,60,64,62.867
286,64,64,64,60,64,62.933
287,64,60,64,60,64,62.867
288,64,60,60,60,64,63.200
289,64,64,64,64,64,64.000
290,64,64,64,64,64,64.000
291,64,64,64,64,64,64.000
292,64,64,64,64,64,64.000
293,64,64,64,64,64,64.000
294,64,64,64,64,68,65.067
295,64,64,64,64,68,65.133
296,64,64,64,64,68,65.067
297,64,64,64,64,68,64.733
298,64,68,64,64,68,66.133
299,68,64,68,64,68,66.333
300,64,64,64,64,68,66.333
301,64,68,64,64,68,66.133
302,68,68,68,64,68,66.000
303,68,64,68,64,68,66.867
304,64,64,64,64,68,66.800
305,68,68,64,64,68,67.000
306,64,68,64,64,68,67.200
307,68,68,68,68,68,68.000
308,68,68,68,68,68,68.000
309,68,68,68,68,68,68.000
310,68,68,68,68,68,68.000
311,68,68,68,68,68,68.000
312,72,68,68,68,72,68.800
313,68,72,68,68,72,69.067
314,68,68,72,68,72,69.133
315,68,72,68,68,72,68.867
316,68,68,72,68,72,69.667
317,68,72,68,68,72,70.000
318,72,72,72,68,72,69.733
319,72,68,72,68,72,70.200
320,68,68,68,68,72,69.933
321,72,68,72,68,72,71.000
322,68,72,68,68,72,71.133
323,72,68,72,68,72,71.067
324,72,72,68,68,72,70.933
325,72,72,72,72,72,72.000
326,72,72,72,72,72,72.000
327,72,72,72,72,72,72.000
328,72,72,72,72,72,72.000
329,72,72,72,72,72,72.000
330,72,72,72,72,76,73.067
331,72,76,72,72,76,73.133
332,76,72,72,72,76,72.933
333,72,72,72,72,76,72.667
334,76,76,72,72,76,74.067
335,76,72,76,72,76,73.867
336,72,72,72,72,76,74.000
337,72,76,72,72,76,73.800
338,72,72,76,72,76,73.600
339,76,76,76,72,76,74.600
340,72,72,76,72,76,74.800
341,76,76,76,72,76,75.133
342,76,72,76,72,76,74.867
343,76,76,76,76,76,76.000
344,76,76,76,76,76,76.000
345,76,76,76,76,76,76.000
346,76,76,76,76,76,76.000
347,76,76,76,76,76,76.000
348,76,80,76,76,80,77.000
349,76,76,76,76,80,76.667
350,76,80,76,76,80,76.867
351,80,76,76,76,80,77.467
352,76,76,76,76,80,77.000
353,76,80,76,76,80,78.067
354,80,80,80,76,80,77.867
355,76,76,80,76,80,78.333
356,80,76,76,76,80,78.133
357,76,80,76,76,80,79.333
358,80,80,80,76,80,79.533
359,76,80,80,76,80,78.667
360,80,80,80,76,80,79.133
361,80,80,80,80,80,80.000
362,80,80,80,80,80,80.000
363,80,80,80,80,80,80.000
364,80,80,80,80,80,80.000
365,80,80,80,80,80,80.000
366,80,80,80,80,84,81.000
367,84,80,80,80,84,81.333
368,80,80,80,80,84,81.200
369,80,80,80,80,84,80.600
370,84,84,80,80,84,81.400
371,84,80,84,80,84,82.467
372,80,80,80,80,84,82.333
373,80,80,80,80,84,81.933
374,84,80,80,80,84,81.867
375,84,84,80,80,84,83.000
376,84,80,84,80,84,83.067
377,84,84,80,80,84,82.733
378,84,84,84,80,84,83.067
379,84,80,84,80,84,83.267
380,84,84,84,84,84,84.000
381,84,84,84,84,84,84.000
382,84,84,84,84,84,84.000
383,84,84,84,84,84,84.000
384,84,84,84,84,88,85.067
385,84,84,84,84,88,85.067
386,84,84,84,84,88,85.133
387,84,88,88,84,88,85.067
388,84,84,88,84,88,84.933
389,84,88,84,84,88,85.933
390,84,88,88,84,88,86.067
391,84,84,88,84,88,86.200
392,88,88,84,84,88,86.067
393,84,88,88,84,88,87.067
394,84,88,88,84,88,86.867
395,88,88,88,84,88,87.200
396,88,88,88,84,88,87.067
397,88,88,88,84,88,87.000
398,88,88,88,88,88,88.000
399,88,88,88,88,88,88.000
400,88,88,88,88,88,88.000
401,88,88,88,88,88,88.000
402,88,88,88,88,92,89.067
403,92,88,88,88,92,89.133
404,92,88,88,88,92,89.200
405,88,92,88,88,92,89.000
406,92,88,92,88,92,89.133
407,92,92,88,88,92,90.200
408,88,88,92,88,92,89.333
409,92,88,88,88,92,89.667
410,92,92,88,88,92,89.600
411,92,88,92,88,92,90.933
412,92,92,88,88,92,90.800
413,92,88,88,88,92,90.800
414,92,92,92,88,92,91.133
415,92,88,92,88,92,90.533
416,92,92,92,92,92,92.000
417,92,92,92,92,92,92.000
418,92,92,92,92,92,92.000
419,92,92,92,92,92,92.000
420,92,92,92,92,96,93.200
421,92,96,92,92,96,93.067
422,92,92,96,92,96,93.267
423,92,92,92,92,96,93.067
424,96,92,92,92,96,92.733
425,92,96,92,92,96,94.267
426,92,92,96,92,96,94.200
427,96,96,92,92,96,94.200
428,92,96,96,92,96,93.933
429,92,96,96,92,96,94.800
430,92,96,96,92,96,94.933
431,96,96,96,92,96,94.867
432,92,96,96,92,96,95.467
433,96,92,96,92,96,94.733
434,96,96,96,96,96,96.000
435,96,96,96,96,96,96.000
436,96,96,96,96,96,96.000
437,96,96,96,96,96,96.000
438,96,96,96,96,96,96.000
439,96,100,96,96,100,97.400
440,96,96,96,96,100,96.733
441,96,96,96,96,100,96.667
442,100,100,96,96,100,97.067
443,96,96,100,96,100,98.000
444,100,96,96,96,100,98.133
445,100,100,96,96,100,98.067
446,100,100,100,96,100,97.867
447,100,96,100,96,100,97.800
448,100,100,96,96,100,98.667
449,100,100,100,96,100,98.800
450,96,100,96,96,100,98.867
451,100,96,100,96,100,99.000
452,100,100,100,100,100,100.000
453,100,100,100,96,100,99.933
454,100,100,100,96,100,99.933
455,100,100,100,96,100,99.867
456,100,100,100,96,100,99.867
457,100,100,100,100,104,101.133
458,100,100,100,100,104,100.733
459,100,104,104,100,104,101.000
460,100,104,100,100,104,101.133
461,100,100,104,100,104,101.933
462,104,104,100,100,104,102.067
463,104,104,104,100,104,101.667
464,100,104,104,100,104,101.867
465,104,100,104,100,104,102.267
466,100,104,104,100,104,102.867
467,104,104,104,100,104,102.667
468,104,100,104,100,104,102.533
469,104,104,100,100,104,103.133
470,104,104,104,104,104,104.000
471,104,104,104,104,104,104.000
472,104,104,104,104,104,104.000
473,104,104,104,104,104,104.000
474,104,104,104,104,104,104.000
475,104,104,104,104,108,105.267
476,104,104,108,104,108,105.200
477,108,108,104,104,108,104.667
478,104,104,108,104,108,104.867
479,108,108,104,104,108,106.133
480,108,108,108,104,108,106.000
481,108,104,108,104,108,105.467
482,104,104,104,104,108,106.267
483,104,104,104,104,108,106.400
484,108,108,104,104,108,106.733
485,108,108,104,104,108,106.800
486,108,108,108,104,108,107.133
487,108,108,108,104,108,107.067
488,108,108,108,104,108,107.933
489,108,108,108,104,108,107.867
490,108,108,108,104,108,107.867
491,108,108,108,108,108,108.000
492,108,108,108,104,108,107.933
493,108,108,108,108,112,109.067
494,108,112,108,108,112,109.333
495,108,108,112,108,112,108.667
496,112,108,108,108,112,108.867
497,112,108,108,108,112,109.800
498,108,112,108,108,112,110.333
499,108,108,112,108,112,109.400
500,108,112,112,108,112,110.067
501,108,112,112,108,112,109.867
502,112,112,112,108,112,111.000
503,112,112,112,108,112,110.933
504,112,108,112,108,112,111.333
505,112,112,112,108,112,111.400
506,108,112,112,108,112,111.000
507,112,112,112,108,112,111.933
508,112,112,112,108,112,111.933
509,112,112,112,108,112,111.800
510,112,112,112,112,112,112.000
511,116,112,112,112,116,112.867
512,112,116,112,112,116,113.267
513,112,112,112,112,116,112.933
514,112,112,112,112,116,112.800
515,116,116,112,112,116,114.067
516,116,116,116,112,116,114.000
517,116,116,116,112,116,114.267
518,116,112,116,112,116,114.000
519,116,112,112,112,116,114.000
520,116,116,112,112,116,114.867
521,116,116,116,112,116,115.000
522,116,116,116,112,116,115.200
523,116,116,112,112,116,114.867
524,116,116,112,112,116,115.267
525,116,116,116,112,116,115.933
526,116,116,116,116,116,116.000
527,116,116,116,116,116,116.000
528,116,116,116,112,116,115.867
529,116,116,120,116,120,116.867
530,116,116,120,116,120,116.933
531,116,120,116,116,120,117.200
532,116,116,116,116,120,116.933
533,116,116,116,116,120,116.933
534,120,116,116,116,120,118.000
535,116,116,116,116,120,118.267
536,116,120,116,116,120,118.000
537,120,116,120,116,120,117.867
538,120,120,116,116,120,119.533
539,120,120,120,116,120,119.200
540,116,120,120,116,120,119.133
541,120,120,120,116,120,119.400
542,120,120,120,116,120,119.267
543,120,120,120,120,120,120.000
544,120,120,120,120,120,120.000
545,120,120,120,120,120,120.000
546,120,120,120,120,120,120.000
547,120,124,120,120,124,121.200
548,120,124,124,120,124,121.333
549,120,124,124,120,124,120.733
550,120,120,120,120,124,120.800
551,120,120,120,120,124,121.267
552,120,120,120,120,124,122.267
553,124,124,120,120,124,122.200
554,120,124,124,120,124,122.800
555,120,120,124,120,124,121.800
556,124,124,124,120,124,123.067
557,124,124,124,120,124,123.067
558,124,124,124,120,124,123.067
559,124,124,124,120,124,123.467
560,124,124,124,120,124,123.267
561,124,124,124,124,124,124.000
562,124,124,124,124,124,124.000
563,124,124,124,124,124,124.000
564,124,124,124,124,124,124.000
565,124,124,124,124,128,124.600
566,124,124,124,124,128,125.333
567,128,124,124,124,128,124.867
568,124,124,124,124,128,124.867
569,124,128,128,124,128,125.000
570,128,128,128,124,128,125.733
571,128,124,128,124,128,125.333
572,124,124,124,124,128,125.800
573,124,128,124,124,128,126.333
574,128,124,128,124,128,126.133
575,128,128,128,124,128,127.067
576,128,128,128,124,128,126.867
577,124,128,128,124,128,126.800
578,128,124,128,124,128,126.667
579,128,128,128,128,128,128.000
580,128,128,128,128,128,128.000
581,128,128,128,128,128,128.000
582,128,128,128,128,128,128.000
583,128,128,128,128,128,128.000
584,128,128,128,128,132,129.067
585,128,128,128,128,132,128.733
586,128,128,128,128,132,129.600
587,132,128,128,128,132,128.667
588,128,128,128,128,132,128.600
589,128,132,128,128,132,130.067
590,132,132,132,128,132,130.133
591,128,132,132,128,132,129.867
592,128,128,132,128,132,129.533
593,132,132,128,128,132,131.333
594,132,128,132,128,132,131.267
595,128,132,128,128,132,130.800
596,132,132,132,128,132,131.200
597,132,132,132,132,132,132.000
598,132,132,132,132,132,132.000
599,132,132,132,132,132,132.000
600,132,132,132,132,132,132.000
601,132,132,132,132,132,132.000
602,132,136,132,132,136,133.067
603,132,132,132,132,136,133.067
604,132,132,132,132,136,132.867
605,132,136,132,132,136,132.933
606,132,136,132,132,136,132.933
607,136,132,136,132,136,134.267
608,136,132,132,132,136,133.800
609,132,132,132,132,136,134.400
610,136,132,132,132,136,134.600
611,136,132,136,132,136,134.400
612,136,136,132,132,136,134.933
613,132,136,136,132,136,135.000
614,136,132,136,132,136,135.067
615,136,136,132,132,136,134.933
616,136,136,136,136,136,136.000
617,136,136,136,136,136,136.000
618,136,136,136,136,136,136.000
619,136,136,136,136,136,136.000
620,136,136,136,136,140,137.067
621,136,136,136,136,140,137.267
622,140,140,136,136,140,137.067
623,140,136,140,136,140,136.867
624,136,136,136,136,140,136.733
625,136,140,140,136,140,138.267
626,136,140,140,136,140,137.800
627,136,140,140,136,140,137.867
628,136,140,140,136,140,138.133
629,140,140,140,136,140,138.933
630,140,140,140,136,140,138.600
631,140,140,140,136,140,139.400
632,140,140,140,136,140,139.000
633,140,140,140,136,140,139.133
634,140,140,140,140,140,140.000
635,140,140,140,140,140,140.000
636,140,140,140,140,140,140.000
637,140,140,140,140,140,140.000
638,144,144,140,140,144,140.933
639,140,140,140,140,144,140.867
640,144,144,140,140,144,141.067
641,144,144,144,140,144,140.667
642,140,140,140,140,144,140.600
643,144,140,144,140,144,141.733
644,144,144,140,140,144,141.600
645,144,144,144,140,144,141.800
646,140,140,144,140,144,141.600
647,144,144,140,140,144,142.533
648,144,144,140,140,144,142.933
649,140,144,144,140,144,142.800
650,144,144,144,140,144,142.667
651,144,144,144,140,144,142.600
652,144,144,144,144,144,144.000
653,144,144,144,144,144,144.000
654,144,144,144,144,144,144.000
655,144,144,144,144,144,144.000
656,144,144,148,144,148,144.533
657,144,144,144,144,148,144.733
658,148,144,144,144,148,144.667
659,144,148,148,144,148,144.800
660,144,148,144,144,148,145.067
661,148,148,148,144,148,146.133
662,148,148,148,144,148,145.467
663,144,148,148,144,148,145.600
664,144,144,148,144,148,145.667
665,148,148,144,144,148,147.067
666,144,148,148,144,148,147.133
667,148,148,144,144,148,147.333
668,148,148,148,144,148,146.933
669,148,148,148,144,148,147.067
670,148,148,148,148,148,148.000
671,148,148,148,148,148,148.000
672,148,148,148,148,148,148.000
673,148,148,148,148,148,148.000
674,148,148,148,148,148,148.000
675,148,152,148,148,152,149.267
676,148,152,152,148,152,149.133
677,152,148,148,148,152,148.533
678,152,152,148,148,152,149.467
679,152,152,152,148,152,150.067
680,152,148,152,148,152,149.600
681,148,148,148,148,152,150.200
682,148,148,148,148,152,149.933
683,148,148,148,148,152,150.067
684,152,148,148,148,152,150.733
685,152,152,148,148,152,151.067
686,152,152,152,148,152,151.000
687,152,148,152,148,152,150.800
688,152,152,152,152,152,152.000
689,152,152,152,152,152,152.000
690,152,152,152,152,152,152.000
691,152,152,152,152,152,152.000
692,152,152,152,152,152,152.000
693,152,152,152,152,156,152.733
694,152,152,152,152,156,152.933
695,156,152,156,152,156,152.733
696,156,152,152,152,156,153.133
697,152,156,152,152,156,154.200
698,152,156,156,152,156,153.867
699,152,156,156,152,156,153.800
700,152,156,156,152,156,154.133
701,152,152,156,152,156,153.867
702,156,152,156,152,156,154.600
703,156,156,156,152,156,155.533
704,156,156,156,152,156,154.867
705,156,156,152,152,156,155.200
706,156,156,156,156,156,156.000
707,156,156,156,156,156,156.000
708,156,156,156,156,156,156.000
709,156,156,156,156,156,156.000
710,156,156,156,156,156,156.000
711,156,156,156,156,160,156.533
712,156,156,156,156,160,157.133
713,156,160,156,156,160,157.200
714,156,156,160,156,160,157.067
715,160,160,160,156,160,158.200
716,160,156,160,156,160,157.800
717,160,160,156,156,160,157.733
718,156,156,160,156,160,157.800
719,156,156,156,156,160,158.267
720,160,160,160,156,160,159.000
721,160,160,156,156,160,159.267
722,156,160,160,156,160,158.933
723,160,156,156,156,160,158.867
724,160,160,160,160,160,160.000
725,160,160,160,160,160,160.000
726,160,160,160,160,160,160.000
727,160,160,160,160,160,160.000
728,160,160,160,160,160,160.000
729,160,160,160,160,164,161.000
730,160,160,160,160,164,160.733
731,160,160,160,160,164,160.600
732,160,160,160,160,164,160.600
733,160,160,160,160,164,161.733
734,164,160,160,160,164,162.067
735,160,164,160,160,164,161.800
736,160,164,164,160,164,161.933
737,160,164,164,160,164,162.067
738,164,160,164,160,164,162.733
739,164,160,164,160,164,163.000
740,160,164,160,160,164,162.867
741,160,160,164,160,164,163.267
742,160,164,164,160,164,162.867
743,164,164,164,164,164,164.000
744,164,164,164,164,164,164.000
745,164,164,164,164,164,164.000
746,164,164,164,164,164,164.000
747,164,164,164,164,168,164.667
748,164,164,164,164,168,165.467
749,164,168,164,164,168,165.067
750,164,164,164,164,168,164.867
751,164,168,164,164,168,166.067
752,168,164,168,164,168,166.133
753,168,168,164,164,168,165.733
754,168,168,168,164,168,166.267
755,164,168,168,164,168,166.200
756,168,168,168,164,168,167.067
757,168,168,168,164,168,166.667
758,164,168,168,164,168,167.000
759,168,164,164,164,168,167.000
760,168,168,164,164,168,166.600
761,168,168,168,168,172,168.067
762,168,168,168,168,172,168.200
763,168,168,168,168,168,168.000
764,168,168,168,168,172,168.067
765,168,168,168,168,172,169.200
766,168,168,168,168,172,168.933
767,168,168,168,168,172,168.733
768,172,168,168,168,172,169.200
769,168,168,168,168,172,168.733
770,172,168,168,168,172,170.133
771,172,172,168,168,172,170.133
772,172,168,172,168,172,169.667
773,168,168,168,168,172,170.267
774,172,168,172,168,172,170.733
775,172,168,168,168,172,170.867
776,172,172,168,168,172,170.867
777,172,172,172,168,172,171.067
778,168,172,172,168,172,171.200
779,172,172,172,172,176,172.133
780,172,172,172,172,176,172.267
781,172,172,172,172,172,172.000
782,172,172,172,172,176,172.067
783,172,176,176,172,176,172.867
784,172,172,172,172,176,173.267
785,172,172,172,172,176,173.067
786,172,172,172,172,176,173.400
787,172,172,172,172,176,173.200
788,176,172,172,172,176,173.867
789,172,176,172,172,176,174.467
790,172,176,176,172,176,173.733
791,172,176,176,172,176,173.800
792,176,176,176,172,176,175.200
793,176,172,176,172,176,175.267
794,176,176,176,172,176,175.467
795,176,176,176,172,176,175.133
796,176,176,176,172,176,175.067
797,176,176,176,176,180,176.333
798,176,176,176,176,180,176.200
799,180,176,176,176,180,176.200
800,176,176,176,176,180,176.267
801,176,180,176,176,180,176.800
802,180,176,176,176,180,177.267
803,176,180,176,176,180,177.000
804,176,176,180,176,180,177.600
805,176,176,176,176,180,177.200
806,180,176,176,176,180,178.333
807,180,180,176,176,180,178.067
808,180,180,176,176,180,178.400
809,180,176,176,176,180,178.133
810,180,180,180,176,180,179.333
811,180,180,180,176,180,179.200
812,180,180,180,176,180,179.333
813,180,180,180,176,180,179.400
814,180,176,180,176,180,178.933
815,180,180,180,180,184,180.600
816,180,180,180,180,184,180.133
817,180,180,180,180,184,180.067
818,180,180,180,180,184,180.133
819,180,180,184,180,184,181.400
820,184,184,180,180,184,181.400
821,180,180,180,180,184,181.067
822,180,180,184,180,184,180.933
823,180,180,180,180,184,181.067
824,180,180,180,180,184,182.133
825,180,180,180,180,184,182.333
826,180,184,180,180,184,182.533
827,184,184,184,180,184,182.800
828,184,184,184,180,184,182.000
829,184,184,184,180,184,183.267
830,184,184,184,180,184,183.200
831,184,180,184,180,184,182.733
832,180,184,184,180,184,183.200
833,184,184,184,184,188,184.267
834,184,184,184,184,188,184.333
835,184,184,184,184,188,184.200
836,184,184,184,184,188,184.333
837,184,184,184,184,188,184.267
838,188,188,184,184,188,185.333
839,184,188,188,184,188,185.133
840,184,184,188,184,188,185.333
841,184,184,188,184,188,185.400
842,184,188,184,184,188,186.000
843,188,184,188,184,188,186.267
844,188,188,184,184,188,186.267
845,188,188,188,184,188,186.933
846,188,188,188,184,188,186.267
847,188,188,188,184,188,187.467
848,188,188,188,184,188,187.200
849,188,188,188,184,188,187.133
850,188,184,188,184,188,187.067
851,188,188,188,188,192,188.067
852,188,188,188,188,192,188.133
853,188,192,188,188,192,188.267
854,188,188,188,188,192,188.200
855,192,188,188,188,192,188.067
856,192,192,188,188,192,188.667
857,192,188,192,188,192,189.333
858,188,188,188,188,192,189.600
859,192,188,188,188,192,188.933
860,188,188,188,188,192,189.800
861,192,188,188,188,192,190.000
862,192,192,188,188,192,190.067
863,192,192,192,188,192,190.400
864,192,192,188,188,192,189.800
865,192,192,192,188,192,191.533
866,192,192,192,188,192,191.067
867,188,192,192,188,192,191.267
868,192,188,192,188,192,191.133
869,192,192,192,192,196,192.267
870,192,192,192,192,196,192.333
871,192,192,192,192,196,192.133
872,192,192,192,192,196,192.200
873,192,192,192,192,196,192.067
874,192,196,196,192,196,193.200
875,196,192,196,192,196,193.000
876,192,196,196,192,196,193.267
877,192,192,196,192,196,193.067
878,192,192,192,192,196,193.867
879,196,192,192,192,196,194.133
880,192,192,192,192,196,194.067
881,196,196,192,192,196,194.200
882,192,196,196,192,196,194.333
883,196,196,196,192,196,195.533
884,196,192,196,192,196,195.267
885,196,192,196,192,196,195.267
886,196,192,196,192,196,195.400
887,196,196,196,196,200,196.200
888,196,196,196,196,200,196.133
889,196,196,196,196,200,196.267
890,196,196,196,196,200,196.333
891,196,196,196,196,200,196.200
892,200,196,196,196,200,197.467
893,200,196,196,196,200,197.533
894,196,200,196,196,200,197.467
895,196,196,200,196,200,197.333
896,196,200,196,196,200,198.067
897,196,200,200,196,200,198.267
898,200,200,200,196,200,198.400
899,200,196,200,196,200,198.400
900,200,196,196,196,200,198.133
901,200,200,200,196,200,199.067
902,200,196,200,196,200,199.067
903,196,200,200,196,200,199.800
904,200,200,200,196,200,199.267
905,200,200,200,200,204,200.400
906,200,200,200,200,204,200.133
907,200,200,200,200,204,200.067
908,200,200,200,200,204,200.267
909,200,200,200,200,204,200.200
910,200,204,200,200,204,201.267
911,200,200,204,200,204,201.267
912,200,200,200,200,204,201.400
913,204,200,200,200,204,201.467
914,200,204,200,200,204,201.267
915,204,200,204,200,204,201.867
916,204,204,200,200,204,202.333
917,200,204,204,200,204,202.333
918,200,200,204,200,204,202.267
919,200,204,204,200,204,203.133
920,204,200,204,200,204,203.400
921,204,204,200,200,204,203.600
922,204,204,204,200,204,203.467
923,204,204,204,200,204,203.533
924,204,204,204,204,208,204.267
925,204,204,204,204,208,204.267
926,204,204,204,204,208,204.067
927,204,204,204,204,208,204.200
928,204,208,204,204,208,205.867
929,204,204,204,204,208,205.467
930,204,204,204,204,208,205.733
931,204,204,208,204,208,205.133
932,204,204,204,204,208,205.533
933,208,204,204,204,208,206.133
934,208,208,204,204,208,206.400
935,208,208,208,204,208,206.400
936,208,204,204,204,208,206.133
937,204,208,204,204,208,207.267
938,208,208,208,204,208,207.000
939,208,204,208,204,208,207.400
940,208,208,204,204,208,207.400
941,208,208,208,204,208,207.133
942,208,208,208,208,212,208.600
943,208,208,208,208,212,208.400
944,208,208,212,208,212,208.333
945,208,208,208,208,212,208.533
946,208,208,212,208,212,209.533
947,208,208,212,208,212,209.467
948,212,212,208,208,212,209.000
949,208,212,208,208,212,209.133
950,208,208,212,208,212,209.000
951,212,208,208,208,212,210.533
952,208,208,208,208,212,209.867
953,208,208,208,208,212,210.667
954,208,212,208,208,212,210.200
955,212,212,212,208,212,211.133
956,212,212,212,208,212,211.267
957,212,208,212,208,212,210.600
958,212,212,212,208,212,211.467
959,212,208,212,208,212,211.133
960,212,212,212,212,216,212.400
961,212,212,212,212,216,212.267
962,212,212,212,212,216,212.200
963,212,212,212,212,216,212.133
964,212,212,212,212,216,213.400
965,216,212,212,212,216,213.133
966,212,212,212,212,216,213.333
967,212,216,212,212,216,212.867
968,212,212,216,212,216,213.133
969,212,212,212,212,216,214.067
970,212,216,212,212,216,214.667
971,216,216,216,212,216,214.200
972,216,216,216,212,216,213.800
973,212,216,216,212,216,215.533
974,216,216,216,212,216,215.067
975,216,216,216,212,216,215.267
976,216,216,216,212,216,215.533
977,216,216,216,212,216,215.467
978,216,216,216,216,220,216.267
979,216,216,216,216,220,216.200
980,216,216,216,216,220,216.133
981,216,216,216,216,220,216.333
982,216,220,220,216,220,216.467
983,220,216,220,216,220,217.400
984,220,216,216,216,220,217.467
985,216,216,216,216,220,217.133
986,216,216,216,216,220,217.067
987,220,216,216,216,220,218.533
988,220,220,216,216,220,218.000
989,220,220,216,216,220,218.667
990,220,220,216,216,220,218.133
991,220,220,216,216,220,218.467
992,220,216,220,216,220,219.267
993,220,220,216,216,220,219.533
994,220,216,220,216,220,219.133
995,220,220,220,216,220,218.733
996,220,220,220,220,224,220.200
997,220,220,220,220,224,220.133
998,220,220,224,220,224,220.267
999,220,220,220,220,224,220.333
1000,220,220,220,220,224,220.200
1001,220,220,224,220,224,220.867
1002,220,220,220,220,224,221.133
1003,220,220,220,220,224,221.133
1004,220,220,220,220,224,221.333
1005,220,220,220,220,224,222.200
1006,220,224,220,220,224,222.533
1007,220,220,224,220,224,222.400
1008,224,224,220,220,224,222.000
1009,220,220,224,220,224,222.467
1010,224,220,224,220,224,223.467
1011,220,224,224,220,224,223.400
1012,224,224,220,220,224,223.267
1013,220,224,224,220,224,223.533
1014,224,224,224,224,228,224.133
1015,224,228,224,224,228,224.200
1016,228,224,224,224,228,224.267
1017,224,224,224,224,228,224.267
1018,224,224,224,224,228,224.333
1019,224,228,224,224,228,225.067
1020,224,224,224,224,228,225.333
1021,224,224,224,224,228,225.400
1022,224,228,224,224,228,224.867
1023,228,224,228,224,228,226.333
1024,224,224,224,224,228,227.000
1025,228,228,224,224,228,226.267
1026,224,224,228,224,228,226.333
1027,224,224,224,224,228,226.000
1028,224,224,228,224,228,227.133
1029,228,228,224,224,228,227.267
1030,228,228,228,224,228,227.200
1031,228,228,224,224,228,227.600
1032,232,228,228,228,232,228.200
1033,228,228,228,228,232,228.067
1034,228,228,228,228,228,228.000
1035,228,228,228,228,232,228.133
1036,228,228,228,228,232,228.200
1037,228,232,228,228,232,229.133
1038,228,228,228,228,232,229.467
1039,232,228,228,228,232,229.200
1040,228,232,228,228,232,228.933
1041,228,232,232,228,232,230.467
1042,232,232,232,228,232,230.133
1043,228,232,232,228,232,230.400
1044,228,232,228,228,232,230.133
1045,228,228,232,228,232,230.867
1046,232,232,228,228,232,231.467
1047,232,232,232,228,232,231.067
1048,228,232,228,228,232,231.333
1049,228,232,232,228,232,231.600
1050,232,228,232,228,232,231.467
1051,232,232,232,232,236,232.267
1052,232,232,232,232,236,232.400
1053,232,232,232,232,236,232.333
1054,236,232,232,232,236,232.200
1055,232,232,232,232,236,233.400
1056,232,232,232,232,236,233.400
1057,232,232,232,232,236,233.067
1058,236,232,232,232,236,233.267
1059,236,236,232,232,236,234.200
1060,232,236,236,232,236,234.467
1061,236,232,236,232,236,234.267
1062,232,236,232,232,236,234.067
1063,236,236,236,232,236,234.267
1064,232,236,236,232,236,234.867
1065,236,232,236,232,236,235.333
1066,232,236,232,232,236,235.667
1067,236,236,236,232,236,235.667
1068,236,232,236,232,236,235.133
1069,236,236,236,236,240,236.133
1070,236,236,236,236,240,236.133
1071,236,236,236,236,240,236.200
1072,236,236,236,236,240,236.200
1073,236,236,236,236,240,237.400
1074,236,236,240,236,240,237.733
1075,236,236,240,236,240,236.867
1076,236,236,236,236,240,237.533
1077,236,236,236,236,240,237.133
1078,236,240,236,236,240,238.400
1079,240,240,240,236,240,238.067
1080,240,240,240,236,240,238.467
1081,240,240,240,236,240,238.200
1082,240,240,240,236,240,239.067
1083,240,240,240,236,240,239.733
1084,240,236,240,236,240,239.267
1085,240,240,236,236,240,239.267
1086,236,240,240,236,240,238.933
1087,240,240,240,240,244,240.200
1088,240,240,240,240,244,240.333
1089,240,240,240,240,244,240.267
1090,244,244,240,240,244,240.333
1091,244,244,244,240,244,241.267
1092,240,244,244,240,244,241.200
1093,240,240,240,240,244,240.933
1094,240,240,244,240,244,241.267
1095,240,244,244,240,244,241.067
1096,244,240,244,240,244,241.933
1097,244,244,240,240,244,242.667
1098,244,244,244,240,244,242.867
1099,244,244,240,240,244,242.000
1100,244,244,244,240,244,243.267
1101,244,244,244,240,244,243.600
1102,244,244,244,240,244,243.200
1103,244,240,240,240,244,243.067
1104,244,240,240,240,244,243.400
1105,244,244,244,244,248,244.267
1106,244,244,244,244,248,244.333
1107,244,244,244,244,248,244.200
1108,244,244,244,244,248,244.333
1109,248,248,248,244,248,245.133
1110,244,244,248,244,248,245.200
1111,248,244,244,244,248,245.267
1112,248,248,244,244,248,245.333
1113,244,248,244,244,248,245.333
1114,244,248,248,244,248,246.400
1115,244,248,248,244,248,246.667
1116,248,244,248,244,248,246.067
1117,244,244,244,244,248,245.467
1118,248,244,244,244,248,246.667
1119,248,248,248,244,248,247.600
1120,244,248,248,244,248,247.267
1121,244,248,248,244,248,247.600
1122,248,248,248,244,248,247.467
1123,248,248,248,248,252,248.133
1124,248,248,248,248,252,248.067
1125,248,248,248,248,252,248.200
1126,248,248,248,248,252,248.333
1127,248,248,248,248,252,249.400
1128,248,252,248,248,252,249.333
1129,248,248,248,248,252,249.267
1130,248,248,248,248,252,249.133
1131,252,252,252,248,252,249.600
1132,252,248,252,248,252,250.000
1133,248,252,248,248,252,250.800
1134,252,252,252,248,252,250.133
1135,248,248,252,248,252,250.000
1136,248,252,248,248,252,250.133
1137,252,252,252,248,252,251.667
1138,252,252,248,248,252,251.333
1139,252,248,248,248,252,251.133
1140,252,252,252,248,252,251.467
1141,252,252,252,252,256,252.267
1142,252,252,252,252,256,252.200
1143,252,252,252,252,256,252.200
1144,252,252,252,252,256,252.400
1145,252,252,252,252,256,252.067
1146,252,252,252,252,256,253.267
1147,256,252,252,252,256,253.000
1148,252,252,252,252,256,253.400
1149,252,256,252,252,256,253.533
1150,256,256,256,252,256,254.533
1151,256,256,256,252,256,254.533
1152,252,252,256,252,256,254.133
1153,256,252,252,252,256,254.067
1154,252,252,252,252,256,254.133
1155,256,252,256,252,256,255.400
1156,252,256,256,252,256,255.400
1157,252,256,252,252,256,255.400
1158,256,256,256,252,256,255.333
1159,256,256,256,256,260,256.400
1160,260,256,256,256,260,256.067
1161,256,256,256,256,260,256.200
1162,256,256,256,256,260,256.333
1163,256,256,256,256,260,256.200
1164,256,256,260,256,260,257.400
1165,256,256,260,256,260,257.267
1166,256,256,256,256,260,257.067
1167,256,256,260,256,260,257.400
1168,260,260,256,256,260,257.000
1169,256,260,260,256,260,258.333
1170,256,260,260,256,260,258.467
1171,256,260,260,256,260,258.667
1172,256,260,260,256,260,257.667
1173,260,260,260,256,260,259.267
1174,260,260,260,256,260,259.533
1175,260,260,260,256,260,259.533
1176,260,260,256,256,260,259.200
1177,260,260,260,256,260,259.333
1178,260,260,260,260,264,260.400
1179,260,260,260,260,264,260.533
1180,260,260,260,260,264,260.400
1181,264,260,260,260,264,260.400
1182,260,264,260,260,264,261.867
1183,264,264,260,260,264,261.133
1184,264,260,260,260,264,261.267
1185,260,260,260,260,264,260.800
1186,264,260,264,260,264,260.933
1187,264,264,260,260,264,262.333
1188,264,260,264,260,264,262.067
1189,264,264,264,260,264,262.533
1190,264,264,264,260,264,262.267
1191,264,264,264,260,264,263.200
1192,264,264,264,260,264,263.333
1193,264,264,260,260,264,263.067
1194,260,264,264,260,264,263.400
1195,264,264,264,260,264,263.267
1196,264,264,264,264,268,264.133
1197,264,264,264,264,268,264.400
1198,264,264,264,264,268,264.200
1199,264,264,264,264,268,264.400
1200,268,264,268,264,268,265.400
1201,264,268,264,264,268,264.933
1202,268,264,268,264,268,264.933
1203,264,268,264,264,268,265.133
1204,268,264,268,264,268,264.933
1205,264,268,268,264,268,266.400
1206,264,264,268,264,268,266.067
1207,268,264,268,264,268,266.333
1208,268,264,264,264,268,265.933
1209,264,264,264,264,268,265.933
1210,268,268,268,264,268,267.333
1211,268,268,268,264,268,267.200
1212,268,268,268,264,268,267.467
1213,268,268,268,264,268,267.067
1214,268,268,268,268,272,268.133
1215,268,268,272,268,272,268.133
1216,268,268,268,268,272,268.200
1217,268,268,268,268,272,268.133
1218,272,272,272,268,272,269.000
1219,268,268,272,268,272,269.000
1220,272,268,268,268,272,269.000
1221,272,268,268,268,272,269.133
1222,272,268,268,268,272,269.333
1223,268,272,268,268,272,270.133
1224,272,272,272,268,272,270.067
1225,268,268,272,268,272,270.000
1226,268,268,268,268,272,270.267
1227,268,272,268,268,272,270.200
1228,272,272,272,268,272,271.333
1229,272,272,272,268,272,270.867
1230,272,272,272,268,272,271.333
1231,272,272,272,268,272,271.333
1232,272,272,272,272,276,272.400
1233,272,272,276,272,276,272.133
1234,276,272,272,272,276,272.267
1235,272,276,272,272,276,272.200
1236,272,276,272,272,276,272.333
1237,272,272,272,272,276,273.200
1238,272,272,272,272,276,273.133
1239,272,276,272,272,276,273.067
1240,276,272,276,272,276,273.333
1241,276,272,276,272,276,274.333
1242,276,276,272,272,276,274.600
1243,272,272,276,272,276,274.200
1244,276,272,272,272,276,273.933
1245,276,276,276,272,276,274.467
1246,276,276,276,272,276,275.333
1247,276,276,276,272,276,275.333
1248,272,276,276,272,276,275.333
1249,276,276,276,272,276,275.400
1250,276,276,276,276,280,276.067
1251,276,276,276,276,280,276.133
1252,276,276,280,276,280,276.267
1253,276,276,276,276,280,276.333
1254,276,276,276,276,280,276.133
1255,276,276,280,276,280,277.333
1256,280,280,276,276,280,277.267
1257,276,276,280,276,280,277.200
1258,276,276,276,276,280,277.000
1259,280,276,276,276,280,277.933
1260,276,276,276,276,280,278.267
1261,276,280,276,276,280,278.467
1262,280,280,280,276,280,278.667
1263,280,280,280,276,280,278.200
1264,280,280,280,276,280,279.267
1265,280,276,280,276,280,279.133
1266,280,280,276,276,280,279.133
1267,276,280,280,276,280,279.267
1268,280,280,284,280,284,280.200
1269,280,280,280,280,284,280.467
1270,280,280,280,280,284,280.267
1271,284,280,280,280,284,280.267
1272,280,280,280,280,284,280.333
1273,284,280,280,280,284,280.800
1274,280,280,280,280,284,281.267
1275,280,280,280,280,284,280.867
1276,280,280,280,280,284,281.133
1277,280,280,284,280,284,281.867
1278,284,280,280,280,284,281.933
1279,284,284,280,280,284,282.267
1280,284,284,284,280,284,282.533
1281,284,284,284,280,284,282.267
1282,280,284,284,280,284,282.800
1283,284,284,284,280,284,283.333
1284,284,284,284,280,284,283.467
1285,284,284,284,280,284,283.267
1286,284,284,284,284,288,284.267
1287,284,284,284,284,288,284.067
1288,284,284,284,284,288,284.200
1289,284,284,284,284,288,284.067
1290,284,284,284,284,288,284.067
1291,284,288,284,284,288,285.200
1292,284,284,288,284,288,285.333
1293,284,284,284,284,288,285.000
1294,284,284,284,284,288,285.267
1295,284,284,284,284,288,285.333
1296,288,284,284,284,288,285.867
1297,288,288,284,284,288,286.333
1298,288,288,288,284,288,286.267
1299,284,288,288,284,288,286.000
1300,284,288,288,284,288,287.467
1301,288,284,288,284,288,287.467
1302,284,288,284,284,288,287.533
1303,288,284,284,284,288,287.000
1304,284,288,288,284,288,287.600
1305,288,288,288,288,292,288.133
1306,288,288,288,288,292,288.133
1307,288,288,288,288,292,288.200
1308,288,288,288,288,292,288.267
1309,288,288,288,288,292,289.400
1310,288,288,288,288,292,289.000
1311,288,288,288,288,292,289.133
1312,288,292,288,288,292,289.133
1313,288,288,288,288,292,289.267
1314,292,288,292,288,292,290.467
1315,292,288,288,288,292,290.467
1316,292,292,288,288,292,290.000
1317,292,292,288,288,292,290.000
1318,288,292,292,288,292,291.333
1319,292,292,292,288,292,291.067
1320,288,292,292,288,292,291.533
1321,292,292,292,288,292,291.667
1322,292,292,292,288,292,291.400
1323,292,292,292,292,296,292.267
1324,292,292,292,292,296,292.267
1325,292,292,296,292,296,292.333
1326,292,292,292,292,296,292.200
1327,292,292,296,292,296,293.667
1328,292,292,296,292,296,293.400
1329,292,292,292,292,296,293.667
1330,292,296,292,292,296,293.467
1331,292,296,292,292,296,293.400
1332,296,296,296,292,296,294.333
1333,292,296,296,292,296,294.400
1334,296,292,296,292,296,293.867
1335,296,296,292,292,296,294.267
1336,296,296,296,292,296,295.667
1337,296,296,296,292,296,295.200
1338,296,296,296,292,296,295.600
1339,296,296,296,292,296,295.333
1340,296,296,296,292,296,295.333
1341,300,296,296,296,300,296.200
1342,296,300,296,296,300,296.333
1343,300,296,296,296,300,296.467
1344,296,296,296,296,300,296.400
1345,296,296,296,296,300,297.200
1346,296,300,296,296,300,297.267
1347,296,300,296,296,300,297.467
1348,296,296,296,296,300,297.467
1349,300,296,300,296,300,297.200
1350,300,300,296,296,300,297.800
1351,296,296,300,296,300,298.600
1352,300,296,296,296,300,298.200
1353,300,300,296,296,300,297.867
1354,296,300,300,296,300,299.200
1355,296,300,300,296,300,299.200
1356,300,300,300,296,300,299.333
1357,300,300,300,296,300,299.200
1358,300,300,300,296,300,299.733
1359,300,300,300,300,304,300.533
1360,300,300,300,300,304,300.133
1361,300,300,300,300,304,300.400
1362,300,300,300,300,304,300.067
1363,300,300,300,300,304,300.333
1364,300,300,300,300,304,301.267
1365,304,304,300,300,304,301.933
1366,300,300,300,300,304,301.333
1367,300,300,300,300,304,301.200
1368,300,304,300,300,304,302.533
1369,304,300,304,300,304,302.200
1370,304,304,300,300,304,302.400
1371,300,304,304,300,304,302.200
1372,304,304,304,300,304,303.333
1373,304,304,300,300,304,303.400
1374,300,304,304,300,304,303.267
1375,304,304,304,300,304,303.067
1376,304,304,304,300,304,303.267
1377,304,304,304,304,308,304.467
1378,304,304,304,304,308,304.067
1379,304,304,304,304,304,304.000
1380,304,304,304,304,308,304.200
1381,304,304,304,304,308,304.067
1382,304,304,304,304,308,305.133
1383,304,308,304,304,308,305.400
1384,304,304,308,304,308,305.533
1385,304,304,304,304,308,305.067
1386,304,308,308,304,308,306.200
1387,308,304,308,304,308,306.133
1388,308,304,304,304,308,305.800
1389,304,304,304,304,308,305.933
1390,308,304,304,304,308,306.533
1391,304,308,304,304,308,307.333
1392,304,308,308,304,308,307.333
1393,308,308,308,304,308,307.133
1394,308,308,304,304,308,307.467
1395,308,308,308,308,312,308.400
1396,308,308,308,308,312,308.133
1397,308,308,308,308,312,308.667
1398,308,308,308,308,312,308.200
1399,308,308,312,308,312,308.467
1400,308,308,312,308,312,309.267
1401,312,308,312,308,312,309.200
1402,312,312,308,308,312,309.400
1403,308,312,308,308,312,309.133
1404,312,312,312,308,312,310.400
1405,312,312,308,308,312,310.533
1406,308,312,312,308,312,310.133
1407,308,308,312,308,312,310.267
1408,312,308,308,308,312,310.600
1409,312,312,308,308,312,311.467
1410,312,312,312,308,312,311.467
1411,312,312,312,308,312,311.133
1412,312,312,312,308,312,311.200
1413,312,312,312,312,316,312.333
1414,312,312,316,312,312,312.000
1415,312,312,312,312,316,312.267
1416,312,312,312,312,316,312.333
1417,312,312,312,312,316,312.333
1418,312,316,312,312,316,313.000
1419,316,316,316,312,316,313.267
1420,312,312,312,312,316,313.400
1421,312,312,312,312,316,313.000
1422,316,312,316,312,316,314.667
1423,316,316,312,312,316,314.533
1424,312,312,316,312,316,313.933
1425,312,312,312,312,316,314.133
1426,316,316,312,312,316,314.600
1427,316,316,316,312,316,315.200
1428,316,312,316,312,316,315.467
1429,316,312,316,312,316,315.267
1430,316,316,316,312,316,315.133
1431,316,316,316,316,320,316.533
1432,316,316,316,316,320,316.133
1433,316,316,320,316,320,316.267
1434,316,316,320,316,320,316.267
1435,316,316,316,316,320,316.200
1436,320,316,316,316,320,317.467
1437,316,320,320,316,320,317.000
1438,316,320,316,316,320,316.933
1439,316,320,320,316,320,317.600
1440,320,316,320,316,320,318.200
1441,316,320,316,316,320,318.133
1442,320,316,320,316,320,318.267
1443,320,316,316,316,320,318.000
1444,316,320,316,316,320,318.400
1445,320,320,320,316,320,319.600
1446,320,320,320,316,320,319.067
1447,320,316,320,316,320,319.400
1448,320,320,316,316,320,319.000
1449,320,320,320,316,320,319.467
1450,320,320,320,320,324,320.400
1451,320,320,320,320,324,320.200
1452,320,320,320,320,324,320.133
1453,320,320,320,320,324,320.133
1454,320,324,320,320,324,321.467
1455,324,320,320,320,324,321.267
1456,324,320,320,320,324,321.533
1457,320,324,320,320,324,321.533
1458,320,324,324,320,324,321.667
1459,320,324,324,320,324,322.067
1460,320,320,324,320,324,322.267
1461,320,320,320,320,324,322.333
1462,320,324,320,320,324,322.533
1463,324,324,324,320,324,323.200
1464,324,324,324,320,324,323.267
1465,320,324,324,320,324,323.467
1466,324,324,324,320,324,323.200
1467,324,320,324,320,324,323.000
1468,324,324,324,324,328,324.267
1469,324,324,324,324,328,324.600
1470,324,324,324,324,328,324.400
1471,324,324,324,324,328,324.200
1472,324,324,324,324,328,324.933
1473,324,324,324,324,328,324.933
1474,328,324,328,324,328,324.933
1475,324,324,324,324,328,324.933
1476,328,324,324,324,328,325.733
1477,324,324,324,324,328,325.867
1478,324,324,324,324,328,325.933
1479,328,328,324,324,328,326.133
1480,328,328,328,324,328,325.733
1481,328,328,324,324,328,327.200
1482,328,328,328,324,328,327.333
1483,328,324,328,324,328,327.667
1484,324,328,324,324,328,327.400
1485,324,328,328,324,328,327.067
1486,328,328,328,328,332,328.467
1487,328,328,328,328,332,328.333
1488,328,328,328,328,332,328.467
1489,328,328,328,328,332,328.400
1490,328,328,332,328,332,329.400
1491,328,332,328,328,332,329.467
1492,328,328,332,328,332,328.733
1493,328,328,328,328,332,329.200
1494,328,328,328,328,332,329.000
1495,332,332,328,328,332,330.533
1496,332,332,332,328,332,330.000
1497,332,332,332,328,332,330.467
1498,328,328,332,328,332,330.267
1499,332,332,328,328,332,331.400
1500,328,332,332,328,332,331.133
1501,332,328,332,328,332,331.267
1502,332,332,328,328,332,331.467
1503,332,332,332,328,332,330.933
1504,332,332,332,332,336,332.067
1505,332,332,332,332,336,332.400
1506,336,332,332,332,336,332.333
1507,332,332,336,332,336,332.267
1508,336,332,332,332,336,333.200
1509,332,336,336,332,336,333.067
1510,332,332,336,332,336,333.067
1511,332,336,332,332,336,333.533
1512,336,336,336,332,336,333.400
1513,336,336,336,332,336,334.600
1514,336,336,336,332,336,333.667
1515,332,336,336,332,336,333.933
1516,336,332,336,332,336,333.800
1517,332,332,332,332,336,334.067
1518,336,336,336,332,336,335.533
1519,336,336,336,332,336,335.467
1520,332,336,336,332,336,335.600
1521,336,336,336,332,336,334.933
1522,336,336,336,336,340,336.067
1523,340,336,336,336,340,336.267
1524,336,336,340,336,340,336.133
1525,336,336,336,336,340,336.333
1526,340,336,336,336,340,337.467
1527,336,340,336,336,340,337.267
1528,336,336,340,336,340,337.133
1529,340,336,336,336,340,337.200
1530,340,340,336,336,340,337.400
1531,340,336,340,336,340,338.267
1532,340,340,336,336,340,337.933
1533,340,340,336,336,340,338.333
1534,336,336,340,336,340,338.067
1535,336,340,336,336,340,338.000
1536,340,340,340,336,340,339.400
1537,340,340,340,336,340,339.600
1538,340,336,340,336,340,339.467
1539,336,340,340,336,340,338.733
1540,340,340,340,340,344,340.267
1541,340,340,340,340,344,340.200
1542,340,340,340,340,344,340.333
1543,340,344,344,340,344,340.333
1544,340,340,340,340,344,340.267
1545,340,340,340,340,344,341.133
1546,340,340,340,340,344,340.933
1547,344,340,344,340,344,341.000
1548,340,344,340,340,344,341.133
1549,340,344,344,340,344,342.200
1550,344,344,344,340,344,342.467
1551,340,344,344,340,344,342.600
1552,344,344,344,340,344,341.933
1553,344,344,344,340,344,342.067
1554,344,344,344,340,344,343.200
1555,344,344,344,340,344,343.200
1556,344,344,344,340,344,343.200
1557,344,344,344,340,344,343.400
1558,344,344,344,344,348,344.200
1559,348,344,344,344,348,344.200
1560,344,344,344,344,348,344.200
1561,344,348,344,344,348,344.600
1562,344,344,344,344,348,344.133
1563,348,344,348,344,348,345.400
1564,344,344,344,344,348,345.733
1565,348,344,344,344,348,345.600
1566,344,348,348,344,348,345.133
1567,348,348,348,344,348,346.600
1568,348,344,348,344,348,346.600
1569,348,348,348,344,348,346.733
1570,348,344,344,344,348,345.867
1571,348,348,344,344,348,346.667
1572,348,348,348,344,348,347.733
1573,344,348,348,344,348,346.867
1574,348,348,348,344,348,347.533
1575,348,344,348,344,348,347.467
1576,348,348,348,348,352,348.267
1577,348,348,352,348,352,348.200
1578,348,348,348,348,352,348.267
1579,348,348,348,348,352,348.400
1580,348,348,348,348,352,348.267
1581,348,352,348,348,352,349.400
1582,352,348,352,348,352,349.333
1583,348,352,352,348,352,349.133
1584,348,352,348,348,352,349.333
1585,348,352,352,348,352,350.267
1586,348,352,352,348,352,350.800
1587,352,348,352,348,352,350.667
1588,352,348,352,348,352,350.400
1589,352,352,348,348,352,350.600
1590,348,352,352,348,352,351.200
1591,352,352,352,348,352,351.333
1592,352,352,352,348,352,351.267
1593,352,352,352,348,352,351.600
1594,352,352,352,352,356,352.267
1595,352,352,352,352,356,352.067
1596,356,352,352,352,356,352.200
1597,352,352,352,352,356,352.267
1598,352,352,352,352,356,352.067
1599,356,356,356,352,356,353.467
1600,356,352,356,352,356,353.267
1601,356,356,352,352,356,352.867
1602,356,356,356,352,356,353.533
1603,356,352,352,352,356,353.000
1604,352,356,352,352,356,354.533
1605,352,356,356,352,356,354.200
1606,356,352,356,352,356,354.200
1607,356,356,356,352,356,354.200
1608,356,356,356,352,356,354.867
1609,356,356,356,352,356,355.333
1610,356,356,356,352,356,355.133
1611,356,356,356,352,356,355.467
1612,356,356,356,352,356,355.267
1613,356,356,356,356,360,356.267
1614,356,356,360,356,360,356.267
1615,360,356,356,356,360,356.400
1616,356,356,356,356,360,356.267
1617,356,360,356,356,360,357.600
1618,360,356,360,356,360,357.200
1619,356,360,356,356,360,357.200
1620,356,356,360,356,360,357.267
1621,360,356,356,356,360,357.000
1622,360,360,356,356,360,358.800
1623,360,360,360,356,360,358.467
1624,360,356,360,356,360,358.133
1625,360,360,356,356,360,358.400
1626,356,360,360,356,360,359.533
1627,360,360,360,356,360,359.400
1628,360,360,360,356,360,359.000
1629,360,360,360,356,360,359.200
1630,360,360,360,356,360,359.200
1631,360,360,360,360,364,360.267
1632,360,360,360,360,364,360.200
1633,360,360,364,360,364,360.333
1634,360,360,360,360,364,360.333
1635,360,364,360,360,364,361.000
1636,364,360,364,360,364,360.933
1637,360,360,360,360,364,360.867
1638,360,360,360,360,364,361.267
1639,360,364,360,360,364,361.067
1640,364,364,364,360,364,362.133
1641,360,364,364,360,364,361.733
1642,364,364,364,360,364,362.333
1643,360,364,364,360,364,362.200
1644,364,360,364,360,364,363.000
1645,364,360,364,360,364,363.267
1646,364,364,364,360,364,363.133
1647,364,364,364,360,364,363.400
1648,360,364,360,360,364,363.000
1649,368,364,364,364,368,364.133
1650,364,368,364,364,368,364.467
1651,364,364,364,364,368,364.200
1652,368,364,364,364,368,364.067
1653,368,364,368,364,368,365.467
1654,364,364,364,364,368,365.400
1655,364,364,364,364,368,365.467
1656,368,364,368,364,368,365.133
1657,364,364,364,364,368,365.400
1658,368,368,364,364,368,366.333
1659,368,368,368,364,368,366.333
1660,368,368,368,364,368,366.200
1661,364,368,368,364,368,366.000
1662,368,368,368,364,368,367.333
1663,368,368,368,364,368,367.067
1664,364,368,368,364,368,367.200
1665,368,368,364,364,368,367.200
1666,368,368,364,364,368,367.267
1667,368,368,368,368,372,368.333
1668,368,372,368,368,372,368.133
1669,372,368,368,368,372,368.267
1670,368,368,368,368,372,368.333
1671,368,368,372,368,372,368.200
1672,372,368,368,368,372,369.133
1673,368,372,368,368,372,369.267
1674,368,368,372,368,372,369.133
1675,368,372,368,368,372,369.333
1676,372,372,372,368,372,370.267
1677,372,368,372,368,372,370.133
1678,372,372,372,368,372,370.533
1679,372,372,372,368,372,370.467
1680,372,372,372,368,372,371.000
1681,372,368,368,368,372,371.200
1682,372,372,368,368,372,371.000
1683,372,372,372,368,372,371.133
1684,372,368,372,368,372,371.267
1685,372,372,372,372,376,372.133
1686,376,372,372,372,376,372.200
1687,372,372,372,372,376,372.333
1688,372,372,372,372,376,372.133
1689,372,372,372,372,376,372.467
1690,372,376,376,372,376,373.467
1691,372,372,372,372,376,373.200
1692,372,372,372,372,376,372.867
1693,376,376,372,372,376,373.533
1694,372,372,376,372,376,373.933
1695,376,372,372,372,376,374.267
1696,372,372,372,372,376,374.067
1697,372,376,372,372,376,374.067
1698,372,376,376,372,376,374.200
1699,376,376,376,372,376,374.933
1700,376,376,376,372,376,374.800
1701,372,376,376,372,376,374.933
1702,376,376,376,372,376,375.200
1703,376,376,376,376,380,376.333
1704,376,376,376,376,380,376.267
1705,376,376,376,376,380,376.333
1706,376,376,380,376,380,376.467
1707,376,376,376,376,380,376.333
1708,376,380,376,376,380,377.067
1709,380,380,380,376,380,377.400
1710,376,380,376,376,380,377.400
1711,376,376,380,376,380,376.933
1712,380,380,376,376,380,378.400
1713,376,380,380,376,380,378.467
1714,380,380,380,376,380,377.933
1715,380,380,380,376,380,378.000
1716,380,380,380,376,380,378.733
1717,376,380,380,376,380,378.933
1718,380,380,380,376,380,379.133
1719,380,380,380,376,380,379.733
1720,380,380,380,376,380,379.267
1721,380,384,380,380,384,380.200
1722,384,380,380,380,384,380.333
1723,380,380,380,380,384,380.333
1724,380,384,380,380,384,380.600
1725,384,380,384,380,384,380.267
1726,384,380,384,380,384,381.333
1727,384,380,384,380,384,381.200
1728,380,384,384,380,384,381.000
1729,384,384,384,380,384,381.133
1730,384,380,384,380,384,382.333
1731,384,384,384,380,384,382.133
1732,384,380,384,380,384,382.133
1733,384,384,380,380,384,382.133
1734,384,384,384,380,384,382.067
1735,384,384,384,380,384,383.467
1736,384,384,384,380,384,383.267
1737,384,380,384,380,384,383.333
1738,384,384,384,380,384,383.000
1739,384,384,384,384,388,384.267
1740,384,384,384,384,388,384.400
1741,384,384,384,384,388,384.400
1742,384,384,384,384,388,384.333
1743,388,384,384,384,388,384.267
1744,388,384,384,384,388,385.200
1745,388,384,384,384,388,385.400
1746,388,388,384,384,388,385.267
1747,384,384,384,384,388,385.467
1748,388,384,384,384,388,386.600
1749,384,384,388,384,388,386.333
1750,388,384,384,384,388,386.333
1751,388,388,384,384,388,386.200
1752,388,384,388,384,388,386.133
1753,388,388,388,384,388,387.200
1754,384,384,388,384,388,387.133
1755,388,384,388,384,388,387.267
1756,388,388,388,384,388,387.600
1757,388,388,388,384,388,387.267
1758,388,388,388,388,392,388.133
1759,388,388,388,388,392,388.133
1760,388,388,388,388,392,388.200
1761,388,388,388,388,392,388.600
1762,388,388,388,388,392,389.400
1763,388,388,388,388,392,389.400
1764,388,392,388,388,392,388.933
1765,388,388,388,388,392,388.933
1766,388,388,388,388,392,388.733
1767,388,392,388,388,392,390.267
1768,392,392,392,388,392,390.733
1769,388,392,392,388,392,390.333
1770,388,388,392,388,392,390.200
1771,388,392,388,388,392,390.667
1772,388,392,392,388,392,391.133
1773,392,392,392,388,392,391.000
1774,392,392,392,388,392,391.133
1775,392,392,388,388,392,391.333
1776,392,392,392,392,396,392.133
1777,392,392,392,392,396,392.133
1778,392,392,392,392,396,392.267
1779,392,392,392,392,396,392.200
1780,392,396,392,392,396,393.600
1781,392,392,392,392,396,393.267
1782,392,392,392,392,396,393.200
1783,392,392,392,392,396,393.467
1784,392,392,396,392,396,393.467
1785,396,396,396,392,396,394.267
1786,396,392,396,392,396,393.933
1787,392,396,392,392,396,394.467
1788,392,392,396,392,396,394.200
1789,396,396,396,392,396,395.467
1790,396,396,396,392,396,395.667
1791,396,396,396,392,396,395.533
1792,392,396,396,392,396,395.467
1793,396,396,396,392,396,394.933
1794,396,396,396,396,400,396.467
1795,396,396,396,396,400,396.400
1796,396,396,396,396,400,396.267
1797,396,396,396,396,400,396.467
1798,396,396,396,396,400,397.267
1799,396,400,396,396,400,397.533
1800,400,400,400,396,400,397.467
1801,396,400,400,396,400,397.200
1802,400,396,396,396,400,397.200
1803,400,400,396,396,400,398.733
1804,396,400,400,396,400,398.533
1805,396,396,400,396,400,398.267
1806,400,396,396,396,400,398.000
1807,400,400,396,396,400,399.533
1808,396,400,400,396,400,399.333
1809,400,400,400,396,400,399.333
1810,400,400,400,396,400,399.467
1811,400,400,400,396,400,398.933
1812,400,400,400,400,404,400.267
1813,400,400,404,400,404,400.267
1814,404,400,400,400,404,400.333
1815,400,400,400,400,404,400.200
1816,404,400,400,400,404,401.467
1817,400,400,400,400,404,401.133
1818,400,400,404,400,404,401.333
1819,400,404,400,400,404,401.333
1820,404,404,404,400,404,401.200
1821,404,404,404,400,404,402.133
1822,404,404,404,400,404,402.400
1823,404,400,404,400,404,402.067
1824,400,404,400,400,404,402.600
1825,400,400,404,400,404,402.533
1826,404,404,400,400,404,403.667
1827,404,404,404,400,404,403.267
1828,404,404,404,400,404,403.200
1829,404,404,404,400,404,403.333
1830,408,404,404,404,408,404.133
1831,408,404,404,404,408,404.333
1832,404,404,404,404,408,404.467
1833,404,404,404,404,408,404.600
1834,408,408,404,404,408,405.067
1835,404,408,408,404,408,405.533
1836,408,404,404,404,408,405.200
1837,408,404,404,404,408,405.400
1838,408,404,404,404,408,404.933
1839,408,408,404,404,408,406.267
1840,408,404,404,404,408,406.667
1841,408,408,404,404,408,406.200
1842,404,404,408,404,408,405.933
1843,404,404,404,404,408,406.267
1844,408,404,404,404,408,407.267
1845,408,408,408,404,408,407.333
1846,404,404,408,404,408,407.200
1847,408,408,408,404,408,407.600
1848,408,408,412,408,412,408.267
1849,408,408,408,408,412,408.267
1850,408,408,412,408,412,408.267
1851,408,408,408,408,412,408.400
1852,408,408,408,408,412,408.200
1853,408,408,408,408,412,409.533
1854,408,408,408,408,412,409.067
1855,408,408,408,408,412,409.333
1856,408,408,408,408,412,409.333
1857,408,408,408,408,412,410.067
1858,412,412,408,408,412,410.467
1859,408,408,412,408,412,409.933
1860,412,408,408,408,412,410.133
1861,408,408,408,408,412,409.867
1862,412,408,412,408,412,411.133
1863,412,412,412,408,412,411.400
1864,412,408,412,408,412,410.933
1865,412,412,412,408,412,411.133
1866,412,412,412,412,416,412.200
1867,412,412,412,412,416,412.333
1868,416,412,412,412,416,412.400
1869,412,412,416,412,416,412.600
1870,412,412,412,412,416,412.200
1871,412,412,412,412,416,413.000
1872,412,416,412,412,416,413.333
1873,412,412,416,412,416,413.200
1874,412,416,412,412,416,413.600
1875,416,416,416,412,416,414.467
1876,412,412,416,412,416,414.733
1877,412,412,412,412,416,414.800
1878,412,412,412,412,416,414.067
1879,412,412,412,412,416,414.067
1880,416,416,412,412,416,415.467
1881,412,416,416,412,416,415.600
1882,416,416,416,412,416,415.333
1883,416,416,412,412,416,415.533
1884,420,416,416,416,420,416.467
1885,416,416,416,416,420,416.400
1886,416,416,416,416,420,416.333
1887,416,416,416,416,420,416.600
1888,416,416,416,416,420,416.333
1889,416,416,420,416,420,417.000
1890,416,416,416,416,420,417.133
1891,420,420,416,416,420,417.333
1892,420,420,416,416,420,417.467
1893,416,416,420,416,420,417.333
1894,420,416,416,416,420,418.267
1895,416,416,416,416,420,418.067
1896,416,420,416,416,420,417.733
1897,416,416,420,416,420,418.067
1898,420,420,416,416,420,419.333
1899,416,420,420,416,420,419.600
1900,420,416,420,416,420,419.333
1901,420,416,420,416,420,419.200
1902,420,420,420,420,424,420.200
1903,420,420,420,420,424,420.067
1904,420,420,420,420,424,420.267
1905,420,420,420,420,424,420.200
1906,420,420,420,420,424,420.333
1907,420,420,420,420,424,421.333
1908,424,420,420,420,424,421.067
1909,420,424,424,420,424,421.000
1910,420,424,420,420,424,421.333
1911,420,420,420,420,424,421.533
1912,420,424,424,420,424,422.200
1913,424,424,424,420,424,422.467
1914,420,420,424,420,424,422.067
1915,424,424,420,420,424,422.200
1916,420,424,424,420,424,423.067
1917,424,424,424,420,424,423.200
1918,424,420,420,420,424,423.267
1919,424,424,424,420,424,423.533
1920,424,424,424,420,424,423.333
1921,424,424,424,424,428,424.133
1922,424,424,424,424,428,424.533
1923,424,424,424,424,428,424.267
1924,424,424,424,424,428,424.333
1925,428,424,424,424,428,425.400
1926,428,424,428,424,428,425.267
1927,428,428,424,424,428,425.400
1928,424,428,428,424,428,425.200
1929,428,424,428,424,428,425.467
1930,428,428,424,424,428,425.933
1931,424,428,428,424,428,426.200
1932,428,428,424,424,428,426.333
1933,428,428,428,424,428,426.133
1934,428,428,428,424,428,427.200
1935,428,428,424,424,428,427.467
1936,424,428,428,424,428,427.467
1937,428,428,428,424,428,426.867
1938,428,424,428,424,428,427.200
1939,428,428,428,428,432,428.133
1940,428,428,432,428,432,428.467
1941,428,428,428,428,432,428.333
1942,432,428,428,428,432,428.267
1943,428,432,432,428,432,429.667
1944,432,428,432,428,432,428.867
1945,432,428,428,428,432,429.333
1946,428,432,432,428,432,429.533
1947,432,428,428,428,432,429.533
1948,428,428,428,428,432,430.600
1949,432,428,428,428,432,430.333
1950,432,432,428,428,432,431.000
1951,428,432,428,428,432,430.133
1952,432,432,432,428,432,431.267
1953,432,432,432,428,432,431.467
1954,432,432,428,428,432,431.533
1955,432,428,432,428,432,431.200
1956,432,428,432,428,432,431.333
1957,432,432,432,432,436,432.533
1958,432,432,432,432,436,432.467
1959,432,432,432,432,436,432.400
1960,432,432,432,432,436,432.533
1961,432,436,436,432,436,433.333
1962,432,432,436,432,436,433.400
1963,432,436,436,432,436,433.467
1964,432,432,436,432,436,433.600
1965,432,432,432,432,436,433.667
1966,432,436,432,432,436,434.933
1967,432,436,436,432,436,434.467
1968,436,432,436,432,436,434.400
1969,432,436,432,432,436,434.067
1970,436,436,436,432,436,435.600
1971,436,432,436,432,436,435.267
1972,436,436,432,432,436,435.200
1973,436,436,436,432,436,435.400
1974,432,436,436,432,436,435.533
1975,436,436,436,436,440,436.467
1976,436,436,436,436,440,436.133
1977,436,436,436,436,440,436.400
1978,436,436,436,436,440,436.333
1979,440,436,436,436,440,436.200
1980,440,436,436,436,440,437.200
1981,436,440,436,436,440,437.467
1982,436,440,440,436,440,437.267
1983,440,436,436,436,440,437.333
1984,440,440,436,436,440,438.533
1985,436,440,440,436,440,438.133
1986,440,440,440,436,440,438.933
1987,436,440,440,436,440,438.333
1988,436,436,440,436,440,438.200
1989,440,440,440,436,440,438.600
1990,440,436,440,436,440,439.333
1991,440,440,440,436,440,439.467
1992,440,440,436,436,440,439.133
1993,440,440,440,440,444,440.333
1994,444,440,440,440,444,440.067
1995,440,440,440,440,444,440.133
1996,440,440,440,440,444,440.133
1997,440,440,440,440,444,440.400
1998,444,440,440,440,444,441.000
1999,440,440,440,440,444,441.333
2000,440,440,440,440,444,441.200
2001,440,440,444,440,444,441.267
2002,444,444,440,440,444,442.467
2003,444,444,444,440,444,442.000
2004,444,440,444,440,444,441.800
2005,440,444,440,440,444,442.267
2006,440,440,444,440,444,442.533
2007,444,444,444,440,444,443.267
2008,444,444,444,440,444,443.267
2009,444,444,444,440,444,442.933
2010,444,444,444,440,444,443.133
2011,444,444,444,444,448,444.067
2012,444,444,444,444,448,444.133
2013,444,444,448,444,448,444.200
2014,444,444,448,444,448,444.133
2015,444,444,444,444,448,444.267
2016,444,444,448,444,448,444.667
2017,444,444,444,444,448,444.800
2018,444,448,444,444,448,445.133
2019,448,448,448,444,448,445.400
2020,448,448,448,444,448,445.800
2021,448,448,448,444,448,446.133
2022,448,448,448,444,448,446.333
2023,444,444,448,444,448,445.933
2024,444,448,444,444,448,446.267
2025,448,448,448,444,448,447.600
2026,448,448,448,444,448,447.133
2027,448,448,448,444,448,447.133
2028,448,448,448,444,448,447.467
2029,452,448,448,448,452,448.733
2030,448,448,448,448,452,448.200
2031,448,452,452,448,452,448.200
2032,448,448,448,448,452,448.267
2033,448,448,448,448,452,448.400
2034,448,452,448,448,452,449.200
2035,448,452,452,448,452,449.200
2036,448,452,452,448,452,449.800
2037,452,448,452,448,452,448.800
2038,452,452,452,448,452,450.467
2039,452,452,448,448,452,450.000
2040,448,448,452,448,452,450.133
2041,452,452,448,448,452,450.400
2042,448,452,452,448,452,450.533
2043,452,452,452,448,452,451.333
2044,452,448,452,448,452,450.800
2045,452,448,448,448,452,451.267
2046,452,452,452,448,452,451.200
2047,452,452,452,448,452,451.067
2048,452,456,452,452,456,452.200
2049,452,452,452,452,456,452.200
2050,452,452,456,452,456,452.400
2051,452,452,452,452,456,452.267
2052,452,452,452,452,456,453.200
2053,452,452,452,452,456,453.133
2054,452,456,452,452,456,453.200
2055,452,452,456,452,456,453.000
2056,456,452,452,452,456,454.533
2057,452,452,452,452,456,454.333
2058,456,456,452,452,456,453.867
2059,452,456,456,452,456,453.933
2060,452,452,456,452,456,454.067
2061,452,456,452,452,456,455.533
2062,456,456,456,452,456,455.000
2063,456,452,456,452,456,455.200
2064,456,452,456,452,456,455.133
2065,456,456,456,452,456,455.133
2066,456,456,456,456,460,456.067
2067,456,456,456,456,460,456.067
2068,456,456,456,456,460,456.333
2069,456,456,460,456,460,456.400
2070,456,456,456,456,460,456.867
2071,460,460,456,456,460,456.933
2072,456,456,456,456,460,457.200
2073,456,456,456,456,460,457.000
2074,456,456,456,456,460,457.067
2075,460,456,460,456,460,458.267
2076,460,456,456,456,460,458.267
2077,456,460,456,456,460,458.333
2078,456,460,460,456,460,458.200
2079,460,460,460,456,460,459.267
2080,456,456,460,456,460,459.200
2081,460,460,460,456,460,459.000
2082,460,456,460,456,460,459.467
2083,456,460,456,456,460,459.533
2084,460,460,460,460,464,460.200
2085,460,460,460,460,464,460.267
2086,460,460,460,460,464,460.467
2087,460,460,464,460,464,460.067
2088,464,464,460,460,464,461.333
2089,464,460,460,460,464,461.133
2090,460,464,460,460,464,461.467
2091,464,460,460,460,464,461.400
2092,460,460,460,460,464,461.400
2093,460,460,460,460,464,462.200
2094,464,464,460,460,464,462.467
2095,464,460,464,460,464,462.133
2096,464,464,460,460,464,462.733
2097,464,464,464,460,464,463.267
2098,464,460,464,460,464,463.267
2099,460,464,464,460,464,463.333
2100,464,464,464,460,464,463.400
2101,464,464,464,460,464,463.467
2102,464,464,468,464,468,464.467
2103,464,464,464,464,468,464.267
2104,464,464,464,464,468,464.400
2105,464,464,464,464,468,464.467
2106,464,468,468,464,468,465.200
2107,468,464,468,464,468,464.933
2108,464,468,464,464,468,465.867
2109,464,468,468,464,468,465.400
2110,464,464,464,464,468,465.200
2111,468,464,464,464,468,466.067
2112,464,468,468,464,468,466.400
2113,468,468,468,464,468,466.400
2114,468,468,468,464,468,466.467
2115,468,468,468,464,468,467.400
2116,468,468,468,464,468,467.267
2117,468,468,468,464,468,467.200
2118,468,468,468,464,468,467.133
2119,468,468,468,464,468,467.467
2120,468,472,468,468,472,468.600
2121,468,468,468,468,472,468.200
2122,468,468,468,468,472,468.333
2123,468,468,468,468,472,468.133
2124,468,468,472,468,472,469.400
2125,472,468,468,468,472,468.867
2126,468,468,468,468,472,469.667
2127,468,472,468,468,472,469.067
2128,468,468,472,468,472,469.067
2129,472,472,472,468,472,470.333
2130,472,472,472,468,472,470.800
2131,472,468,472,468,472,470.067
2132,468,472,468,468,472,470.000
2133,472,468,472,468,472,470.400
2134,472,472,472,468,472,470.933
2135,472,472,472,468,472,471.533
2136,472,472,472,468,472,471.333
2137,472,472,472,468,472,471.333
2138,472,472,472,472,476,472.267
2139,472,472,472,472,476,472.133
2140,472,472,472,472,476,472.467
2141,472,472,472,472,476,472.067
2142,472,472,472,472,476,472.267
2143,472,472,472,472,476,473.000
2144,472,476,472,472,476,473.133
2145,476,472,476,472,476,473.533
2146,476,472,472,472,476,473.067
2147,476,472,472,472,476,474.267
2148,472,476,472,472,476,474.733
2149,476,476,476,472,476,474.333
2150,472,472,476,472,476,474.133
2151,472,472,476,472,476,474.067
2152,476,476,476,472,476,475.267
2153,476,476,476,472,476,475.533
2154,476,476,476,472,476,475.133
2155,472,476,476,472,476,475.467
2156,476,476,480,476,480,476.267
2157,476,476,476,476,480,476.467
2158,476,476,476,476,480,476.200
2159,476,476,476,476,480,476.267
2160,476,476,476,476,480,476.600
2161,476,480,476,476,480,477.200
2162,476,480,476,476,480,477.600
2163,476,480,480,476,480,477.333
2164,476,476,480,476,480,477.467
2165,480,480,480,476,480,477.533
2166,480,476,480,476,480,478.600
2167,476,476,476,476,480,478.467
2168,480,480,480,476,480,478.467
2169,480,480,480,476,480,478.200
2170,480,480,480,476,480,479.267
2171,480,480,480,476,480,479.400
2172,480,480,480,476,480,478.933
2173,480,480,476,476,480,479.333
2174,480,480,480,480,484,480.200
2175,480,480,480,480,484,480.333
2176,480,480,480,480,484,480.333
2177,480,480,480,480,484,480.333
2178,480,480,480,480,484,480.400
2179,484,480,480,480,484,481.400
2180,484,480,484,480,484,481.267
2181,480,484,480,480,484,481.467
2182,484,480,484,480,484,481.467
2183,480,484,484,480,484,482.333
2184,480,484,484,480,484,482.133
2185,484,480,484,480,484,482.200
2186,484,484,484,480,484,482.533
2187,484,484,484,480,484,481.800
2188,484,484,484,480,484,483.133
2189,484,484,484,480,484,483.133
2190,480,484,484,480,484,483.467
2191,484,484,484,480,484,483.200
2192,484,484,484,484,488,484.067
2193,484,484,484,484,488,484.267
2194,484,484,484,484,488,484.400
2195,484,484,484,484,488,484.267
2196,488,488,484,484,488,484.333
2197,484,488,488,484,488,485.733
2198,488,484,488,484,488,485.133
2199,488,488,484,484,488,485.000
2200,488,488,488,484,488,485.667
2201,488,488,484,484,488,485.400
2202,488,488,488,484,488,486.333
2203,488,488,488,484,488,486.133
2204,488,488,488,484,488,486.067
2205,488,484,488,484,488,486.533
2206,488,488,488,484,488,487.333
2207,488,488,488,484,488,487.533
2208,484,488,488,484,488,487.133
2209,488,488,488,484,488,487.600
2210,488,488,492,488,492,488.400
2211,492,488,488,488,492,488.200
2212,488,488,492,488,492,488.400
2213,488,488,488,488,492,488.333
2214,488,488,488,488,492,488.267
2215,488,492,492,488,492,489.400
2216,492,488,492,488,492,489.733
2217,492,488,488,488,492,489.400
2218,492,488,492,488,492,489.000
2219,492,488,488,488,492,489.400
2220,492,492,492,488,492,490.200
2221,492,492,492,488,492,490.133
2222,488,492,492,488,492,489.867
2223,488,492,492,488,492,490.200
2224,492,492,492,488,492,491.400
2225,492,488,492,488,492,491.267
2226,492,492,488,488,492,491.400
2227,492,492,492,488,492,491.400
2228,492,492,492,488,492,491.333
2229,492,492,492,492,496,492.200
2230,492,492,492,492,496,492.467
2231,492,492,492,492,496,492.267
2232,492,492,492,492,496,492.267
2233,492,492,492,492,496,493.600
2234,496,492,492,492,496,493.000
2235,492,496,492,492,496,493.800
2236,492,492,496,492,496,492.867
2237,496,492,496,492,496,493.533
2238,496,496,496,492,496,494.333
2239,496,492,496,492,496,493.933
2240,496,492,492,492,496,494.000
2241,496,496,492,492,496,494.200
2242,496,496,496,492,496,495.467
2243,496,496,496,492,496,495.200
2244,496,496,496,492,496,495.467
2245,496,496,496,492,496,495.267
2246,496,492,496,492,496,495.267
2247,496,496,496,496,500,496.200
2248,496,496,496,496,500,496.467
2249,496,496,496,496,500,496.200
2250,496,496,496,496,500,496.333
2251,496,500,496,496,500,497.333
2252,496,500,500,496,500,497.067
2253,496,496,496,496,500,497.267
2254,500,496,500,496,500,496.867
2255,500,496,496,496,500,496.733
2256,496,496,496,496,500,497.867
2257,496,496,496,496,500,498.133
2258,500,500,496,496,500,498.800
2259,496,500,500,496,500,498.067
2260,496,500,500,496,500,499.200
2261,500,500,500,496,500,498.933
2262,500,500,500,496,500,499.333
2263,500,500,500,496,500,499.267
2264,496,500,500,496,500,499.467
2265,500,500,500,500,504,500.333
2266,500,500,500,500,504,500.200
2267,500,500,500,500,504,500.333
2268,500,500,500,500,504,500.267
2269,504,500,500,500,504,500.933
2270,504,500,500,500,504,501.400
2271,500,504,500,500,504,501.133
2272,500,500,504,500,504,501.200
2273,500,500,500,500,504,501.333
2274,500,500,500,500,504,502.400
2275,504,504,500,500,504,502.200
2276,504,504,504,500,504,502.200
2277,504,504,504,500,504,502.600
2278,504,504,504,500,504,503.533
2279,504,504,504,500,504,503.133
2280,504,504,504,500,504,503.333
2281,504,504,504,500,504,503.400
2282,500,504,504,500,504,503.000
2283,504,504,504,504,508,504.133
2284,504,504,504,504,508,504.400
2285,504,504,504,504,508,504.533
2286,504,504,504,504,508,504.200
2287,504,504,504,504,508,504.400
2288,508,504,504,504,508,504.733
2289,504,508,504,504,508,504.933
2290,504,504,508,504,508,505.467
2291,504,504,508,504,508,505.600
2292,508,508,508,504,508,506.600
2293,508,504,508,504,508,505.933
2294,508,508,504,504,508,506.800
2295,508,504,508,504,508,506.200
2296,508,508,504,504,508,506.067
2297,504,508,508,504,508,507.333
2298,508,504,508,504,508,507.533
2299,508,508,508,504,508,507.533
2300,508,508,504,504,508,507.467
2301,508,508,508,508,512,508.533
2302,508,508,508,508,512,508.733
2303,508,508,508,508,512,508.467
2304,508,508,508,508,512,508.467
2305,508,508,508,508,512,508.400
2306,512,508,512,508,512,509.067
2307,512,512,508,508,512,509.667
2308,508,512,512,508,512,509.333
2309,508,508,512,508,512,509.400
2310,508,512,512,508,512,510.400
2311,512,508,508,508,512,510.400
2312,508,512,508,508,512,510.800
2313,512,508,512,508,512,510.667
2314,512,512,508,508,512,510.533
2315,512,512,508,508,512,511.800
2316,508,512,508,508,512,511.667
2317,512,508,512,508,512,511.333
2318,512,512,512,508,512,511.667
2319,512,512,512,508,512,511.733
2320,512,512,512,508,512,511.400
2321,512,512,512,508,512,511.533
2322,516,512,512,512,516,512.933
2323,512,512,512,512,516,512.733
2324,512,512,516,512,516,512.800
2325,512,516,512,512,516,512.733
2326,512,512,512,512,516,513.467
2327,512,516,512,512,516,513.000
2328,512,512,516,512,516,513.267
2329,516,512,512,512,516,513.667
2330,512,516,516,512,516,514.267
2331,516,516,512,512,516,514.733
2332,512,516,516,512,516,514.133
2333,512,512,516,512,516,514.933
2334,516,516,516,512,516,515.667
2335,516,512,516,512,516,515.333
2336,516,516,516,512,516,515.667
2337,516,516,516,512,516,515.667
2338,516,516,512,512,516,515.667
2339,516,516,516,512,516,515.267
2340,516,516,516,516,520,516.733
2341,516,520,516,516,520,516.533
2342,520,516,516,516,520,516.267
2343,516,516,516,516,520,516.400
2344,520,520,516,516,520,518.067
2345,516,520,520,516,520,517.800
2346,520,516,520,516,520,517.467
2347,516,520,516,516,520,517.733
2348,520,520,520,516,520,518.467
2349,520,520,520,516,520,518.667
2350,516,516,520,516,520,518.067
2351,520,520,516,516,520,518.933
2352,516,520,520,516,520,519.000
2353,520,520,516,516,520,518.533
2354,520,520,520,516,520,519.533
2355,520,520,520,516,520,519.600
2356,520,520,520,516,520,519.333
2357,520,520,520,516,520,519.533
2358,524,520,520,520,524,520.733
2359,520,520,520,520,524,520.533
2360,520,520,520,520,524,520.600
2361,520,520,520,520,524,520.400
2362,520,524,520,520,524,521.333
2363,520,520,524,520,524,521.467
2364,520,524,520,520,524,521.533
2365,524,524,524,520,524,521.867
2366,524,524,524,520,524,522.600
2367,524,520,524,520,524,522.133
2368,524,524,520,520,524,522.533
2369,520,524,524,520,524,522.933
2370,524,520,524,520,524,522.667
2371,520,524,520,520,524,522.267
2372,524,524,524,520,524,523.800
2373,524,524,524,520,524,523.667
2374,524,524,520,520,524,523.067
2375,524,524,524,520,524,523.467
2376,524,524,524,524,528,524.533
2377,524,524,524,524,528,524.533
2378,524,524,524,524,528,524.267
2379,528,524,524,524,528,524.333
2380,524,528,524,524,528,525.400
2381,528,528,528,524,528,525.333
2382,528,528,528,524,528,525.133
2383,528,528,528,524,528,526.200
2384,528,528,528,524,528,526.733
2385,528,524,528,524,528,526.267
2386,528,524,524,524,528,526.867
2387,524,528,524,524,528,526.667
2388,528,524,528,524,528,526.533
2389,528,528,524,524,528,526.333
2390,528,528,528,524,528,527.800
2391,528,528,524,524,528,527.667
2392,528,528,528,524,528,527.467
2393,528,528,528,524,528,527.667
2394,528,528,532,528,532,528.333
2395,528,528,528,528,532,528.667
2396,528,532,532,528,532,528.533
2397,532,528,532,528,532,528.667
2398,532,532,528,528,532,529.867
2399,532,532,532,528,532,529.667
2400,532,532,532,528,532,529.533
2401,532,532,528,528,532,529.600
2402,528,532,532,528,532,530.667
2403,532,528,528,528,532,530.533
2404,532,528,532,528,532,530.533
2405,528,532,528,528,532,530.867
2406,532,532,528,528,532,530.467
2407,528,532,532,528,532,530.333
2408,532,532,532,528,532,531.333
2409,532,528,532,528,532,531.733
2410,532,532,532,528,532,531.467
2411,532,532,532,528,532,531.667
2412,532,532,532,532,536,532.600
2413,532,536,532,532,536,532.467
2414,532,532,532,532,536,532.467
2415,532,532,536,532,536,532.800
2416,536,536,536,532,536,533.533
2417,532,532,536,532,536,533.533
2418,536,532,532,532,536,533.467
2419,532,532,532,532,536,533.133
2420,532,536,532,532,536,533.400
2421,532,532,536,532,536,534.200
2422,532,536,532,532,536,534.400
2423,536,532,536,532,536,534.333
2424,536,532,536,532,536,534.600
2425,536,532,532,532,536,534.200
2426,536,536,536,532,536,535.667
2427,536,536,536,532,536,535.467
2428,536,536,536,532,536,535.800
2429,536,536,536,532,536,535.733
2430,536,536,536,536,540,536.667
2431,536,536,536,536,540,536.600
2432,540,536,536,536,540,536.600
2433,536,540,536,536,540,536.533
2434,536,536,540,536,540,537.667
2435,536,540,536,536,540,537.800
2436,536,536,540,536,540,537.533
2437,540,540,536,536,540,537.400
2438,536,536,540,536,540,537.800
2439,540,536,536,536,540,537.667
2440,540,540,536,536,540,538.333
2441,536,536,540,536,540,538.400
2442,536,540,540,536,540,538.467
2443,540,536,540,536,540,538.667
2444,540,540,540,536,540,539.600
2445,540,540,540,536,540,539.533
2446,540,540,540,536,540,539.667
2447,540,540,536,536,540,539.667
2448,540,540,540,540,544,540.400
2449,540,540,540,540,544,540.600
2450,544,540,540,540,544,540.467
2451,540,544,540,540,544,540.800
2452,544,540,540,540,544,541.400
2453,540,540,540,540,544,541.267
2454,544,540,540,540,544,541.400
2455,540,544,540,540,544,542.133
2456,540,544,544,540,544,541.667
2457,540,540,544,540,544,541.400
2458,540,544,544,540,544,542.133
2459,544,544,544,540,544,542.333
2460,540,544,544,540,544,542.600
2461,544,544,544,540,544,542.600
2462,544,544,544,540,544,543.600
2463,540,544,544,540,544,543.533
2464,544,540,540,540,544,543.600
2465,544,544,544,540,544,543.733
2466,544,544,544,544,548,544.267
2467,544,544,544,544,548,544.733
2468,548,544,544,544,548,544.400
2469,544,544,544,544,548,544.800
2470,544,544,548,544,548,545.200
2471,544,544,544,544,548,545.667
2472,548,548,544,544,548,545.133
2473,544,548,544,544,548,545.333
2474,544,544,548,544,548,545.467
2475,548,544,544,544,548,545.467
2476,548,548,544,544,548,546.667
2477,548,548,548,544,548,546.533
2478,548,548,548,544,548,546.267
2479,548,548,548,544,548,546.533
2480,548,548,548,544,548,547.533
2481,548,544,548,544,548,547.267
2482,548,544,548,544,548,547.400
2483,548,548,548,544,548,547.667
2484,548,552,548,548,552,548.267
2485,548,548,548,548,552,548.400
2486,552,548,548,548,552,548.333
2487,548,548,548,548,552,548.267
2488,548,548,548,548,552,549.533
2489,552,548,552,548,552,549.667
2490,552,552,548,548,552,549.200
2491,548,552,548,548,552,549.000
2492,548,552,552,548,552,549.600
2493,552,552,552,548,552,550.067
2494,552,552,552,548,552,550.800
2495,552,552,552,548,552,550.333
2496,552,552,552,548,552,550.533
2497,552,552,548,548,552,550.467
2498,552,552,552,548,552,551.200
2499,552,552,552,548,552,551.400
2500,552,552,552,548,552,551.467
2501,552,552,552,548,552,551.533
2502,556,552,552,552,556,552.333
2503,556,552,552,552,556,552.733
2504,552,552,552,552,556,552.400
2505,552,552,552,552,556,552.800
2506,552,556,556,552,556,552.800
2507,556,552,556,552,556,552.667
2508,556,552,556,552,556,553.133
2509,556,556,552,552,556,553.467
2510,552,552,556,552,556,553.600
2511,556,556,552,552,556,553.667
2512,556,556,556,552,556,554.933
2513,552,556,556,552,556,554.067
2514,556,552,556,552,556,554.467
2515,556,556,552,552,556,554.400
2516,556,556,556,552,556,555.667
2517,556,556,556,552,556,555.600
2518,556,556,556,552,556,555.533
2519,556,552,556,552,556,555.467
2520,556,556,556,556,560,556.467
2521,556,556,556,556,560,556.533
2522,556,560,560,556,560,556.533
2523,556,556,560,556,560,556.800
2524,556,556,556,556,560,556.600
2525,556,556,556,556,560,557.133
2526,560,556,556,556,560,557.200
2527,556,556,556,556,560,557.200
2528,560,560,556,556,560,557.933
2529,556,560,556,556,560,557.733
2530,556,560,560,556,560,558.467
2531,560,556,560,556,560,558.533
2532,560,556,556,556,560,558.200
2533,560,556,560,556,560,558.800
2534,560,560,560,556,560,559.400
2535,560,560,560,556,560,559.600
2536,556,560,556,556,560,559.600
2537,560,560,560,556,560,559.933
2538,560,560,560,560,564,560.533
2539,560,560,560,560,564,560.733
2540,560,560,560,560,564,560.533
2541,560,560,560,560,564,560.267
2542,560,560,560,560,564,560.467
2543,560,560,560,560,564,560.400
2544,560,564,560,560,564,561.267
2545,560,560,564,560,564,561.867
2546,560,560,560,560,564,561.267
2547,564,564,560,560,564,562.067
2548,560,564,564,560,564,562.533
2549,560,560,564,560,564,562.467
2550,560,564,560,560,564,562.200
2551,564,560,564,560,564,562.400
2552,564,564,560,560,564,563.600
2553,560,564,564,560,564,563.067
2554,564,564,564,560,564,563.400
2555,564,564,564,560,564,563.800
2556,564,564,564,564,568,564.533
2557,564,564,564,564,568,564.267
2558,564,564,564,564,568,564.467
2559,564,564,564,564,568,564.333
2560,564,564,564,564,568,564.400
2561,564,564,564,564,568,564.467
2562,564,568,564,564,568,565.467
2563,564,564,568,564,568,565.933
2564,568,564,564,564,568,565.600
2565,564,564,564,564,568,565.533
2566,564,564,568,564,568,566.867
2567,568,564,564,564,568,566.600
2568,568,568,564,564,568,566.333
2569,568,568,568,564,568,566.333
2570,568,568,568,564,568,567.667
2571,568,568,568,564,568,567.333
2572,568,568,568,564,568,567.533
2573,568,568,564,564,568,567.600
2574,564,564,568,564,568,567.600
2575,568,564,568,564,568,567.667
2576,568,572,568,568,572,568.533
2577,568,572,568,568,572,568.400
2578,568,568,572,568,572,568.467
2579,572,568,568,568,572,568.800
2580,568,568,568,568,572,570.000
2581,568,568,568,568,572,569.667
2582,568,568,568,568,572,569.200
2583,568,568,568,568,572,569.800
2584,568,568,568,568,572,570.267
2585,568,572,568,568,572,570.400
2586,572,572,572,568,572,570.600
2587,572,568,572,568,572,570.467
2588,572,572,568,568,572,571.533
2589,568,572,572,568,572,571.600
2590,572,568,572,568,572,571.467
2591,572,572,568,568,572,571.467
2592,572,572,572,568,572,571.400
2593,572,572,572,568,572,571.733
2594,572,572,572,572,576,572.733
2595,572,572,572,572,576,572.533
2596,572,572,572,572,576,572.400
2597,572,572,572,572,576,572.733
2598,572,572,572,572,576,573.533
2599,572,572,572,572,576,573.867
2600,572,572,572,572,576,573.467
2601,572,572,572,572,576,573.200
2602,576,576,576,572,576,574.267
2603,576,576,576,572,576,573.933
2604,572,572,576,572,576,574.533
2605,576,572,576,572,576,574.467
2606,576,576,572,572,576,575.533
2607,576,576,576,572,576,575.267
2608,576,576,576,572,576,575.200
2609,576,576,576,572,576,575.333
2610,576,576,572,572,576,575.533
2611,576,576,576,572,576,575.600
2612,576,576,576,576,580,576.667
2613,576,576,580,576,580,576.600
2614,576,576,576,576,580,576.533
2615,576,576,576,576,580,576.533
2616,576,576,576,576,580,577.067
2617,576,576,576,576,580,577.467
2618,580,576,576,576,580,577.600
2619,576,576,576,576,580,577.333
2620,580,576,576,576,580,578.400
2621,576,580,576,576,580,578.400
2622,580,580,580,576,580,578.467
2623,580,580,580,576,580,578.733
2624,580,580,580,576,580,579.533
2625,580,580,580,576,580,579.333
2626,580,580,580,576,580,579.667
2627,580,576,580,576,580,579.467
2628,576,580,580,576,580,579.533
2629,580,580,580,576,580,579.467
2630,580,580,584,580,584,580.400
2631,584,580,580,580,584,580.667
2632,580,584,580,580,584,580.533
2633,580,580,580,580,584,580.400
2634,580,580,584,580,584,581.467
2635,580,584,580,580,584,581.800
2636,580,584,584,580,584,582.333
2637,580,584,584,580,584,581.867
2638,584,584,584,580,584,583.267
2639,584,584,584,580,584,582.933
2640,584,584,584,580,584,582.867
2641,584,580,584,580,584,582.467
2642,584,584,584,580,584,583.733
2643,584,584,584,580,584,583.667
2644,584,584,584,580,584,583.600
2645,584,584,584,580,584,583.600
2646,584,584,584,580,584,583.667
2647,584,584,584,580,584,583.800
2648,588,584,584,584,588,584.467
2649,584,584,584,584,588,584.400
2650,588,588,584,584,588,584.533
2651,584,584,588,584,588,584.333
2652,588,588,584,584,588,585.400
2653,588,584,588,584,588,585.533
2654,588,588,584,584,588,585.533
2655,588,584,588,584,588,585.800
2656,588,588,588,584,588,586.533
2657,588,588,588,584,588,586.867
2658,584,588,588,584,588,586.200
2659,588,584,588,584,588,586.067
2660,588,584,588,584,588,586.667
2661,584,588,588,584,588,586.533
2662,588,588,588,584,588,587.733
2663,588,588,588,584,588,587.533
2664,588,588,588,584,588,587.533
2665,588,588,588,584,588,587.333
2666,592,588,592,588,592,588.267
2667,588,588,588,588,592,588.600
2668,588,588,592,588,592,588.467
2669,588,588,588,588,592,588.200
2670,588,592,588,588,592,589.400
2671,592,588,592,588,592,589.267
2672,588,588,592,588,592,589.933
2673,588,588,588,588,592,589.867
2674,592,592,592,588,592,590.200
2675,592,588,588,588,592,590.667
2676,588,592,588,588,592,590.200
2677,592,592,592,588,592,590.600
2678,588,588,592,588,592,590.533
2679,588,588,588,588,592,590.667
2680,592,592,592,588,592,591.667
2681,592,588,592,588,592,591.667
2682,592,588,592,588,592,591.600
2683,592,592,592,588,592,591.600
2684,592,592,592,592,596,592.667
2685,592,592,592,592,596,592.667
2686,592,592,596,592,596,592.933
2687,596,592,592,592,596,592.933
2688,596,596,592,592,596,593.600
2689,592,596,596,592,596,593.600
2690,596,596,592,592,596,593.733
2691,592,592,596,592,596,593.533
2692,592,596,592,592,596,594.733
2693,596,596,596,592,596,594.667
2694,596,592,596,592,596,594.333
2695,596,596,592,592,596,594.200
2696,592,592,596,592,596,595.000
2697,592,592,592,592,596,594.333
2698,596,596,596,592,596,595.667
2699,596,596,596,592,596,595.800
2700,596,596,596,592,596,595.467
2701,596,596,596,592,596,595.400
2702,600,596,596,596,600,596.533
2703,596,596,596,596,600,596.600
2704,596,596,596,596,600,596.467
2705,600,600,596,596,600,596.600
2706,600,600,600,596,600,597.733
2707,600,600,596,596,600,597.933
2708,596,600,600,596,600,597.800
2709,600,596,600,596,600,597.267
2710,600,596,600,596,600,598.933
2711,600,596,600,596,600,598.333
2712,600,596,596,596,600,598.867
2713,596,600,596,596,600,598.867
2714,596,600,600,596,600,598.467
2715,600,600,600,596,600,598.667
2716,600,600,600,596,600,599.733
2717,600,600,600,596,600,599.733
2718,600,600,600,596,600,599.867
2719,600,600,600,596,600,599.667
2720,600,600,600,600,604,600.867
2721,600,600,600,600,604,600.533
2722,600,600,600,600,604,600.933
2723,600,600,600,600,604,600.933
2724,604,604,604,600,604,601.333
2725,604,604,604,600,604,601.067
2726,604,604,604,600,604,601.467
2727,600,600,604,600,604,601.533
2728,600,604,600,600,604,601.267
2729,600,600,604,600,604,601.467
2730,604,604,600,600,604,602.667
2731,604,604,604,600,604,602.733
2732,604,604,604,600,604,602.600
2733,604,604,604,600,604,602.400
2734,604,600,604,600,604,603.467
2735,604,604,604,600,604,603.533
2736,604,604,604,600,604,603.533
2737,604,604,604,600,604,603.267
2738,604,604,604,604,608,604.733
2739,604,604,604,604,608,604.600
2740,608,608,604,604,608,604.400
2741,608,604,608,604,608,604.467
2742,608,608,604,604,608,605.800
2743,608,608,608,604,608,605.533
2744,604,608,608,604,608,606.067
2745,608,604,608,604,608,605.667
2746,604,608,604,604,608,605.200
2747,608,604,608,604,608,605.467
2748,608,608,604,604,608,606.600
2749,608,608,608,604,608,606.733
2750,608,608,608,604,608,607.000
2751,604,608,608,604,608,606.600
2752,608,604,608,604,608,607.467
2753,608,608,608,604,608,607.467
2754,608,608,608,604,608,607.533
2755,604,608,608,604,608,607.400
2756,608,608,608,608,612,608.467
2757,608,608,608,608,612,608.867
2758,608,608,612,608,612,608.600
2759,612,608,612,608,612,608.400
2760,612,608,612,608,612,609.267
2761,612,612,608,608,612,609.667
2762,608,612,612,608,612,609.800
2763,612,608,612,608,612,609.533
2764,608,608,608,608,612,608.933
2765,608,608,608,608,612,609.333
2766,612,612,608,608,612,610.733
2767,612,612,612,608,612,611.133
2768,612,612,612,608,612,611.067
2769,612,608,612,608,612,610.400
2770,612,608,612,608,612,611.333
2771,612,612,612,608,612,611.533
2772,612,612,612,608,612,611.200
2773,612,612,612,608,612,611.533
2774,612,612,612,612,616,612.667
2775,612,612,612,612,616,612.467
2776,612,612,612,612,616,612.400
2777,612,612,616,612,616,612.867
2778,616,612,612,612,616,613.600
2779,616,616,612,612,616,613.600
2780,612,612,612,612,616,613.667
2781,612,612,612,612,616,613.067
2782,612,612,616,612,616,613.467
2783,616,616,612,612,616,613.467
2784,616,612,616,612,616,614.200
2785,616,612,612,612,616,614.933
2786,616,616,616,612,616,614.867
2787,612,612,616,612,616,614.267
2788,616,616,612,612,616,615.533
2789,616,616,616,612,616,615.533
2790,612,616,616,612,616,615.667
2791,616,612,612,612,616,615.267
2792,616,616,616,616,620,616.600
2793,616,616,616,616,620,616.600
2794,616,616,616,616,620,616.200
2795,616,616,620,616,620,616.667
2796,616,616,620,616,620,616.600
2797,616,616,616,616,620,616.533
2798,620,616,616,616,620,617.200
2799,616,620,616,616,620,617.867
2800,616,620,616,616,620,618.200
2801,616,616,616,616,620,617.600
2802,616,620,616,616,620,618.733
2803,620,616,620,616,620,618.667
2804,620,620,616,616,620,619.000
2805,620,616,616,616,620,618.200
2806,620,620,616,616,620,619.800
2807,620,620,620,616,620,619.600
2808,620,616,616,616,620,619.667
2809,620,620,620,616,620,619.667
2810,624,620,620,620,624,620.667
2811,620,620,620,620,624,620.733
2812,620,620,620,620,624,620.533
2813,620,620,620,620,624,620.533
2814,620,620,620,620,624,620.800
2815,620,620,620,620,624,620.667
2816,624,620,624,620,624,621.667
2817,620,620,624,620,624,621.733
2818,620,620,620,620,624,621.133
2819,624,620,620,620,624,621.667
2820,620,620,624,620,624,622.533
2821,620,624,620,620,624,622.600
2822,620,620,624,620,624,622.200
2823,624,620,620,620,624,622.867
2824,624,624,620,620,624,623.600
2825,624,624,624,620,624,623.533
2826,624,624,624,620,624,623.533
2827,620,620,624,620,624,623.533
2828,624,624,624,624,628,624.400
2829,624,624,624,624,628,624.667
2830,624,624,624,624,628,624.533
2831,628,624,624,624,628,624.600
2832,624,624,624,624,628,625.067
2833,624,624,624,624,628,624.400
2834,624,628,624,624,628,625.933
2835,624,624,628,624,628,625.533
2836,628,624,624,624,628,625.400
2837,624,624,624,624,628,625.333
2838,628,624,624,624,628,626.467
2839,624,624,624,624,628,626.533
2840,624,624,624,624,628,626.533
2841,624,624,624,624,628,626.733
2842,628,624,628,624,628,627.733
2843,628,628,628,624,628,627.800
2844,628,628,628,624,628,627.600
2845,628,624,628,624,628,627.600
2846,628,628,628,628,632,628.600
2847,628,628,628,628,632,628.800
2848,628,628,628,628,632,628.600
2849,628,628,628,628,632,628.533
2850,628,628,628,628,632,628.733
2851,628,628,628,628,632,628.600
2852,628,632,628,628,632,629.467
2853,628,628,632,628,632,629.600
2854,628,628,628,628,632,629.867
2855,628,628,628,628,632,629.600
2856,628,632,628,628,632,630.867
2857,628,628,632,628,632,630.867
2858,628,632,628,628,632,630.000
2859,628,628,632,628,632,630.667
2860,628,632,632,628,632,631.600
2861,632,632,632,628,632,631.733
2862,632,632,632,628,632,631.400
2863,632,632,632,628,632,631.467
2864,632,632,632,632,636,632.467
2865,632,632,632,632,636,632.400
2866,632,632,632,632,636,632.667
2867,632,632,632,632,636,632.667
2868,632,632,632,632,636,632.733
2869,632,632,632,632,636,632.867
2870,636,636,632,632,636,633.733
2871,632,632,632,632,636,633.600
2872,632,632,632,632,636,633.867
2873,636,632,632,632,636,633.667
2874,636,632,632,632,636,634.333
2875,636,636,632,632,636,634.800
2876,632,632,636,632,636,634.067
2877,636,632,632,632,636,634.867
2878,636,636,636,632,636,635.533
2879,636,632,636,632,636,635.667
2880,636,636,636,632,636,635.667
2881,636,632,636,632,636,635.667
2882,636,636,636,632,636,635.667
2883,632,636,636,632,636,635.400
2884,636,636,636,636,640,636.667
2885,636,636,636,636,640,636.400
2886,636,636,640,636,640,636.733
2887,636,636,636,636,640,636.533
2888,636,640,636,636,640,638.000
2889,636,640,636,636,640,637.600
2890,636,636,640,636,640,637.333
2891,636,636,640,636,640,637.467
2892,640,636,636,636,640,638.200
2893,636,640,636,636,640,638.667
2894,636,640,640,636,640,638.667
2895,640,636,640,636,640,639.133
2896,640,640,640,636,640,639.267
2897,640,640,640,636,640,639.600
2898,640,640,640,636,640,639.333
2899,640,636,636,636,640,639.533
2900,640,640,640,636,640,639.600
2901,640,640,640,636,640,639.400
2902,640,640,640,640,644,640.400
2903,644,640,640,640,644,640.667
2904,640,640,640,640,644,640.533
2905,640,640,640,640,644,640.467
2906,644,640,644,640,644,641.600
2907,644,640,640,640,644,641.800
2908,640,640,640,640,644,641.667
2909,640,640,640,640,644,641.400
2910,644,640,644,640,644,642.400
2911,644,640,640,640,644,642.333
2912,644,644,644,640,644,641.933
2913,644,644,644,640,644,642.533
2914,640,644,644,640,644,643.733
2915,644,644,644,640,644,643.467
2916,644,640,644,640,644,643.467
2917,644,644,644,640,644,643.200
2918,644,644,644,640,644,643.733
2919,644,644,640,640,644,643.533
2920,644,644,644,644,648,644.467
2921,644,644,644,644,648,644.600
2922,644,644,644,644,648,644.467
2923,644,644,644,644,648,644.333
2924,644,648,644,644,648,645.533
2925,644,644,644,644,648,645.667
2926,644,644,644,644,648,645.933
2927,644,644,644,644,648,645.667
2928,644,644,648,644,648,646.067
2929,648,644,644,644,648,646.533
2930,648,644,648,644,648,646.733
2931,648,648,644,644,648,646.400
2932,648,648,644,644,648,647.200
2933,648,648,648,644,648,647.867
2934,648,648,648,644,648,647.467
2935,648,648,648,644,648,647.467
2936,644,644,648,644,648,647.533
2937,644,644,648,644,648,647.667
2938,648,648,648,648,652,648.667
2939,648,648,648,648,652,648.600
2940,648,648,648,648,652,648.533
2941,648,648,652,648,652,648.533
2942,652,652,652,648,652,649.800
2943,648,652,652,648,652,649.400
2944,648,648,648,648,652,649.533
2945,648,648,648,648,652,649.267
2946,648,648,648,648,652,650.467
2947,648,652,648,648,652,650.800
2948,652,648,652,648,652,650.800
2949,652,652,652,648,652,650.067
2950,652,652,652,648,652,650.267
2951,652,652,652,648,652,650.600
2952,652,652,652,648,652,651.400
2953,652,652,652,648,652,651.867
2954,652,652,652,648,652,651.600
2955,652,652,652,648,652,651.667
2956,652,656,652,652,656,652.733
2957,656,652,652,652,656,652.533
2958,652,652,652,652,656,652.533
2959,652,652,652,652,656,652.733
2960,656,656,652,652,656,653.867
2961,652,656,656,652,656,653.333
2962,652,656,656,652,656,653.667
2963,652,652,656,652,656,653.400
2964,656,656,652,652,656,654.533
2965,652,652,656,652,656,654.067
2966,656,656,656,652,656,654.800
2967,656,656,656,652,656,654.400
2968,656,656,656,652,656,654.467
2969,656,656,656,652,656,654.467
2970,656,656,656,652,656,655.533
2971,656,656,656,652,656,655.667
2972,656,656,656,652,656,655.600
2973,656,656,656,652,656,655.800
2974,656,656,656,656,660,656.467
2975,656,656,656,656,660,656.267
2976,656,656,656,656,660,656.600
2977,656,660,656,656,660,656.733
2978,660,656,660,656,660,657.733
2979,660,660,656,656,660,657.933
2980,656,660,660,656,660,657.467
2981,660,656,656,656,660,657.533
2982,656,660,660,656,660,658.333
2983,660,656,660,656,660,658.867
2984,656,660,660,656,660,658.600
2985,660,660,656,656,660,658.400
2986,660,660,660,656,660,658.600
2987,660,660,656,656,660,658.600
2988,660,660,660,656,660,659.733
2989,660,660,660,656,660,659.667
2990,660,660,660,656,660,659.667
2991,660,660,660,656,660,659.533
2992,660,660,660,660,664,660.333
2993,660,660,660,660,664,660.333
2994,660,660,660,660,664,660.267
2995,660,660,660,660,664,660.533
2996,664,664,664,660,664,661.600
2997,660,664,664,660,664,661.467
2998,660,664,664,660,664,661.467
2999,664,664,660,660,664,661.533
3000,664,664,664,660,664,662.267
3001,660,664,664,660,664,662.600
3002,664,660,664,660,664,661.933
3003,660,664,660,660,664,662.400
3004,660,664,660,660,664,662.533
3005,664,664,664,660,664,662.733
3006,664,664,664,660,664,663.533
3007,664,664,664,660,664,663.867
3008,664,664,664,660,664,663.400
3009,664,664,664,660,664,663.400
3010,664,664,668,664,668,664.533
3011,668,664,664,664,668,664.533
3012,664,668,664,664,668,664.200
3013,664,664,668,664,668,664.333
3014,668,668,664,664,668,665.267
3015,668,664,668,664,668,665.200
3016,664,668,664,664,668,665.467
3017,664,664,668,664,668,665.733
3018,668,668,664,664,668,666.533
3019,664,668,668,664,668,667.067
3020,664,668,668,664,668,666.333
3021,668,664,668,664,668,666.733
3022,668,664,664,664,668,666.267
3023,664,668,664,664,668,666.467
3024,668,668,668,664,668,667.667
3025,668,668,668,664,668,667.467
3026,668,668,668,664,668,667.733
3027,668,668,668,664,668,667.733
3028,672,668,668,668,672,668.867
3029,672,668,668,668,672,668.800
3030,668,668,668,668,672,668.533
3031,668,668,668,668,672,668.733
3032,668,668,668,668,672,669.733
3033,672,668,668,668,672,669.533
3034,668,672,672,668,672,669.467
3035,672,672,672,668,672,670.200
3036,668,672,672,668,672,669.600
3037,672,672,672,668,672,669.933
3038,672,672,672,668,672,670.533
3039,672,668,672,668,672,670.733
3040,672,668,668,668,672,670.333
3041,668,672,668,668,672,670.533
3042,672,672,672,668,672,671.800
3043,672,672,672,668,672,671.400
3044,672,672,672,668,672,671.600
3045,672,672,672,668,672,671.400
3046,676,672,676,672,676,672.733
3047,676,672,672,672,676,672.333
3048,672,672,676,672,676,672.333
3049,672,672,672,672,676,672.467
3050,676,676,672,672,676,673.467
3051,676,672,676,672,676,673.733
3052,676,676,672,672,676,673.867
3053,676,676,676,672,676,673.400
3054,676,672,676,672,676,673.467
3055,676,672,672,672,676,673.933
3056,672,672,676,672,676,674.533
3057,676,676,676,672,676,674.600
3058,676,676,676,672,676,674.333
3059,676,676,676,672,676,674.667
3060,676,676,672,672,676,675.533
3061,676,672,676,672,676,675.267
3062,676,676,676,672,676,675.667
3063,676,676,676,672,676,675.667
3064,676,676,676,676,680,676.800
3065,676,676,676,676,680,676.267
3066,676,676,676,676,680,676.800
3067,676,676,676,676,680,676.200
3068,676,676,676,676,680,677.267
3069,680,676,676,676,680,677.667
3070,680,680,676,676,680,677.800
3071,676,680,676,676,680,677.333
3072,676,676,676,676,680,677.333
3073,676,676,676,676,680,677.933
3074,676,676,680,676,680,678.667
3075,680,676,676,676,680,678.200
3076,676,676,676,676,680,678.600
3077,680,676,676,676,680,678.267
3078,680,680,680,676,680,679.533
3079,676,676,680,676,680,679.333
3080,680,676,680,676,680,679.533
3081,680,680,680,676,680,679.333
3082,680,680,680,680,684,680.933
3083,680,680,680,680,684,680.400
3084,680,680,680,680,684,680.467
3085,680,680,680,680,684,680.800
3086,680,680,680,680,684,681.600
3087,684,680,680,680,684,682.067
3088,684,684,684,680,684,681.267
3089,680,680,680,680,684,681.333
3090,680,680,680,680,684,681.667
3091,680,684,684,680,684,681.267
3092,684,684,684,680,684,682.800
3093,680,684,684,680,684,682.733
3094,680,680,684,680,684,682.600
3095,680,680,680,680,684,682.467
3096,684,684,680,680,684,683.467
3097,684,684,684,680,684,683.800
3098,684,684,684,680,684,683.333
3099,684,684,684,680,684,683.467
3100,684,688,684,684,688,685.133
3101,688,684,684,684,688,684.667
3102,684,684,684,684,688,684.333
3103,684,684,684,684,688,684.867
3104,684,684,684,684,688,684.600
3105,684,684,684,684,688,684.800
3106,684,684,688,684,688,685.667
3107,688,684,684,684,688,685.467
3108,684,688,684,684,688,685.600
3109,688,684,688,684,688,685.800
3110,688,688,684,684,688,686.867
3111,684,688,688,684,688,686.533
3112,688,688,688,684,688,686.867
3113,688,684,688,684,688,686.400
3114,688,688,684,684,688,687.733
3115,688,688,688,684,688,687.533
3116,688,684,688,684,688,687.600
3117,688,688,684,684,688,687.733
3118,688,688,688,688,692,688.933
3119,688,688,688,688,692,688.867
3120,688,688,688,688,692,688.533
3121,688,688,692,688,692,688.533
3122,688,688,688,688,692,688.800
3123,688,688,688,688,692,688.533
3124,688,688,688,688,692,689.600
3125,692,688,688,688,692,689.667
3126,688,692,692,688,692,689.667
3127,692,688,688,688,692,689.800
3128,688,692,692,688,692,690.600
3129,692,688,692,688,692,690.733
3130,692,692,688,688,692,690.667
3131,692,688,692,688,692,690.267
3132,692,692,692,688,692,691.667
3133,688,692,692,688,692,691.800
3134,692,692,692,688,692,691.467
3135,692,692,692,688,692,691.733
3136,692,692,692,692,696,692.533
3137,692,692,692,692,696,693.000
3138,692,692,692,692,696,692.600
3139,692,692,692,692,696,692.800
3140,692,692,692,692,696,692.667
3141,692,692,692,692,696,692.400
3142,696,692,692,692,696,693.800
3143,696,696,692,692,696,693.467
3144,692,696,696,692,696,693.267
3145,696,696,692,692,696,693.800
3146,692,696,696,692,696,694.333
3147,696,696,696,692,696,694.133
3148,696,692,696,692,696,694.733
3149,696,696,696,692,696,694.600
3150,696,696,696,692,696,695.667
3151,696,696,696,692,696,695.467
3152,692,696,696,692,696,695.533
3153,696,696,696,692,696,695.800
3154,696,696,696,696,700,696.333
3155,696,696,696,696,700,696.733
3156,696,700,696,696,700,696.733
3157,700,696,696,696,700,696.600
3158,696,696,696,696,700,696.533
3159,696,696,696,696,700,696.533
3160,700,696,700,696,700,697.533
3161,700,700,700,696,700,697.400
3162,700,700,700,696,700,697.267
3163,700,696,700,696,700,698.200
3164,700,700,696,696,700,698.733
3165,696,700,696,696,700,698.067
3166,700,700,700,696,700,698.733
3167,700,700,700,696,700,698.800
3168,700,700,700,696,700,699.667
3169,700,700,700,696,700,699.733
3170,700,700,696,696,700,699.800
3171,700,696,700,696,700,699.733
3172,700,700,700,700,704,700.333
3173,700,700,700,700,704,700.733
3174,700,700,700,700,704,700.800
3175,700,700,704,700,704,700.267
3176,704,700,700,700,704,700.733
3177,700,700,704,700,704,700.600
3178,704,700,700,700,704,701.533
3179,704,700,700,700,704,702.000
3180,700,704,700,700,704,701.533
3181,700,704,704,700,704,701.600
3182,704,700,704,700,704,702.600
3183,704,704,700,700,704,702.600
3184,704,704,700,700,704,702.600
3185,704,700,704,700,704,702.800
3186,704,700,704,700,704,703.600
3187,704,704,704,700,704,703.667
3188,704,704,704,700,704,703.333
3189,704,704,704,700,704,703.733
3190,704,704,704,700,704,703.533
3191,704,704,704,700,704,703.600
3192,704,704,704,704,708,704.733
3193,704,704,704,704,708,704.467
3194,704,708,704,704,708,704.600
3195,704,704,704,704,708,704.400
3196,704,704,704,704,708,705.467
3197,708,708,704,704,708,705.867
3198,708,704,708,704,708,705.533
3199,704,708,704,704,708,705.933
3200,708,708,708,704,708,706.667
3201,708,704,708,704,708,706.733
3202,704,708,704,704,708,706.867
3203,704,704,708,704,708,706.800
3204,708,708,708,704,708,707.467
3205,704,708,708,704,708,707.800
3206,708,708,708,704,708,707.467
3207,708,708,708,704,708,707.600
3208,708,708,708,704,708,707.400
3209,708,708,708,704,708,707.533
3210,708,708,708,708,712,708.200
3211,708,708,708,708,712,708.733
3212,708,708,708,708,712,708.667
3213,708,708,708,708,712,708.600
3214,708,708,708,708,712,709.200
3215,708,712,708,708,712,710.067
3216,712,712,712,708,712,709.400
3217,708,712,712,708,712,709.800
3218,712,712,712,708,712,710.467
3219,712,712,712,708,712,710.733
3220,708,712,712,708,712,710.667
3221,708,708,712,708,712,710.133
3222,712,712,712,708,712,711.400
3223,712,712,712,708,712,711.467
3224,712,712,712,708,712,711.600
3225,712,712,712,708,712,711.667
3226,712,712,712,708,712,711.533
3227,712,712,712,708,712,711.200
3228,712,712,716,712,716,712.467
3229,716,712,712,712,716,712.533
3230,712,712,712,712,716,712.667
3231,712,712,712,712,716,712.667
3232,716,712,712,712,716,713.533
3233,716,712,712,712,716,713.533
3234,712,712,712,712,716,713.667
3235,712,716,712,712,716,713.467
3236,716,716,716,712,716,714.600
3237,716,716,716,712,716,714.200
3238,712,712,716,712,716,714.733
3239,716,716,712,712,716,714.467
3240,716,716,716,712,716,715.267
3241,716,716,716,712,716,715.667
3242,716,716,716,712,716,715.733
3243,712,716,716,712,716,715.733
3244,716,716,716,712,716,715.600
3245,716,716,716,712,716,715.667
3246,720,716,716,716,720,716.400
3247,716,720,716,716,720,716.600
3248,716,716,716,716,720,716.667
3249,716,716,716,716,720,716.467
3250,716,716,716,716,720,717.067
3251,716,716,720,716,720,717.467
3252,720,716,716,716,720,717.933
3253,716,716,716,716,720,717.733
3254,720,720,716,716,720,718.333
3255,716,720,720,716,720,718.600
3256,720,720,720,716,720,718.800
3257,720,720,720,716,720,718.600
3258,716,716,716,716,720,718.333
3259,720,716,716,716,720,718.533
3260,720,720,720,716,720,719.533
3261,720,720,720,716,720,719.400
3262,720,720,716,716,720,719.533
3263,716,720,720,716,720,719.600
3264,724,720,720,720,724,720.667
3265,720,720,720,720,724,720.533
3266,720,720,720,720,724,720.467
3267,720,720,720,720,724,720.533
3268,720,720,720,720,724,721.533
3269,720,720,720,720,724,721.467
3270,720,720,720,720,724,721.667
3271,724,720,720,720,724,721.400
3272,724,724,724,720,724,722.467
3273,724,724,724,720,724,722.533
3274,720,724,724,720,724,722.867
3275,720,724,724,720,724,723.000
3276,724,720,724,720,724,722.467
3277,724,724,720,720,724,723.000
3278,724,724,724,720,724,723.600
3279,724,724,724,720,724,723.667
3280,720,724,724,720,724,723.600
3281,724,724,720,720,724,723.600
3282,724,724,728,724,728,724.600
3283,724,724,724,724,728,724.533
3284,724,724,724,724,728,724.533
3285,724,724,724,724,728,724.667
3286,724,728,724,724,728,725.400
3287,724,724,724,724,728,725.333
3288,724,728,728,724,728,725.667
3289,728,724,728,724,728,725.800
3290,728,724,728,724,728,726.067
3291,728,728,724,724,728,726.400
3292,728,728,728,724,728,726.533
3293,724,728,728,724,728,726.333
3294,728,728,728,724,728,726.667
3295,728,728,728,724,728,726.733
3296,728,728,724,724,728,727.667
3297,728,728,728,724,728,727.333
3298,728,728,728,724,728,727.733
3299,728,728,728,724,728,727.467
3300,728,728,728,728,732,728.467
3301,728,728,728,728,732,728.533
3302,728,728,732,728,732,728.400
3303,728,728,732,728,732,728.467
3304,732,732,732,728,732,729.200
3305,732,732,732,728,732,730.267
3306,732,728,732,728,732,729.000
3307,728,732,728,728,732,729.667
3308,732,732,732,728,732,730.667
3309,732,732,732,728,732,730.667
3310,728,732,732,728,732,730.800
3311,732,732,732,728,732,730.533
3312,732,732,728,728,732,730.733
3313,732,728,732,728,732,730.533
3314,732,732,732,728,732,731.600
3315,732,732,732,728,732,731.200
3316,732,732,732,728,732,731.667
3317,732,732,732,728,732,731.733
3318,732,732,732,732,736,732.467
3319,732,732,736,732,736,732.267
3320,732,732,732,732,736,733.000
3321,732,732,732,732,736,732.533
3322,736,732,732,732,736,733.467
3323,732,736,732,732,736,733.800
3324,736,732,736,732,736,733.267
3325,732,736,732,732,736,733.800
3326,736,732,736,732,736,734.933
3327,736,736,732,732,736,734.667
3328,732,732,736,732,736,734.467
3329,736,736,732,732,736,734.667
3330,732,736,736,732,736,734.133
3331,736,736,736,732,736,734.333
3332,736,736,736,732,736,735.733
3333,736,736,736,732,736,735.533
3334,736,736,736,732,736,735.467
3335,736,736,736,732,736,735.400
3336,736,740,736,736,740,736.800
3337,740,736,736,736,740,736.400
3338,736,736,736,736,740,736.733
3339,736,736,736,736,740,736.400
3340,740,736,740,736,740,737.467
3341,736,736,740,736,740,737.200
3342,740,736,736,736,740,737.667
3343,736,740,740,736,740,738.133
3344,740,736,740,736,740,737.533
3345,736,740,740,736,740,737.733
3346,740,740,740,736,740,738.600
3347,740,740,740,736,740,738.067
3348,740,740,740,736,740,738.800
3349,740,740,740,736,740,738.400
3350,740,740,740,736,740,739.467
3351,740,740,740,736,740,739.600
3352,740,740,740,736,740,739.600
3353,740,740,740,736,740,739.733
3354,740,740,740,740,744,740.467
3355,740,740,740,740,744,740.667
3356,740,740,740,740,744,740.867
3357,740,740,740,740,744,740.600
3358,740,740,744,740,744,741.733
3359,744,740,740,740,744,741.533
3360,744,744,740,740,744,741.800
3361,744,744,744,740,744,742.067
3362,744,744,744,740,744,741.600
3363,744,740,744,740,744,741.267
3364,740,744,744,740,744,742.733
3365,744,744,740,740,744,742.333
3366,740,744,744,740,744,742.667
3367,744,744,744,740,744,742.533
3368,744,744,744,740,744,743.733
3369,744,744,740,740,744,743.600
3370,744,744,744,740,744,743.533
3371,744,740,744,740,744,743.600
3372,744,744,744,744,748,744.400
3373,744,744,744,744,748,744.733
3374,744,744,744,744,748,744.533
3375,744,744,744,744,748,744.733
3376,744,744,744,744,748,745.467
3377,748,744,748,744,748,745.600
3378,744,748,748,744,748,745.400
3379,748,744,748,744,748,745.667
3380,744,748,744,744,748,745.467
3381,744,748,748,744,748,745.067
3382,748,748,748,744,748,747.000
3383,748,748,748,744,748,746.667
3384,748,748,744,744,748,746.267
3385,744,748,748,744,748,746.867
3386,748,744,748,744,748,747.533
3387,748,748,744,744,748,747.733
3388,748,748,748,744,748,747.467
3389,748,748,748,744,748,747.667
3390,752,748,748,748,752,748.933
3391,748,748,748,748,752,748.733
3392,748,752,748,748,752,748.533
3393,748,748,752,748,752,748.400
3394,748,752,748,748,752,749.667
3395,752,748,752,748,752,749.733
3396,748,752,748,748,752,749.533
3397,752,748,752,748,752,749.600
3398,752,752,748,748,752,749.533
3399,752,748,748,748,752,750.000
3400,752,752,748,748,752,750.867
3401,748,752,752,748,752,750.867
3402,752,752,752,748,752,750.600
3403,748,752,752,748,752,750.267
3404,752,748,752,748,752,751.600
3405,752,752,752,748,752,751.533
3406,752,748,752,748,752,751.800
3407,752,752,748,748,752,751.800
3408,752,756,752,752,756,752.867
3409,752,756,752,752,756,752.467
3410,752,752,756,752,756,752.333
3411,756,752,752,752,756,752.467
3412,752,752,752,752,756,752.600
3413,752,752,752,752,756,752.667
3414,752,756,756,752,756,754.133
3415,756,752,752,752,756,754.133
3416,752,756,752,752,756,753.467
3417,752,752,756,752,756,754.067
3418,756,756,756,752,756,754.533
3419,756,756,756,752,756,754.067
3420,752,756,756,752,756,754.067
3421,752,756,752,752,756,754.667
3422,756,752,756,752,756,755.533
3423,756,756,752,752,756,755.533
3424,756,756,756,752,756,755.733
3425,756,756,756,752,756,755.667
3426,760,760,756,756,760,756.667
3427,756,756,756,756,760,756.333
3428,756,756,756,756,760,756.333
3429,756,756,760,756,760,756.467
3430,756,756,760,756,760,756.667
3431,760,756,756,756,760,756.533
3432,756,760,756,756,760,757.533
3433,760,760,756,756,760,758.133
3434,756,756,760,756,760,757.267
3435,760,756,756,756,760,758.000
3436,760,760,760,756,760,758.267
3437,756,756,760,756,760,758.533
3438,760,756,756,756,760,758.467
3439,760,760,756,756,760,758.733
3440,760,760,760,756,760,759.600
3441,760,760,760,756,760,759.667
3442,760,760,760,756,760,759.600
3443,760,760,760,756,760,759.400
3444,760,760,764,760,764,760.533
3445,760,760,760,760,764,760.467
3446,760,760,760,760,764,760.467
3447,760,760,760,760,764,760.667
3448,760,760,760,760,764,760.600
3449,760,760,760,760,764,760.333
3450,764,764,760,760,764,761.600
3451,760,760,764,760,764,761.800
3452,760,760,760,760,764,761.533
3453,764,760,764,760,764,761.333
3454,764,764,760,760,764,762.600
3455,760,760,764,760,764,763.000
3456,764,760,760,760,764,762.533
3457,760,764,760,760,764,762.800
3458,764,764,764,760,764,763.800
3459,764,764,764,760,764,763.800
3460,764,764,764,760,764,763.800
3461,764,764,764,760,764,763.867
3462,764,764,764,764,768,764.733
3463,764,764,764,764,768,764.800
3464,764,764,764,764,768,764.600
3465,764,768,764,764,768,764.667
3466,764,764,764,764,768,764.600
3467,764,764,764,764,768,764.667
3468,764,768,764,764,768,765.733
3469,764,764,764,764,768,765.667
3470,764,768,764,764,768,765.600
3471,768,764,768,764,768,765.600
3472,768,768,764,764,768,766.533
3473,764,764,768,764,768,766.867
3474,768,764,764,764,768,766.867
3475,768,764,764,764,768,766.800
3476,764,768,764,764,768,767.867
3477,764,768,768,764,768,767.600
3478,768,768,768,764,768,767.800
3479,768,768,768,764,768,767.533
3480,768,768,772,768,772,768.400
3481,768,768,768,768,772,768.733
3482,772,768,768,768,772,768.467
3483,768,768,768,768,772,768.933
3484,768,768,768,768,772,769.200
3485,768,768,768,768,772,768.733
3486,768,772,772,768,772,769.533
3487,772,768,768,768,772,769.667
3488,768,772,768,768,772,769.600
3489,772,768,768,768,772,769.800
3490,768,772,768,768,772,770.733
3491,768,772,772,768,772,770.733
3492,768,768,772,768,772,770.733
3493,768,768,768,768,772,770.733
3494,772,772,772,768,772,771.733
3495,772,772,772,768,772,771.733
3496,772,772,772,768,772,771.600
3497,772,772,772,768,772,771.867
3498,772,772,772,768,772,771.667
3499,772,772,772,768,772,771.867
3500,772,772,772,772,776,772.867
3501,772,776,772,772,776,772.733
3502,772,772,772,772,776,772.800
3503,772,776,772,772,776,772.533
3504,772,772,776,772,776,773.800
3505,776,776,772,772,776,773.533
3506,772,772,776,772,776,773.467
3507,776,772,772,772,776,773.333
3508,776,776,776,772,776,774.667
3509,772,772,772,772,776,774.267
3510,776,776,776,772,776,774.400
3511,776,772,776,772,776,774.667
3512,772,776,776,772,776,775.733
3513,776,772,776,772,776,775.600
3514,776,776,776,772,776,775.667
3515,776,776,776,772,776,775.800
3516,776,776,776,772,776,775.533
3517,776,776,776,772,776,775.733
3518,776,776,776,776,780,776.533
3519,776,776,776,776,780,776.733
3520,776,776,776,776,780,776.400
3521,776,776,776,776,780,776.800
3522,780,776,776,776,780,777.600
3523,776,780,780,776,780,777.200
3524,776,776,780,776,780,777.600
3525,776,776,780,776,780,776.733
3526,776,776,780,776,780,778.667
3527,780,780,776,776,780,778.733
3528,776,780,780,776,780,778.267
3529,780,780,780,776,780,778.533
3530,780,780,780,776,780,779.667
3531,780,780,780,776,780,779.200
3532,780,780,776,776,780,779.333
3533,780,780,780,776,780,779.667
3534,780,780,780,776,780,779.667
3535,780,780,776,776,780,779.600
3536,780,780,780,780,784,780.400
3537,780,780,780,780,784,780.467
3538,780,780,784,780,784,780.667
3539,780,780,780,780,784,780.467
3540,784,780,784,780,784,781.067
3541,784,784,780,780,784,781.533
3542,780,784,784,780,784,781.667
3543,780,784,784,780,784,781.333
3544,784,780,784,780,784,782.667
3545,784,784,780,780,784,782.800
3546,780,784,784,780,784,782.533
3547,784,780,780,780,784,782.133
3548,784,784,784,780,784,783.733
3549,784,784,784,780,784,783.533
3550,784,784,784,780,784,783.333
3551,784,784,784,780,784,783.800
3552,784,784,784,780,784,783.600
3553,784,784,784,780,784,783.333
3554,784,784,784,784,788,784.333
3555,788,784,784,784,788,784.533
3556,784,788,784,784,788,784.267
3557,784,784,784,784,788,784.333
3558,788,788,784,784,788,785.400
3559,788,784,788,784,788,785.733
3560,788,784,784,784,788,785.200
3561,784,788,784,784,788,785.533
3562,788,788,788,784,788,787.133
3563,788,788,788,784,788,786.333
3564,784,784,784,784,788,786.600
3565,784,788,788,784,788,786.733
3566,788,784,788,784,788,786.267
3567,784,788,788,784,788,786.867
3568,788,788,788,784,788,787.533
3569,788,788,788,784,788,787.733
3570,788,788,788,784,788,787.667
3571,788,788,788,784,788,787.867
3572,792,788,788,788,792,789.200
3573,788,788,792,788,792,788.667
3574,788,792,788,788,792,788.667
3575,792,788,788,788,792,788.600
3576,788,788,788,788,792,789.800
3577,788,788,788,788,792,789.533
3578,792,792,788,788,792,789.800
3579,792,792,792,788,792,789.333
3580,792,792,792,788,792,790.867
3581,792,788,792,788,792,790.733
3582,792,792,788,788,792,790.400
3583,792,792,792,788,792,790.733
3584,792,788,792,788,792,790.667
3585,792,792,788,788,792,790.933
3586,792,792,792,788,792,791.733
3587,792,792,792,788,792,791.733
3588,792,792,792,788,792,791.467
3589,792,792,792,788,792,791.867
3590,796,796,792,792,796,793.000
3591,792,792,792,792,796,792.800
3592,796,792,792,792,796,792.267
3593,792,792,792,792,796,792.667
3594,792,796,792,792,796,793.933
3595,792,796,796,792,796,792.933
3596,796,796,796,792,796,793.533
3597,796,792,796,792,796,793.200
3598,792,796,796,792,796,794.333
3599,796,792,796,792,796,794.800
3600,796,796,792,792,796,794.400
3601,792,796,796,792,796,794.400
3602,796,796,796,792,796,794.600
3603,796,796,796,792,796,794.733
3604,796,796,796,792,796,795.467
3605,796,796,792,792,796,795.600
3606,796,796,796,792,796,795.600
3607,796,796,796,792,796,795.200
3608,796,796,800,796,800,796.533
3609,796,796,796,796,800,796.533
3610,796,796,796,796,800,796.667
3611,796,796,796,796,800,796.667
3612,800,800,800,796,800,797.933
3613,800,796,796,796,800,797.400
3614,796,796,796,796,800,797.267
3615,796,796,796,796,800,797.667
3616,800,800,796,796,800,798.600
3617,800,800,800,796,800,798.400
3618,796,800,800,796,800,798.733
3619,800,796,796,796,800,798.933
3620,800,800,800,796,800,798.667
3621,800,800,800,796,800,798.800
3622,800,796,800,796,800,799.800
3623,800,800,800,796,800,799.600
3624,800,800,800,796,800,799.533
3625,800,800,800,796,800,799.667
3626,800,800,800,800,804,800.667
3627,800,800,800,800,804,800.867
3628,800,800,804,800,804,800.733
3629,800,800,800,800,804,800.667
3630,800,800,804,800,804,801.600
3631,800,804,800,800,804,801.800
3632,800,800,804,800,804,801.733
3633,804,800,804,800,804,801.400
3634,804,804,804,800,804,801.467
3635,800,800,804,800,804,801.200
3636,800,800,804,800,804,802.600
3637,804,800,800,800,804,802.400
3638,804,804,800,800,804,802.867
3639,804,804,804,800,804,802.667
3640,804,804,804,800,804,803.667
3641,804,804,804,800,804,803.600
3642,804,804,800,800,804,803.800
3643,804,804,804,800,804,803.733
3644,808,804,804,804,808,804.533
3645,804,808,804,804,808,804.533
3646,804,808,804,804,808,804.867
3647,804,808,804,804,808,804.533
3648,808,804,808,804,808,805.733
3649,808,808,808,804,808,805.533
3650,808,808,808,804,808,805.867
3651,808,808,808,804,808,805.467
3652,804,808,808,804,808,805.667
3653,804,804,804,804,808,805.467
3654,804,804,804,804,808,806.400
3655,808,808,808,804,808,806.533
3656,808,808,808,804,808,806.467
3657,808,808,804,804,808,807.267
3658,808,808,808,804,808,807.600
3659,808,808,808,804,808,807.600
3660,808,804,808,804,808,807.467
3661,808,808,808,804,808,807.733
3662,812,808,808,808,812,808.533
3663,808,808,808,808,812,808.267
3664,808,812,808,808,812,809.133
3665,812,808,808,808,812,808.467
3666,812,808,812,808,812,809.400
3667,812,812,808,808,812,809.267
3668,808,808,812,808,812,809.867
3669,812,808,808,808,812,809.733
3670,808,808,808,808,812,809.067
3671,808,808,808,808,812,809.800
3672,812,808,808,808,812,810.733
3673,812,808,812,808,812,810.467
3674,812,808,808,808,812,810.667
3675,808,808,812,808,812,810.600
3676,812,812,812,808,812,811.600
3677,812,812,812,808,812,811.667
3678,812,812,812,808,812,811.533
3679,812,812,812,808,812,811.533
3680,812,812,816,812,816,812.667
3681,812,812,812,812,816,812.600
3682,812,812,812,812,816,812.800
3683,812,816,816,812,816,812.600
3684,812,816,812,812,816,813.333
3685,812,816,816,812,816,813.400
3686,812,812,812,812,816,813.400
3687,812,816,812,812,816,813.667
3688,812,812,812,812,816,813.267
3689,812,816,812,812,816,813.933
3690,816,812,816,812,816,814.400
3691,812,816,812,812,816,814.533
3692,816,816,816,812,816,814.933
3693,816,812,816,812,816,814.667
3694,816,816,816,812,816,815.867
3695,816,816,816,812,816,815.867
3696,816,816,816,812,816,815.600
3697,816,816,812,812,816,815.400
3698,816,816,816,816,820,816.733
3699,816,820,816,816,820,817.000
3700,816,816,816,816,820,816.200
3701,816,816,816,816,820,816.800
3702,820,820,820,816,820,817.400
3703,816,820,820,816,820,818.000
3704,820,820,820,816,820,817.867
3705,816,820,820,816,820,817.400
3706,820,816,820,816,820,817.467
3707,816,816,816,816,820,817.733
3708,816,820,820,816,820,818.133
3709,820,820,820,816,820,818.600
3710,816,820,820,816,820,818.933
3711,820,820,820,816,820,818.467
3712,820,820,820,816,820,819.267
3713,820,816,820,816,820,819.667
3714,820,820,816,816,820,819.733
3715,820,820,820,816,820,819.267
3716,820,820,820,820,824,820.600
3717,820,820,820,820,824,820.867
3718,820,824,820,820,824,820.267
3719,824,820,820,820,824,820.400
3720,820,820,820,820,824,820.800
3721,824,824,820,820,824,821.133
3722,824,824,820,820,824,821.733
3723,820,820,824,820,824,821.533
3724,820,820,820,820,824,821.667
3725,824,824,820,820,824,821.467
3726,824,824,824,820,824,822.067
3727,820,824,824,820,824,822.600
3728,824,824,824,820,824,822.267
3729,820,824,824,820,824,822.867
3730,824,820,824,820,824,823.600
3731,824,824,824,820,824,823.600
3732,824,824,824,820,824,823.867
3733,824,824,824,820,824,823.667
3734,824,824,824,824,828,824.400
3735,824,824,824,824,828,824.400
3736,824,824,824,824,828,824.733
3737,824,824,824,824,828,824.600
3738,828,824,824,824,828,824.533
3739,824,824,824,824,828,825.067
3740,824,824,824,824,828,825.467
3741,824,824,824,824,828,824.800
3742,828,824,824,824,828,825.667
3743,828,828,824,824,828,825.600
3744,828,824,828,824,828,826.467
3745,828,828,824,824,828,826.667
3746,824,828,828,824,828,826.667
3747,824,828,824,824,828,826.533
3748,824,828,828,824,828,827.467
3749,828,824,828,824,828,827.400
3750,828,828,828,824,828,827.667
3751,828,828,828,824,828,827.600
3752,828,828,828,828,832,828.533
3753,828,828,828,828,832,828.733
3754,828,828,828,828,832,828.733
3755,828,828,828,828,832,829.067
3756,828,828,828,828,832,828.667
3757,828,828,828,828,832,828.200
3758,828,828,828,828,832,829.200
3759,828,828,828,828,832,829.333
3760,832,828,828,828,832,829.667
3761,828,832,828,828,832,830.000
3762,832,832,832,828,832,830.467
3763,828,832,832,828,832,830.733
3764,832,828,832,828,832,830.067
3765,832,828,828,828,832,830.533
3766,832,832,832,828,832,831.533
3767,832,832,832,828,832,831.467
3768,832,832,832,828,832,831.733
3769,832,832,832,828,832,831.400
3770,832,832,832,832,836,832.333
3771,832,832,836,832,836,832.467
3772,832,832,832,832,836,832.600
3773,836,832,832,832,836,832.400
3774,832,832,832,832,836,832.533
3775,832,832,832,832,836,832.333
3776,832,832,836,832,836,833.467
3777,832,836,832,832,836,833.600
3778,836,832,836,832,836,833.267
3779,836,832,832,832,836,833.533
3780,836,836,832,832,836,835.267
3781,836,836,836,832,836,834.867
3782,832,836,836,832,836,834.667
3783,836,832,836,832,836,834.400
3784,836,836,836,832,836,835.467
3785,836,836,836,832,836,835.333
3786,836,836,836,832,836,835.667
3787,836,836,836,832,836,835.800
3788,836,836,832,832,836,835.800
3789,832,836,836,832,836,835.800
3790,840,836,836,836,840,836.600
3791,836,840,836,836,840,836.667
3792,840,836,836,836,840,836.400
3793,836,836,836,836,840,836.867
3794,840,836,836,836,840,837.867
3795,836,840,836,836,840,837.533
3796,836,836,840,836,840,837.667
3797,836,840,836,836,840,838.067
3798,840,840,840,836,840,839.000
3799,840,836,836,836,840,838.267
3800,836,840,836,836,840,838.733
3801,840,836,840,836,840,838.533
3802,840,840,840,836,840,839.533
3803,840,836,840,836,840,839.600
3804,836,840,840,836,840,839.733
3805,840,836,840,836,840,839.600
3806,836,840,836,836,840,839.467
3807,840,840,840,836,840,839.533
3808,840,840,840,840,844,840.200
3809,840,840,840,840,844,840.800
3810,840,840,840,840,844,840.733
3811,840,840,840,840,844,840.333
3812,844,840,844,840,844,841.733
3813,840,844,844,840,844,841.800
3814,844,844,844,840,844,841.800
3815,840,840,844,840,844,842.000
3816,840,840,844,840,844,842.667
3817,844,840,840,840,844,843.000
3818,840,844,840,840,844,842.733
3819,844,844,840,840,844,842.467
3820,844,844,844,840,844,843.600
3821,844,844,844,840,844,843.667
3822,844,840,840,840,844,843.733
3823,844,844,844,840,844,843.533
3824,844,844,844,840,844,843.800
3825,844,844,844,840,844,843.800
3826,844,844,844,844,848,844.667
3827,844,848,844,844,848,845.000
3828,844,844,848,844,848,844.333
3829,848,844,844,844,848,844.600
3830,848,848,848,844,848,845.267
3831,848,844,848,844,848,846.000
3832,844,844,844,844,848,845.733
3833,844,844,844,844,848,845.467
3834,844,848,848,844,848,847.000
3835,844,848,848,844,848,846.267
3836,848,844,848,844,848,846.533
3837,848,848,844,844,848,846.400
3838,848,848,844,844,848,847.800
3839,848,844,848,844,848,847.600
