x,R,G,B,min_over_frames_G,max_over_frames_G,mean_over_frames_G,mean_over_frames_and_rows_G
0,0,0,0,0,0,0.000,0.000
1,0,0,0,0,0,0.000,0.000
2,0,0,0,0,0,0.000,0.000
3,0,0,0,0,0,0.000,0.000
4,0,0,0,0,0,0.000,0.000
5,0,0,0,0,0,0.000,0.000
6,0,0,0,0,0,0.000,0.000
7,0,0,0,0,0,0.000,0.000
8,0,0,0,0,0,0.000,0.000
9,0,0,0,0,0,0.000,0.000
10,0,0,0,0,0,0.000,0.000
11,0,0,0,0,0,0.000,0.000
12,0,0,0,0,0,0.000,0.000
13,0,0,0,0,0,0.000,0.000
14,0,0,0,0,0,0.000,0.000
15,0,0,0,0,0,0.000,0.000
16,0,0,0,0,0,0.000,0.000
17,0,0,0,0,0,0.000,0.000
18,0,0,0,0,0,0.000,0.000
19,0,0,0,0,0,0.000,0.000
20,0,0,0,0,4,0.200,0.318
21,0,0,0,0,4,0.133,0.313
22,0,0,0,0,4,0.467,0.309
23,0,0,0,0,4,0.133,0.316
24,0,0,0,0,4,0.400,0.308
25,0,0,0,0,4,0.733,0.313
26,0,0,0,0,4,0.333,0.310
27,0,0,0,0,4,0.267,0.311
28,0,0,0,0,4,0.333,0.311
29,0,0,0,0,4,0.200,0.314
30,0,0,0,0,4,0.467,0.443
31,0,0,0,0,4,0.400,0.439
32,0,0,0,0,4,0.267,0.439
33,0,0,0,0,4,0.533,0.432
34,0,4,0,0,4,0.333,0.442
35,0,0,0,0,4,0.467,0.433
36,0,0,0,0,4,0.267,0.432
37,0,0,0,0,4,0.333,0.444
38,0,0,0,0,4,0.667,0.433
39,0,0,0,0,4,0.200,0.435
40,0,0,0,0,4,0.333,0.560
41,0,4,0,0,4,0.333,0.566
42,0,0,0,0,4,0.667,0.563
43,0,0,0,0,4,0.333,0.567
44,0,0,4,0,4,0.400,0.567
45,0,0,0,0,4,0.067,0.557
46,0,0,0,0,4,0.800,0.615
47,0,0,0,0,4,0.533,0.627
48,0,4,0,0,4,0.933,0.617
49,0,0,0,0,4,0.533,0.622
50,0,0,4,0,4,0.800,0.621
51,0,0,4,0,4,0.333,0.620
52,0,0,0,0,4,0.867,0.686
53,0,0,0,0,4,0.733,0.681
54,0,0,0,0,4,0.867,0.686
55,0,0,0,0,4,0.800,0.684
56,0,0,0,0,4,0.800,0.687
57,0,4,0,0,4,0.733,0.690
58,4,0,4,0,4,0.733,0.806
59,0,0,0,0,4,0.733,0.809
60,4,0,0,0,4,0.867,0.805
61,0,0,0,0,4,0.667,0.807
62,0,0,4,0,4,1.000,0.871
63,0,0,0,0,4,1.067,0.868
64,0,4,0,0,4,1.000,0.873
65,0,0,4,0,4,0.600,0.873
66,0,0,4,0,4,0.867,0.935
67,4,0,0,0,4,1.067,0.933
68,0,4,0,0,4,1.067,0.939
69,0,0,4,0,4,1.200,0.943
70,0,0,0,0,4,0.867,0.991
71,0,0,0,0,4,1.267,1.004
72,0,0,0,0,4,0.733,0.997
73,0,0,0,0,4,0.733,1.010
74,4,0,0,0,4,1.200,1.071
75,0,4,0,0,4,1.333,1.059
76,4,4,4,0,4,1.333,1.194
77,0,0,4,0,4,1.067,1.189
78,4,0,4,0,4,1.467,1.191
79,0,4,0,0,4,1.133,1.188
80,4,0,4,0,4,0.933,1.254
81,0,4,0,0,4,1.467,1.248
82,0,4,0,0,4,1.733,1.314
83,0,4,0,0,4,1.267,1.318
84,0,0,4,0,4,1.333,1.324
85,4,0,0,0,4,1.533,1.314
86,4,0,0,0,4,1.267,1.373
87,0,4,0,0,4,1.333,1.379
88,0,4,0,0,4,1.467,1.441
89,0,0,4,0,4,0.867,1.434
90,0,0,0,0,4,1.467,1.437
91,4,0,0,0,4,0.800,1.443
92,4,4,4,0,4,1.667,1.430
93,4,0,4,0,4,1.400,1.428
94,4,4,0,0,4,1.800,1.498
95,0,0,4,0,4,1.400,1.501
96,4,0,0,0,4,1.400,1.565
97,0,4,4,0,4,1.733,1.557
98,4,0,4,0,4,1.733,1.623
99,4,4,0,0,4,1.467,1.631
100,0,0,0,0,4,1.467,1.630
101,0,4,0,0,4,1.533,1.618
102,4,0,4,0,4,1.400,1.634
103,0,0,0,0,4,1.333,1.622
104,4,4,0,0,4,1.333,1.677
105,0,4,4,0,4,2.400,1.688
106,0,0,0,0,4,1.400,1.747
107,0,0,0,0,4,1.800,1.760
108,0,4,4,0,4,2.067,1.801
109,4,4,4,0,4,1.667,1.813
110,0,0,4,0,4,1.733,1.808
111,4,4,0,0,4,2.000,1.813
112,0,0,4,0,4,1.867,1.873
113,4,0,0,0,4,1.667,1.872
114,4,0,0,0,4,1.867,1.867
115,0,0,0,0,4,1.267,1.949
116,4,0,0,0,4,2.000,2.001
117,0,4,0,0,4,1.867,1.998
118,4,4,4,0,4,2.400,1.997
119,0,0,4,0,4,2.133,2.002
120,0,4,0,0,4,2.133,2.064
121,4,0,4,0,4,2.133,2.061
122,4,0,0,0,4,1.733,2.118
123,0,0,0,0,4,2.067,2.120
124,4,4,0,0,4,2.333,2.195
125,4,4,4,0,4,2.200,2.187
126,4,0,4,0,4,2.400,2.242
127,0,4,4,0,4,2.400,2.247
128,4,0,4,0,4,2.333,2.248
129,0,4,0,0,4,2.267,2.245
130,0,4,4,0,4,2.000,2.306
131,0,4,4,0,4,2.467,2.306
132,0,4,4,0,4,2.333,2.375
133,0,0,4,0,4,2.467,2.377
134,4,0,0,0,4,3.000,2.370
135,4,0,0,0,4,2.600,2.381
136,0,4,4,0,4,2.400,2.445
137,4,0,4,0,4,2.533,2.434
138,0,4,0,0,4,2.867,2.428
139,4,4,4,0,4,2.133,2.497
140,0,4,4,0,4,2.533,2.494
141,4,0,4,0,4,2.533,2.490
142,4,0,0,0,4,2.400,2.500
143,0,4,0,0,4,2.467,2.563
144,4,4,0,0,4,2.733,2.560
145,0,4,4,0,4,3.133,2.559
146,4,4,4,0,4,2.800,2.628
147,4,4,4,0,4,2.400,2.624
148,4,0,4,0,4,2.067,2.620
149,4,4,0,0,4,2.600,2.683
150,4,0,4,0,4,2.933,2.753
151,0,4,0,0,4,2.400,2.748
152,0,4,4,0,4,2.933,2.751
153,4,4,4,0,4,2.933,2.755
154,0,4,4,0,4,2.667,2.813
155,4,4,4,0,4,2.400,2.802
156,4,4,4,0,4,2.933,2.868
157,4,0,0,0,4,2.867,2.874
158,0,4,4,0,4,2.667,2.941
159,4,4,4,0,4,2.800,2.942
160,0,4,4,0,4,3.133,2.935
161,4,4,0,0,4,3.267,2.937
162,4,4,4,0,4,3.000,2.997
163,4,0,4,0,4,3.267,3.061
164,4,0,4,0,4,2.867,3.057
165,4,4,4,0,4,2.867,3.128
166,4,4,4,0,4,2.933,3.120
167,0,4,4,0,4,3.133,3.130
168,4,4,4,0,4,3.200,3.181
169,4,4,4,0,4,3.200,3.191
170,4,4,0,0,4,3.267,3.190
171,4,4,4,0,4,3.133,3.248
172,4,0,4,0,4,3.200,3.255
173,0,4,4,0,4,3.000,3.307
174,0,4,4,0,4,3.333,3.320
175,4,4,4,0,4,3.133,3.308
176,4,0,4,0,4,3.267,3.309
177,4,4,4,0,4,3.333,3.372
178,4,4,4,0,4,3.600,3.375
179,4,4,4,0,4,3.400,3.437
180,0,0,4,0,4,3.133,3.440
181,0,4,4,0,4,3.533,3.436
182,0,4,4,0,4,3.267,3.438
183,4,4,4,0,4,3.400,3.502
184,4,4,4,0,4,3.533,3.497
185,4,4,0,0,4,3.333,3.564
186,4,4,4,0,4,3.600,3.563
187,4,0,0,0,4,3.400,3.561
188,4,4,0,0,4,3.467,3.623
189,4,0,4,0,4,3.467,3.626
190,4,4,4,0,4,3.533,3.626
191,4,4,4,0,4,3.733,3.684
192,4,0,4,0,4,3.467,3.690
193,4,4,4,0,4,3.533,3.751
194,4,4,4,0,4,3.733,3.752
195,4,4,4,0,4,3.733,3.747
196,4,4,4,0,4,3.400,3.812
197,4,4,4,0,4,3.867,3.812
198,4,4,4,0,4,3.733,3.811
199,4,4,4,0,4,3.733,3.876
200,4,4,4,0,4,3.800,3.874
201,4,4,4,4,4,4.000,3.938
202,4,4,4,4,4,4.000,3.937
203,0,4,4,0,4,3.933,3.937
204,4,4,4,4,4,4.000,4.000
205,4,4,4,4,4,4.000,4.000
206,4,4,4,4,8,4.067,4.061
207,4,4,4,4,8,4.067,4.061
208,4,4,4,4,8,4.067,4.062
209,4,4,4,4,8,4.200,4.120
210,4,4,4,4,8,4.067,4.124
211,4,4,4,4,8,4.133,4.189
212,4,4,4,4,8,4.133,4.186
213,4,4,4,4,8,4.267,4.185
214,4,4,4,4,4,4.000,4.250
215,4,4,4,4,8,4.133,4.249
216,8,4,4,4,8,4.333,4.314
217,4,4,4,4,8,4.467,4.307
218,4,4,4,4,8,4.200,4.312
219,4,4,4,4,8,4.600,4.376
220,4,4,4,4,8,4.667,4.375
221,4,4,4,4,8,4.333,4.437
222,4,8,4,4,8,4.400,4.435
223,4,4,4,4,8,4.600,4.501
224,4,4,4,4,8,4.867,4.501
225,4,4,4,4,8,4.400,4.559
226,4,4,4,4,8,4.400,4.560
227,4,4,4,4,8,4.667,4.568
228,4,4,4,4,8,5.067,4.620
229,4,8,4,4,8,4.733,4.623
230,4,4,8,4,8,4.733,4.688
231,4,4,8,4,8,5.000,4.685
232,8,4,8,4,8,4.467,4.688
233,4,4,4,4,8,4.267,4.750
234,4,4,8,4,8,4.400,4.813
235,4,4,4,4,8,4.800,4.807
236,4,8,4,4,8,5.000,4.810
237,4,4,4,4,8,4.800,4.870
238,4,8,4,4,8,4.867,4.869
239,8,4,4,4,8,4.867,4.942
240,4,8,4,4,8,4.667,4.941
241,8,4,4,4,8,4.533,5.003
242,4,4,4,4,8,5.067,4.997
243,4,4,4,4,8,4.667,4.999
244,4,4,4,4,8,4.933,5.054
245,4,4,4,4,8,5.267,5.063
246,8,4,4,4,8,4.867,5.064
247,4,4,4,4,8,5.133,5.135
248,8,4,4,4,8,4.800,5.123
249,4,8,4,4,8,5.267,5.123
250,8,4,8,4,8,5.000,5.185
251,4,8,4,4,8,4.533,5.186
252,4,4,8,4,8,5.067,5.185
253,4,8,4,4,8,4.867,5.248
254,4,4,8,4,8,5.067,5.260
255,8,4,4,4,8,5.200,5.312
256,4,4,4,4,8,5.400,5.316
257,8,4,4,4,8,5.667,5.375
258,4,8,8,4,8,5.067,5.377
259,4,4,8,4,8,5.267,5.434
260,4,8,4,4,8,5.600,5.430
261,4,4,8,4,8,5.067,5.502
262,4,4,8,4,8,5.467,5.500
263,4,4,4,4,8,5.400,5.495
264,4,4,4,4,8,5.933,5.564
265,4,8,4,4,8,5.800,5.565
266,4,4,8,4,8,5.400,5.624
267,4,4,8,4,8,5.733,5.621
268,8,4,4,4,8,5.400,5.621
269,4,4,4,4,8,5.867,5.689
270,8,4,4,4,8,5.600,5.689
271,4,8,4,4,8,5.933,5.754
272,4,8,4,4,8,5.933,5.744
273,4,4,8,4,8,6.000,5.812
274,8,4,4,4,8,5.533,5.809
275,8,8,8,4,8,5.867,5.881
276,4,4,8,4,8,5.667,5.869
277,8,8,4,4,8,6.133,5.939
278,8,8,8,4,8,5.667,5.937
279,4,4,8,4,8,5.933,5.936
280,4,8,4,4,8,6.333,6.010
281,4,8,8,4,8,5.933,6.003
282,8,4,8,4,8,6.267,6.073
283,8,4,4,4,8,6.133,6.059
284,4,4,4,4,8,5.467,6.065
285,4,8,4,4,8,6.467,6.127
286,4,4,8,4,8,5.867,6.120
287,4,8,4,4,8,6.133,6.181
288,8,4,8,4,8,6.000,6.177
289,8,8,4,4,8,6.133,6.248
290,8,8,8,4,8,6.267,6.243
291,8,4,8,4,8,6.333,6.314
292,8,8,4,4,8,6.600,6.313
293,4,4,8,4,8,6.533,6.319
294,8,8,8,4,8,6.600,6.377
295,8,4,8,4,8,6.333,6.377
296,4,8,4,4,8,6.800,6.432
297,8,4,4,4,8,6.733,6.437
298,8,8,4,4,8,6.933,6.435
299,8,8,8,4,8,6.533,6.499
300,8,4,8,4,8,6.533,6.505
301,4,4,4,4,8,6.733,6.501
302,8,4,4,4,8,6.600,6.562
303,4,4,8,4,8,6.467,6.617
304,8,4,4,4,8,6.867,6.632
305,4,8,8,4,8,6.533,6.686
306,8,8,8,4,8,6.667,6.686
307,8,4,8,4,8,6.533,6.683
308,8,8,8,4,8,6.867,6.755
309,8,4,8,4,8,6.867,6.751
310,4,8,4,4,8,6.667,6.810
311,8,4,8,4,8,7.133,6.812
312,4,8,4,4,8,6.867,6.820
313,4,8,8,4,8,6.667,6.875
314,4,8,8,4,8,6.933,6.872
315,8,8,8,4,8,6.733,6.939
316,8,4,8,4,8,6.733,6.937
317,4,8,8,4,8,7.200,7.001
318,8,4,8,4,8,7.333,7.000
319,4,4,4,4,8,7.267,7.011
320,8,8,8,4,8,7.000,7.058
321,4,8,8,4,8,6.733,7.065
322,8,8,8,4,8,7.000,7.126
323,8,8,8,4,8,7.067,7.125
324,8,8,4,4,8,7.000,7.189
325,8,4,8,4,8,6.800,7.181
326,4,8,8,4,8,7.333,7.257
327,8,8,8,4,8,7.333,7.250
328,4,8,4,4,8,7.200,7.253
329,8,8,8,4,8,7.333,7.311
330,8,8,8,4,8,7.133,7.318
331,8,8,8,4,8,7.133,7.375
332,8,8,8,4,8,7.133,7.371
333,4,8,8,4,8,7.133,7.381
334,8,8,8,4,8,7.533,7.441
335,4,8,8,4,8,7.400,7.442
336,8,8,8,4,8,7.333,7.498
337,8,8,8,4,8,7.467,7.504
338,4,8,8,4,8,7.467,7.505
339,8,8,8,4,8,7.467,7.563
340,8,8,8,4,8,7.467,7.562
341,8,8,8,4,8,7.667,7.566
342,8,8,8,4,8,7.800,7.625
343,8,8,8,4,8,7.600,7.623
344,8,8,4,4,8,7.733,7.682
345,8,8,8,4,8,7.667,7.690
346,8,8,8,4,8,7.800,7.747
347,8,8,8,4,8,7.733,7.752
348,8,8,8,4,8,7.600,7.751
349,8,8,8,4,8,7.867,7.811
350,8,8,8,4,8,7.933,7.813
351,8,8,8,4,8,7.867,7.875
352,8,8,8,4,8,7.867,7.875
353,8,8,8,4,8,7.933,7.940
354,8,8,8,8,8,8.000,7.937
355,8,8,8,4,8,7.867,7.936
356,8,8,8,8,8,8.000,8.000
357,8,8,8,8,8,8.000,8.000
358,8,8,8,8,8,8.000,8.063
359,8,8,8,8,12,8.067,8.063
360,8,8,8,8,12,8.067,8.059
361,8,8,8,8,8,8.000,8.123
362,8,8,8,8,12,8.200,8.125
363,8,8,8,8,12,8.333,8.188
364,8,8,8,8,12,8.133,8.247
365,8,8,8,8,12,8.533,8.245
366,8,12,8,8,12,8.133,8.253
367,8,12,8,8,12,8.400,8.250
368,8,8,8,8,12,8.400,8.317
369,8,8,8,8,12,8.267,8.308
370,8,8,8,8,12,8.467,8.377
371,8,8,8,8,12,8.400,8.438
372,8,8,8,8,12,8.333,8.435
373,8,8,8,8,12,8.933,8.502
374,8,12,8,8,12,8.467,8.497
375,8,8,8,8,12,8.733,8.504
376,8,12,8,8,12,8.600,8.558
377,8,8,12,8,12,8.267,8.563
378,8,8,8,8,12,8.467,8.622
379,8,8,8,8,12,8.333,8.619
380,8,8,8,8,12,8.600,8.694
381,8,8,8,8,12,8.667,8.682
382,8,8,8,8,12,9.067,8.681
383,8,8,8,8,12,8.867,8.745
384,12,8,8,8,12,8.867,8.810
385,8,8,8,8,12,9.133,8.810
386,12,12,8,8,12,8.667,8.873
387,8,12,12,8,12,8.733,8.870
388,8,12,8,8,12,9.133,8.872
389,8,8,12,8,12,8.800,8.929
390,8,8,8,8,12,8.867,8.938
391,12,8,8,8,12,8.867,9.005
392,8,8,8,8,12,8.933,9.004
393,8,8,8,8,12,8.933,9.065
394,8,12,8,8,12,8.933,9.063
395,8,8,12,8,12,9.267,9.060
396,12,12,8,8,12,8.667,9.126
397,12,8,12,8,12,9.267,9.122
398,12,8,8,8,12,9.400,9.190
399,8,12,8,8,12,9.067,9.188
400,8,8,8,8,12,9.200,9.246
401,8,12,8,8,12,9.067,9.252
402,8,8,12,8,12,9.533,9.313
403,12,12,12,8,12,9.200,9.319
404,12,12,12,8,12,8.933,9.318
405,12,8,12,8,12,9.733,9.381
406,12,8,8,8,12,9.333,9.437
407,12,8,8,8,12,9.667,9.438
408,8,12,8,8,12,9.200,9.447
409,12,12,12,8,12,9.800,9.497
410,8,12,12,8,12,9.267,9.511
411,12,8,8,8,12,9.200,9.562
412,8,8,8,8,12,9.867,9.574
413,12,8,8,8,12,9.533,9.625
414,8,8,8,8,12,9.333,9.629
415,12,8,8,8,12,9.600,9.628
416,8,8,8,8,12,9.867,9.691
417,12,8,8,8,12,9.667,9.686
418,12,12,8,8,12,9.800,9.750
419,12,8,12,8,12,10.133,9.755
420,12,8,8,8,12,9.933,9.807
421,12,8,8,8,12,9.267,9.816
422,8,12,8,8,12,9.133,9.889
423,8,8,12,8,12,9.667,9.880
424,8,12,8,8,12,10.133,9.935
425,8,8,12,8,12,10.067,9.937
426,12,12,8,8,12,9.800,9.992
427,12,8,12,8,12,9.933,10.000
428,8,12,8,8,12,9.800,9.999
429,8,12,12,8,12,9.933,10.067
430,8,8,12,8,12,9.867,10.061
431,8,8,8,8,12,10.000,10.117
432,8,12,8,8,12,9.867,10.190
433,8,12,12,8,12,9.933,10.185
434,8,8,12,8,12,10.267,10.252
435,12,12,8,8,12,10.200,10.245
436,8,8,12,8,12,10.267,10.251
437,8,12,8,8,12,10.533,10.309
438,8,8,12,8,12,10.333,10.369
439,12,8,8,8,12,10.067,10.374
440,8,12,8,8,12,10.333,10.437
441,12,12,8,8,12,10.667,10.425
442,12,12,12,8,12,10.533,10.437
443,12,12,12,8,12,10.400,10.504
444,8,12,12,8,12,10.067,10.498
445,12,8,8,8,12,10.600,10.551
446,12,8,12,8,12,10.533,10.555
447,12,8,8,8,12,10.200,10.565
448,8,8,8,8,12,10.467,10.629
449,12,12,8,8,12,10.733,10.622
450,12,12,12,8,12,10.467,10.621
451,12,8,12,8,12,10.600,10.689
452,12,12,12,8,12,11.000,10.681
453,12,12,12,8,12,10.933,10.746
454,12,8,12,8,12,10.467,10.752
455,8,8,8,8,12,10.867,10.824
456,8,12,12,8,12,10.933,10.816
457,8,12,12,8,12,10.933,10.808
458,12,12,12,8,12,10.800,10.872
459,12,12,12,8,12,11.000,10.871
460,12,12,12,8,12,10.867,10.940
461,8,12,12,8,12,10.933,10.935
462,12,8,12,8,12,10.933,10.942
463,12,8,12,8,12,10.867,10.999
464,8,12,8,8,12,10.933,11.007
465,8,12,12,8,12,11.333,11.055
466,12,12,12,8,12,11.400,11.065
467,12,12,8,8,12,10.933,11.127
468,12,12,12,8,12,11.200,11.121
469,12,8,12,8,12,11.267,11.122
470,12,8,12,8,12,11.333,11.194
471,12,12,12,8,12,11.267,11.187
472,8,12,8,8,12,11.467,11.191
473,8,8,8,8,12,11.267,11.252
474,12,12,8,8,12,11.133,11.307
475,12,12,12,8,12,11.133,11.316
476,12,8,8,8,12,11.400,11.312
477,12,12,12,8,12,11.467,11.308
478,12,12,12,8,12,11.600,11.369
479,8,12,12,8,12,11.467,11.439
480,12,8,12,8,12,11.467,11.440
481,12,12,12,8,12,11.467,11.498
482,12,12,12,8,12,11.600,11.496
483,8,12,12,8,12,11.400,11.500
484,12,12,8,8,12,11.600,11.565
485,12,12,12,8,12,11.867,11.565
486,12,12,12,8,12,11.667,11.629
487,12,12,12,8,12,11.467,11.624
488,12,12,12,8,12,11.533,11.686
489,12,12,12,8,12,11.667,11.689
490,8,8,12,8,12,11.533,11.686
491,12,12,8,8,12,11.667,11.749
492,12,12,12,8,12,11.933,11.751
493,12,12,12,8,12,11.867,11.812
494,12,12,12,8,12,11.733,11.812
495,12,12,12,8,12,11.867,11.874
496,12,12,12,8,12,11.933,11.874
497,12,12,12,8,12,11.800,11.874
498,12,12,12,8,12,11.933,11.935
499,12,12,12,8,12,11.867,11.937
500,12,12,12,12,12,12.000,12.000
501,12,12,12,12,12,12.000,12.000
502,12,12,16,12,12,12.000,12.062
503,12,12,12,12,12,12.000,12.060
504,12,12,12,12,16,12.200,12.128
505,12,12,12,12,16,12.067,12.124
506,12,12,12,12,16,12.067,12.122
507,12,12,12,12,16,12.200,12.183
508,12,12,12,12,16,12.467,12.248
509,12,12,12,12,16,12.267,12.256
510,12,12,12,12,16,12.200,12.251
511,12,12,12,12,16,12.200,12.312
512,12,12,16,12,16,12.333,12.313
513,16,12,12,12,16,12.533,12.374
514,12,12,12,12,16,12.200,12.378
515,12,12,16,12,16,12.267,12.440
516,12,12,12,12,16,12.600,12.439
517,12,16,12,12,16,12.467,12.497
518,12,12,12,12,16,12.733,12.503
519,12,12,12,12,16,12.533,12.563
520,12,12,12,12,16,12.600,12.557
521,12,16,12,12,16,12.533,12.621
522,12,12,12,12,16,12.600,12.631
523,12,16,12,12,16,12.733,12.686
524,12,12,12,12,16,12.400,12.682
525,12,12,16,12,16,12.800,12.686
526,12,12,12,12,16,12.933,12.743
527,12,12,16,12,16,12.733,12.742
528,12,12,12,12,16,12.533,12.806
529,12,12,12,12,16,12.867,12.819
530,12,16,12,12,16,12.733,12.871
531,16,12,16,12,16,12.667,12.871
532,12,12,12,12,16,12.533,12.934
533,16,12,16,12,16,12.933,12.939
534,16,12,12,12,16,13.133,12.993
535,12,12,12,12,16,13.067,12.999
536,16,12,12,12,16,13.067,13.067
537,12,12,12,12,16,13.000,13.059
538,12,12,12,12,16,13.000,13.061
539,12,12,12,12,16,12.933,13.116
540,16,12,12,12,16,13.067,13.121
541,12,16,12,12,16,13.133,13.187
542,12,12,16,12,16,13.200,13.186
543,12,12,12,12,16,13.000,13.187
544,12,12,12,12,16,13.133,13.251
545,12,12,12,12,16,13.133,13.248
546,12,12,12,12,16,13.000,13.310
547,12,16,12,12,16,13.200,13.322
548,12,12,12,12,16,13.267,13.378
549,12,12,12,12,16,13.467,13.377
550,12,16,12,12,16,13.400,13.440
551,12,12,16,12,16,13.200,13.436
552,12,12,12,12,16,13.267,13.433
553,12,16,12,12,16,13.267,13.508
554,12,12,16,12,16,13.400,13.505
555,12,12,12,12,16,13.800,13.552
556,12,12,16,12,16,13.200,13.555
557,16,16,12,12,16,13.467,13.626
558,16,16,16,12,16,13.267,13.627
559,12,16,12,12,16,13.800,13.622
560,12,16,16,12,16,13.733,13.693
561,12,12,16,12,16,13.600,13.685
562,12,16,16,12,16,13.800,13.758
563,12,12,16,12,16,13.533,13.754
564,16,16,12,12,16,14.133,13.808
565,12,16,16,12,16,13.533,13.809
566,16,16,16,12,16,13.733,13.872
567,16,16,16,12,16,13.800,13.872
568,12,12,16,12,16,13.667,13.928
569,12,16,12,12,16,14.000,13.938
570,16,16,16,12,16,13.933,13.988
571,12,12,16,12,16,13.467,13.998
572,16,16,12,12,16,13.933,13.998
573,12,16,16,12,16,13.800,14.072
574,16,16,16,12,16,13.867,14.052
575,16,12,16,12,16,13.867,14.127
576,16,16,12,12,16,14.267,14.122
577,16,16,16,12,16,13.933,14.193
578,16,16,16,12,16,13.933,14.194
579,16,12,16,12,16,14.067,14.255
580,12,12,12,12,16,14.067,14.248
581,16,16,16,12,16,14.333,14.306
582,16,12,16,12,16,14.200,14.325
583,16,16,12,12,16,14.533,14.373
584,16,16,16,12,16,14.533,14.381
585,12,16,16,12,16,14.600,14.437
586,16,12,16,12,16,14.200,14.433
587,16,16,12,12,16,14.600,14.436
588,16,16,16,12,16,14.400,14.490
589,16,16,16,12,16,14.600,14.503
590,16,16,16,12,16,14.600,14.556
591,16,16,16,12,16,14.533,14.564
592,12,12,16,12,16,14.400,14.635
593,16,16,16,12,16,14.667,14.627
594,16,16,16,12,16,14.933,14.681
595,16,16,12,12,16,14.867,14.689
596,12,16,12,12,16,14.400,14.749
597,16,12,16,12,16,14.667,14.750
598,16,16,12,12,16,15.200,14.815
599,16,16,16,12,16,14.867,14.879
600,16,16,16,12,16,15.133,14.885
601,16,12,16,12,16,15.133,14.879
602,12,12,16,12,16,15.133,14.938
603,16,12,12,12,16,14.733,14.937
604,16,12,16,12,16,14.800,14.997
605,16,16,16,12,16,15.133,15.000
606,16,16,16,12,16,15.400,15.067
607,16,12,12,12,16,15.400,15.066
608,16,16,12,12,16,15.333,15.123
609,16,12,16,12,16,15.000,15.122
610,16,12,12,12,16,15.400,15.185
611,12,12,16,12,16,15.467,15.187
612,16,16,16,12,16,15.067,15.250
613,12,12,12,12,16,15.133,15.248
614,12,16,12,12,16,15.267,15.246
615,16,16,16,12,16,15.333,15.317
616,16,16,16,12,16,15.333,15.307
617,16,12,16,12,16,15.467,15.374
618,16,16,16,12,16,15.467,15.372
619,12,16,16,12,16,15.667,15.439
620,12,12,16,12,16,15.267,15.437
621,16,16,16,12,16,15.600,15.437
622,16,16,12,12,16,15.667,15.504
623,12,16,16,12,16,15.533,15.503
624,16,16,16,12,16,15.400,15.558
625,16,16,16,12,16,15.733,15.559
626,16,16,16,12,16,15.800,15.571
627,16,16,16,12,16,15.733,15.616
628,16,16,16,12,16,15.600,15.628
629,16,16,16,12,16,15.733,15.693
630,12,16,16,12,16,15.533,15.754
631,16,16,16,12,16,15.733,15.747
632,16,16,16,12,16,15.600,15.813
633,16,16,16,12,16,15.800,15.815
634,16,16,16,12,16,15.800,15.817
635,16,16,16,12,16,15.733,15.874
636,16,16,16,12,16,15.867,15.874
637,16,16,16,12,16,15.867,15.935
638,16,16,16,12,16,15.933,15.937
639,16,16,16,16,16,16.000,16.000
640,16,16,16,16,16,16.000,16.000
641,16,16,16,16,16,16.000,16.000
642,16,16,16,16,20,16.067,16.062
643,16,16,16,16,20,16.067,16.123
644,16,16,16,16,20,16.133,16.122
645,16,20,16,16,20,16.133,16.184
646,16,16,16,16,20,16.067,16.186
647,16,16,16,16,20,16.267,16.249
648,16,16,16,16,20,16.200,16.248
649,16,16,16,16,20,16.067,16.249
650,16,16,20,16,20,16.333,16.312
651,16,16,16,16,20,16.467,16.308
652,16,16,20,16,20,16.400,16.374
653,16,16,16,16,20,16.267,16.377
654,16,16,16,16,20,16.267,16.434
655,16,16,16,16,20,16.533,16.431
656,16,20,16,16,20,16.733,16.493
657,20,16,16,16,20,16.467,16.497
658,16,16,16,16,20,16.800,16.568
659,16,16,16,16,20,16.400,16.563
660,16,16,16,16,20,16.733,16.619
661,16,16,16,16,20,16.467,16.627
662,16,16,16,16,20,16.733,16.687
663,16,16,16,16,20,16.533,16.685
664,16,16,16,16,20,16.733,16.752
665,16,16,16,16,20,16.933,16.747
666,20,16,20,16,20,16.467,16.812
667,16,16,16,16,20,17.333,16.809
668,16,16,20,16,20,16.600,16.880
669,16,16,16,16,20,16.933,16.875
670,16,16,16,16,20,16.667,16.934
671,16,16,16,16,20,16.600,16.934
672,16,16,16,16,20,17.133,16.946
673,16,16,16,16,20,16.800,16.999
674,16,16,16,16,20,16.800,17.010
675,16,16,16,16,20,16.533,16.994
676,16,16,20,16,20,17.067,17.066
677,16,16,16,16,20,16.867,17.123
678,16,16,16,16,20,16.933,17.129
679,16,16,16,16,20,17.000,17.187
680,16,16,16,16,20,17.333,17.175
681,16,16,16,16,20,17.533,17.194
682,16,20,16,16,20,17.133,17.251
683,16,16,16,16,20,17.533,17.251
684,20,16,16,16,20,17.067,17.312
685,16,16,16,16,20,17.067,17.313
686,16,16,16,16,20,17.333,17.371
687,16,16,20,16,20,17.533,17.377
688,20,16,16,16,20,17.333,17.382
689,16,20,16,16,20,16.933,17.439
690,16,16,16,16,20,18.067,17.430
691,16,20,16,16,20,17.267,17.500
692,20,16,16,16,20,17.400,17.495
693,16,16,16,16,20,17.600,17.551
694,16,16,16,16,20,17.867,17.565
695,16,16,16,16,20,17.733,17.623
696,16,20,16,16,20,17.667,17.623
697,16,16,20,16,20,17.400,17.619
698,20,20,16,16,20,17.400,17.680
699,20,16,20,16,20,17.200,17.682
700,16,16,16,16,20,17.733,17.748
701,16,20,16,16,20,17.933,17.744
702,16,20,20,16,20,18.000,17.812
703,20,20,20,16,20,18.000,17.808
704,16,20,20,16,20,17.800,17.805
705,16,16,20,16,20,17.867,17.880
706,20,20,16,16,20,17.867,17.942
707,16,16,20,16,20,18.200,17.931
708,20,20,16,16,20,17.467,17.938
709,16,20,20,16,20,18.267,18.002
710,16,16,20,16,20,17.733,18.003
711,16,20,16,16,20,18.333,18.059
712,20,20,20,16,20,17.667,18.066
713,20,20,20,16,20,17.800,18.109
714,20,16,20,16,20,18.733,18.112
715,20,16,16,16,20,18.200,18.188
716,16,16,16,16,20,18.200,18.197
717,16,16,16,16,20,17.733,18.190
718,20,16,16,16,20,18.067,18.251
719,20,20,16,16,20,18.267,18.254
720,20,20,20,16,20,18.333,18.310
721,20,16,16,16,20,18.333,18.305
722,20,16,16,16,20,18.200,18.376
723,20,20,16,16,20,18.000,18.376
724,16,20,20,16,20,18.600,18.443
725,20,16,20,16,20,18.533,18.434
726,20,20,16,16,20,18.600,18.497
727,16,16,16,16,20,18.000,18.505
728,20,16,16,16,20,18.333,18.552
729,20,20,20,16,20,18.800,18.550
730,20,20,20,16,20,18.533,18.556
731,16,20,16,16,20,18.667,18.620
732,16,16,20,16,20,18.933,18.624
733,16,16,16,16,20,18.600,18.685
734,16,20,16,16,20,18.400,18.695
735,16,20,20,16,20,19.133,18.748
736,20,16,20,16,20,18.800,18.751
737,16,20,20,16,20,18.867,18.758
738,16,20,20,16,20,19.067,18.818
739,16,20,20,16,20,18.933,18.809
740,20,16,20,16,20,18.467,18.875
741,20,20,20,16,20,18.933,18.881
742,16,20,20,16,20,19.067,18.941
743,16,20,20,16,20,18.733,18.944
744,20,20,20,16,20,19.267,19.002
745,20,20,20,16,20,19.067,19.004
746,20,20,16,16,20,18.600,19.063
747,20,20,20,16,20,19.200,19.057
748,20,20,20,16,20,19.267,19.126
749,20,20,16,16,20,19.133,19.120
750,16,20,16,16,20,19.067,19.131
751,20,20,20,16,20,19.333,19.187
752,20,16,20,16,20,19.067,19.186
753,20,20,16,16,20,19.067,19.253
754,20,20,16,16,20,19.267,19.253
755,20,20,20,16,20,19.533,19.316
756,20,20,16,16,20,19.400,19.318
757,20,20,20,16,20,19.000,19.316
758,20,20,20,16,20,18.867,19.369
759,20,20,20,16,20,19.600,19.379
760,20,20,20,16,20,19.067,19.434
761,20,20,16,16,20,19.667,19.504
762,20,20,20,16,20,19.933,19.494
763,20,16,20,16,20,19.667,19.563
764,20,20,16,16,20,19.333,19.559
765,20,20,20,16,20,19.667,19.561
766,20,20,20,16,20,19.467,19.625
767,20,16,20,16,20,19.667,19.626
768,20,16,16,16,20,19.600,19.693
769,20,20,20,16,20,19.667,19.688
770,16,20,20,16,20,19.800,19.745
771,20,20,20,16,20,19.867,19.749
772,20,16,20,16,20,19.667,19.751
773,16,20,16,16,20,19.933,19.809
774,16,20,20,16,20,19.733,19.875
775,20,20,20,20,20,20.000,19.876
776,20,20,16,20,20,20.000,19.938
777,20,20,20,16,20,19.933,19.936
778,20,20,20,16,20,19.933,19.934
779,20,20,20,20,20,20.000,20.000
780,20,20,20,20,20,20.000,20.000
781,20,20,20,20,24,20.067,20.059
782,20,20,20,20,20,20.000,20.061
783,20,20,20,20,24,20.067,20.125
784,20,20,20,20,24,20.267,20.124
785,20,20,20,20,24,20.333,20.129
786,20,20,20,20,24,20.200,20.191
787,20,20,20,20,24,20.267,20.248
788,20,20,20,20,24,20.133,20.244
789,20,20,20,20,24,20.400,20.247
790,20,20,20,20,24,20.200,20.310
791,20,20,20,20,24,20.267,20.310
792,20,20,20,20,24,20.467,20.375
793,20,20,20,20,24,20.133,20.375
794,20,20,20,20,24,20.267,20.431
795,20,20,20,20,24,20.267,20.436
796,20,20,20,20,24,20.467,20.501
797,20,20,20,20,24,20.600,20.491
798,20,20,20,20,24,20.400,20.565
799,20,20,20,20,24,20.267,20.564
800,20,20,20,20,24,20.333,20.566
801,20,20,20,20,24,20.200,20.621
802,20,20,20,20,24,20.600,20.684
803,20,20,20,20,24,20.400,20.685
804,20,20,20,20,24,20.733,20.684
805,20,20,20,20,24,20.867,20.746
806,20,20,20,20,24,20.267,20.745
807,24,20,20,20,24,20.800,20.819
808,20,20,20,20,24,20.733,20.807
809,20,20,24,20,24,21.000,20.879
810,20,20,20,20,24,21.133,20.942
811,20,20,20,20,24,20.867,20.943
812,20,20,20,20,24,20.867,20.937
813,20,20,24,20,24,20.733,20.997
814,20,20,20,20,24,20.667,20.997
815,20,24,20,20,24,21.067,21.058
816,20,20,20,20,24,21.067,21.059
817,20,20,20,20,24,21.133,21.115
818,20,20,20,20,24,20.933,21.118
819,20,24,20,20,24,21.267,21.127
820,20,20,24,20,24,21.067,21.186
821,20,24,20,20,24,21.067,21.263
822,20,24,24,20,24,21.467,21.256
823,20,20,20,20,24,21.267,21.311
824,20,24,20,20,24,22.067,21.317
825,24,20,24,20,24,21.067,21.366
826,20,20,20,20,24,21.533,21.373
827,20,24,20,20,24,21.867,21.377
828,20,24,24,20,24,21.467,21.432
829,24,24,20,20,24,21.333,21.443
830,20,24,20,20,24,21.733,21.512
831,20,20,24,20,24,21.533,21.495
832,24,20,20,20,24,21.667,21.557
833,20,24,20,20,24,21.533,21.577
834,20,24,24,20,24,21.667,21.562
835,20,20,24,20,24,21.600,21.627
836,20,24,20,20,24,21.467,21.685
837,24,20,24,20,24,21.600,21.684
838,24,20,20,20,24,21.333,21.692
839,24,24,20,20,24,21.533,21.745
840,20,24,24,20,24,21.267,21.760
841,24,24,20,20,24,22.000,21.805
842,20,20,24,20,24,21.733,21.818
843,20,24,20,20,24,22.000,21.877
844,24,20,24,20,24,21.467,21.875
845,24,20,20,20,24,22.000,21.941
846,24,24,20,20,24,22.200,21.926
847,24,24,24,20,24,21.867,21.938
848,20,24,24,20,24,22.267,21.991
849,24,20,24,20,24,22.400,22.007
850,24,24,20,20,24,22.333,22.053
851,24,20,24,20,24,22.067,22.066
852,20,20,20,20,24,21.867,22.066
853,24,24,20,20,24,22.267,22.121
854,20,24,24,20,24,22.267,22.124
855,20,24,24,20,24,22.533,22.187
856,24,20,24,20,24,22.000,22.185
857,24,24,24,20,24,22.200,22.251
858,24,20,24,20,24,22.133,22.251
859,20,24,20,20,24,22.200,22.314
860,24,24,24,20,24,22.333,22.303
861,20,24,24,20,24,22.067,22.307
862,20,24,24,20,24,22.067,22.375
863,24,24,24,20,24,22.333,22.368
864,24,24,24,20,24,22.667,22.433
865,24,20,24,20,24,22.067,22.444
866,20,24,20,20,24,22.133,22.431
867,24,24,24,20,24,22.733,22.485
868,20,24,24,20,24,22.467,22.489
869,24,20,24,20,24,22.400,22.563
870,24,24,20,20,24,22.533,22.556
871,24,24,24,20,24,22.600,22.618
872,24,20,20,20,24,22.800,22.619
873,24,24,20,20,24,22.867,22.692
874,24,24,24,20,24,22.800,22.686
875,20,24,24,20,24,22.267,22.752
876,24,20,24,20,24,22.600,22.746
877,24,24,20,20,24,22.667,22.813
878,24,20,24,20,24,22.867,22.810
879,24,20,20,20,24,23.000,22.879
880,24,24,20,20,24,23.000,22.874
881,24,24,24,20,24,22.800,22.880
882,20,24,24,20,24,22.800,22.939
883,24,20,24,20,24,22.733,22.938
884,24,24,20,20,24,22.867,23.000
885,24,24,24,20,24,23.000,22.999
886,20,20,24,20,24,23.267,23.058
887,24,24,24,20,24,23.533,23.060
888,20,24,24,20,24,23.000,23.128
889,20,24,24,20,24,23.067,23.120
890,24,24,24,20,24,23.067,23.187
891,24,24,24,20,24,23.333,23.185
892,24,24,24,20,24,23.333,23.248
893,24,24,24,20,24,23.000,23.249
894,24,20,24,20,24,23.333,23.248
895,24,24,24,20,24,23.000,23.304
896,24,24,24,20,24,23.133,23.313
897,24,24,24,20,24,23.200,23.382
898,24,24,24,20,24,23.400,23.377
899,24,24,24,20,24,23.067,23.437
900,24,24,24,20,24,23.467,23.443
901,24,24,24,20,24,23.667,23.434
902,24,24,24,20,24,23.467,23.501
903,24,24,24,20,24,23.400,23.561
904,20,24,24,20,24,23.800,23.558
905,24,24,24,20,24,23.800,23.624
906,24,24,24,20,24,23.600,23.623
907,24,24,24,20,24,23.467,23.685
908,24,24,24,20,24,23.800,23.688
909,24,24,24,20,24,23.667,23.691
910,24,20,24,20,24,23.533,23.749
911,24,24,24,20,24,23.933,23.812
912,24,24,24,20,24,23.867,23.814
913,24,24,24,20,24,23.933,23.876
914,24,24,24,20,24,23.933,23.871
915,24,24,24,20,24,23.800,23.874
916,24,24,24,24,24,24.000,23.939
917,24,24,24,20,24,23.933,23.936
918,24,24,24,24,24,24.000,24.000
919,24,24,24,24,24,24.000,24.000
920,24,24,24,24,24,24.000,24.000
921,24,24,24,24,28,24.133,24.061
922,24,24,24,24,24,24.000,24.064
923,24,24,24,24,28,24.067,24.124
924,24,24,24,24,24,24.000,24.124
925,24,24,24,24,28,24.467,24.187
926,24,24,24,24,28,24.267,24.188
927,24,24,24,24,28,24.267,24.249
928,24,24,24,24,28,24.200,24.249
929,24,24,28,24,28,24.200,24.250
930,24,24,24,24,28,24.267,24.309
931,24,24,24,24,28,24.400,24.312
932,24,24,24,24,28,24.267,24.373
933,24,24,24,24,28,24.667,24.367
934,24,28,24,24,28,24.267,24.382
935,24,24,28,24,28,24.467,24.435
936,28,24,24,24,28,24.600,24.502
937,24,28,24,24,28,24.733,24.500
938,24,24,24,24,28,24.867,24.494
939,24,24,24,24,28,24.333,24.558
940,24,24,24,24,28,24.533,24.620
941,24,24,24,24,28,24.467,24.630
942,24,24,28,24,28,24.600,24.629
943,24,24,24,24,28,24.400,24.689
944,28,24,24,24,28,24.600,24.690
945,28,24,24,24,28,24.667,24.748
946,24,28,24,24,28,24.667,24.755
947,28,24,28,24,28,24.933,24.807
948,28,28,24,24,28,24.800,24.811
949,28,24,24,24,28,24.933,24.815
950,24,24,24,24,28,24.600,24.868
951,28,24,24,24,28,24.667,24.874
952,24,24,24,24,28,24.933,24.932
953,24,24,28,24,28,24.600,24.933
954,24,24,24,24,28,24.933,24.932
955,24,28,28,24,28,24.800,24.998
956,28,28,28,24,28,25.067,24.997
957,24,24,24,24,28,25.333,25.053
958,28,28,28,24,28,24.800,25.069
959,24,24,28,24,28,25.067,25.133
960,24,24,24,24,28,25.400,25.185
961,24,24,24,24,28,25.067,25.187
962,24,24,24,24,28,25.333,25.188
963,24,24,24,24,28,25.467,25.245
964,24,28,24,24,28,25.267,25.244
965,28,24,28,24,28,25.400,25.313
966,28,28,24,24,28,25.200,25.313
967,24,28,28,24,28,25.733,25.370
968,28,24,28,24,28,25.400,25.375
969,24,28,28,24,28,25.600,25.370
970,24,24,28,24,28,25.800,25.437
971,24,24,24,24,28,25.400,25.431
972,28,28,24,24,28,25.933,25.503
973,24,28,28,24,28,25.400,25.504
974,28,28,28,24,28,26.200,25.558
975,28,24,28,24,28,25.267,25.621
976,24,28,24,24,28,25.133,25.622
977,28,24,28,24,28,25.733,25.631
978,24,24,24,24,28,26.267,25.689
979,24,24,24,24,28,25.267,25.694
980,24,28,24,24,28,25.733,25.749
981,28,24,24,24,28,25.800,25.750
982,24,24,24,24,28,25.733,25.806
983,28,28,24,24,28,25.667,25.815
984,28,24,28,24,28,25.533,25.815
985,28,28,24,24,28,25.733,25.880
986,28,24,28,24,28,25.667,25.947
987,24,24,24,24,28,25.733,25.932
988,24,28,24,24,28,25.733,26.003
989,28,24,28,24,28,25.800,25.999
990,28,28,24,24,28,25.800,26.001
991,28,24,28,24,28,25.600,26.056
992,24,24,24,24,28,25.667,26.057
993,28,28,24,24,28,26.133,26.129
994,24,28,28,24,28,26.467,26.127
995,28,24,28,24,28,26.200,26.183
996,24,28,28,24,28,26.467,26.193
997,28,24,28,24,28,26.133,26.247
998,24,24,24,24,28,25.933,26.259
999,24,28,24,24,28,26.200,26.315
1000,28,28,28,24,28,26.333,26.311
1001,24,28,28,24,28,26.133,26.325
1002,28,28,28,24,28,26.400,26.373
1003,24,28,28,24,28,26.867,26.382
1004,28,24,28,24,28,26.267,26.435
1005,28,28,24,24,28,26.267,26.431
1006,24,28,28,24,28,26.600,26.500
1007,28,24,28,24,28,26.467,26.495
1008,24,28,28,24,28,26.467,26.564
1009,24,28,28,24,28,26.667,26.563
1010,28,24,28,24,28,26.200,26.555
1011,28,24,24,24,28,26.333,26.619
1012,28,28,24,24,28,26.667,26.616
1013,28,28,24,24,28,27.000,26.688
1014,24,28,28,24,28,26.667,26.691
1015,28,28,28,24,28,26.733,26.740
1016,28,28,28,24,28,26.867,26.754
1017,28,28,24,24,28,26.200,26.746
1018,28,28,28,24,28,26.667,26.808
1019,28,28,28,24,28,27.200,26.814
1020,28,28,28,24,28,26.667,26.866
1021,24,28,28,24,28,26.800,26.877
1022,28,28,28,24,28,26.733,26.927
1023,28,28,24,24,28,27.200,26.939
1024,28,28,28,24,28,26.333,27.002
1025,28,28,28,24,28,26.800,27.001
1026,28,28,24,24,28,27.067,27.063
1027,28,28,28,24,28,27.000,27.063
1028,28,28,28,24,28,27.267,27.128
1029,28,24,28,24,28,26.733,27.118
1030,28,28,28,24,28,27.267,27.120
1031,28,28,28,24,28,27.267,27.197
1032,28,28,28,24,28,27.467,27.193
1033,28,28,28,24,28,27.400,27.247
1034,28,28,28,24,28,27.400,27.255
1035,28,28,28,24,28,27.133,27.320
1036,28,28,28,24,28,26.933,27.307
1037,28,28,28,24,28,27.333,27.370
1038,28,28,24,24,28,27.267,27.374
1039,24,28,28,24,28,27.400,27.375
1040,28,28,24,24,28,27.333,27.440
1041,28,28,28,24,28,27.467,27.504
1042,28,28,28,24,28,27.667,27.502
1043,28,28,28,24,28,27.667,27.558
1044,28,28,28,24,28,27.733,27.565
1045,28,28,28,24,28,27.400,27.563
1046,28,28,28,24,28,27.667,27.623
1047,28,28,28,24,28,27.467,27.621
1048,28,28,28,24,28,27.667,27.688
1049,28,28,28,24,28,27.867,27.684
1050,28,28,28,24,28,27.800,27.690
1051,28,28,28,24,28,27.867,27.751
1052,28,28,28,24,28,27.533,27.750
1053,28,28,24,28,28,28.000,27.814
1054,28,28,28,24,28,27.733,27.872
1055,28,28,28,24,28,27.933,27.877
1056,28,28,28,24,28,27.867,27.937
1057,28,28,28,28,28,28.000,27.938
1058,28,28,28,24,28,27.933,27.940
1059,28,28,28,28,28,28.000,28.000
1060,28,28,28,28,28,28.000,28.000
1061,28,28,28,28,32,28.067,28.062
1062,28,28,28,28,32,28.067,28.062
1063,28,28,28,28,32,28.067,28.123
1064,28,28,28,28,28,28.000,28.126
1065,28,28,28,28,32,28.200,28.185
1066,28,28,28,28,32,28.267,28.185
1067,28,28,28,28,32,28.133,28.247
1068,28,28,28,28,32,28.067,28.252
1069,28,28,28,28,32,28.467,28.312
1070,28,28,28,28,32,28.333,28.310
1071,28,28,28,28,32,28.267,28.374
1072,28,28,32,28,32,28.467,28.371
1073,28,28,28,28,32,28.333,28.376
1074,28,28,32,28,32,28.467,28.438
1075,32,32,28,28,32,28.333,28.440
1076,28,32,28,28,32,28.467,28.502
1077,28,32,28,28,32,28.333,28.502
1078,28,28,28,28,32,28.533,28.496
1079,32,28,28,28,32,28.467,28.553
1080,28,32,28,28,32,28.733,28.557
1081,28,28,32,28,32,28.467,28.621
1082,28,28,28,28,32,28.867,28.618
1083,28,28,28,28,32,28.533,28.690
1084,28,28,28,28,32,28.800,28.682
1085,32,32,28,28,32,28.667,28.684
1086,32,32,32,28,32,28.600,28.747
1087,32,32,32,28,32,29.133,28.755
1088,32,32,28,28,32,29.133,28.807
1089,28,28,28,28,32,28.667,28.816
1090,32,28,28,28,32,28.867,28.873
1091,28,28,28,28,32,28.867,28.876
1092,28,28,28,28,32,29.133,28.940
1093,28,32,28,28,32,29.400,28.937
1094,28,32,28,28,32,29.133,28.991
1095,32,28,32,28,32,29.133,29.001
1096,32,28,28,28,32,28.800,29.065
1097,32,28,32,28,32,29.000,29.059
1098,32,28,28,28,32,29.067,29.068
1099,28,28,28,28,32,29.600,29.124
1100,28,28,28,28,32,29.200,29.136
1101,28,28,28,28,32,29.000,29.185
1102,28,28,28,28,32,29.200,29.191
1103,32,32,32,28,32,29.133,29.243
1104,32,28,32,28,32,28.933,29.246
1105,28,32,32,28,32,29.200,29.317
1106,28,28,32,28,32,29.467,29.312
1107,28,28,32,28,32,29.200,29.322
1108,28,28,28,28,32,29.133,29.380
1109,28,32,28,28,32,29.267,29.376
1110,28,32,32,28,32,29.867,29.430
1111,28,28,28,28,32,29.533,29.437
1112,28,32,28,28,32,29.267,29.492
1113,32,28,32,28,32,30.000,29.507
1114,28,28,28,28,32,29.267,29.562
1115,28,28,28,28,32,29.667,29.561
1116,28,28,28,28,32,29.733,29.619
1117,28,28,28,28,32,30.000,29.624
1118,28,28,28,28,32,29.467,29.686
1119,32,32,28,28,32,29.800,29.689
1120,32,28,32,28,32,29.667,29.687
1121,32,32,28,28,32,30.067,29.745
1122,32,28,32,28,32,29.800,29.748
1123,32,32,28,28,32,30.000,29.808
1124,28,28,32,28,32,29.800,29.814
1125,28,32,28,28,32,29.867,29.866
1126,28,32,32,28,32,30.067,29.879
1127,32,28,28,28,32,29.933,29.870
1128,28,28,28,28,32,29.733,29.921
1129,32,32,28,28,32,30.067,29.935
1130,28,28,32,28,32,30.333,29.996
1131,28,32,28,28,32,30.600,29.999
1132,28,28,32,28,32,30.067,30.063
1133,28,28,28,28,32,30.400,30.061
1134,28,28,28,28,32,29.867,30.127
1135,28,32,28,28,32,30.000,30.130
1136,32,28,32,28,32,30.133,30.182
1137,28,28,28,28,32,30.133,30.188
1138,32,28,28,28,32,30.533,30.257
1139,28,28,28,28,32,30.600,30.248
1140,32,32,28,28,32,30.133,30.245
1141,28,32,32,28,32,30.000,30.307
1142,32,32,32,28,32,30.467,30.313
1143,32,28,32,28,32,30.467,30.366
1144,28,32,28,28,32,30.400,30.375
1145,32,32,32,28,32,30.533,30.445
1146,32,32,32,28,32,30.533,30.433
1147,28,32,32,28,32,30.333,30.437
1148,32,28,32,28,32,30.733,30.496
1149,28,32,28,28,32,30.533,30.498
1150,32,32,28,28,32,30.667,30.568
1151,32,28,32,28,32,30.867,30.561
1152,32,28,28,28,32,30.333,30.623
1153,28,32,28,28,32,30.667,30.618
1154,32,32,28,28,32,30.600,30.694
1155,28,32,32,28,32,30.800,30.683
1156,28,28,32,28,32,30.733,30.690
1157,32,32,32,28,32,31.067,30.746
1158,32,28,32,28,32,31.067,30.810
1159,32,28,28,28,32,30.600,30.806
1160,32,28,28,28,32,30.600,30.814
1161,32,32,28,28,32,30.533,30.817
1162,32,32,28,28,32,31.200,30.878
1163,32,32,32,28,32,30.800,30.937
1164,32,32,32,28,32,31.067,30.938
1165,32,28,28,28,32,30.867,30.935
1166,28,28,28,28,32,30.667,30.998
1167,32,32,28,28,32,30.867,31.008
1168,28,32,32,28,32,30.867,31.062
1169,28,32,32,28,32,31.333,31.062
1170,28,32,32,28,32,31.000,31.125
1171,32,32,28,28,32,31.067,31.127
1172,32,32,32,28,32,31.333,31.181
1173,32,32,32,28,32,31.600,31.189
1174,32,32,32,28,32,30.733,31.190
1175,28,32,32,28,32,31.667,31.253
1176,28,32,32,28,32,31.467,31.246
1177,32,28,28,28,32,30.733,31.312
1178,32,32,32,28,32,30.867,31.318
1179,32,32,28,28,32,31.867,31.379
1180,32,32,32,28,32,31.467,31.373
1181,32,32,32,28,32,31.133,31.374
1182,32,32,32,28,32,31.733,31.438
1183,28,32,32,28,32,31.600,31.435
1184,32,28,32,28,32,31.267,31.500
1185,32,32,32,28,32,31.333,31.566
1186,32,32,28,28,32,31.600,31.563
1187,28,32,32,28,32,31.800,31.623
1188,32,32,32,28,32,31.800,31.623
1189,32,32,32,28,32,31.533,31.623
1190,32,32,32,28,32,31.800,31.691
1191,32,32,32,28,32,31.800,31.691
1192,32,32,32,28,32,31.533,31.747
1193,32,32,32,28,32,31.533,31.747
1194,32,32,32,28,32,31.800,31.809
1195,32,32,32,28,32,31.933,31.810
1196,32,32,32,28,32,31.867,31.874
1197,32,32,32,28,32,31.867,31.873
1198,32,32,32,32,32,32.000,31.936
1199,32,32,32,32,32,32.000,31.938
1200,32,32,32,32,32,32.000,32.000
1201,32,32,32,32,32,32.000,32.000
1202,32,32,32,32,32,32.000,32.000
1203,32,32,32,32,32,32.000,32.000
1204,32,32,32,32,32,32.000,32.063
1205,32,32,32,32,36,32.067,32.123
1206,32,32,32,32,36,32.200,32.127
1207,32,32,32,32,32,32.000,32.190
1208,32,32,36,32,36,32.200,32.189
1209,32,32,32,32,36,32.133,32.187
1210,32,32,32,32,36,32.067,32.249
1211,32,32,32,32,36,32.333,32.255
1212,32,32,32,32,36,32.267,32.308
1213,32,36,32,32,36,32.400,32.312
1214,32,36,32,32,36,32.400,32.317
1215,36,32,32,32,36,32.133,32.307
1216,32,36,36,32,36,32.200,32.374
1217,32,32,32,32,36,32.533,32.439
1218,32,32,32,32,36,32.467,32.434
1219,36,32,32,32,36,32.400,32.494
1220,32,36,32,32,36,32.600,32.500
1221,32,32,36,32,36,32.467,32.563
1222,32,32,32,32,36,32.400,32.563
1223,36,36,32,32,36,32.533,32.561
1224,32,32,32,32,36,32.333,32.623
1225,32,32,32,32,36,32.800,32.626
1226,36,32,32,32,36,32.467,32.681
1227,32,32,32,32,36,32.533,32.691
1228,32,32,32,32,36,32.667,32.750
1229,32,32,36,32,36,32.400,32.747
1230,36,32,32,32,36,32.733,32.748
1231,36,32,32,32,36,33.000,32.810
1232,32,32,32,32,36,33.000,32.822
1233,36,32,32,32,36,32.933,32.870
1234,32,32,32,32,36,32.600,32.879
1235,32,36,36,32,36,33.000,32.936
1236,32,32,32,32,36,33.000,32.940
1237,32,32,36,32,36,33.000,32.942
1238,36,32,32,32,36,32.800,32.999
1239,32,32,32,32,36,33.400,33.061
1240,32,32,32,32,36,33.133,33.070
1241,32,32,36,32,36,32.867,33.122
1242,32,36,32,32,36,33.133,33.134
1243,32,32,36,32,36,33.067,33.129
1244,32,32,32,32,36,33.200,33.187
1245,36,32,32,32,36,33.133,33.182
1246,32,36,32,32,36,33.333,33.248
1247,32,36,32,32,36,33.467,33.246
1248,32,32,36,32,36,33.000,33.248
1249,32,36,32,32,36,33.333,33.322
1250,32,32,36,32,36,33.333,33.312
1251,32,32,32,32,36,33.600,33.383
1252,36,32,32,32,36,33.933,33.382
1253,32,36,32,32,36,33.600,33.450
1254,32,36,36,32,36,33.600,33.433
1255,32,32,36,32,36,33.200,33.495
1256,36,32,36,32,36,33.200,33.499
1257,36,36,32,32,36,33.200,33.500
1258,32,36,36,32,36,33.800,33.568
1259,36,32,32,32,36,33.667,33.555
1260,32,36,36,32,36,34.000,33.637
1261,36,36,32,32,36,33.667,33.623
1262,32,32,36,32,36,33.333,33.694
1263,36,32,32,32,36,34.067,33.675
1264,36,32,32,32,36,33.333,33.748
1265,32,36,32,32,36,34.200,33.750
1266,36,36,36,32,36,33.667,33.807
1267,32,36,36,32,36,34.133,33.823
1268,32,36,36,32,36,33.733,33.881
1269,32,36,36,32,36,33.667,33.864
1270,36,32,36,32,36,34.000,33.860
1271,36,36,32,32,36,34.067,33.940
1272,36,36,36,32,36,34.000,33.936
1273,32,36,36,32,36,33.800,34.005
1274,36,32,36,32,36,34.133,34.000
1275,36,32,32,32,36,34.000,34.065
1276,36,32,32,32,36,33.600,34.055
1277,36,32,32,32,36,33.800,34.057
1278,36,32,32,32,36,34.000,34.121
1279,32,32,32,32,36,33.800,34.130
1280,32,36,32,32,36,34.400,34.198
1281,32,32,36,32,36,34.000,34.185
1282,36,32,32,32,36,34.133,34.249
1283,36,36,36,32,36,34.200,34.247
1284,36,36,36,32,36,34.267,34.318
1285,36,36,36,32,36,34.267,34.315
1286,36,32,36,32,36,34.200,34.382
1287,32,36,36,32,36,34.667,34.382
1288,36,36,36,32,36,34.267,34.435
1289,36,36,36,32,36,34.533,34.435
1290,36,32,36,32,36,34.067,34.426
1291,32,36,32,32,36,34.600,34.498
1292,32,36,32,32,36,34.533,34.499
1293,36,32,36,32,36,34.533,34.566
1294,32,32,32,32,36,34.267,34.562
1295,32,36,32,32,36,34.733,34.624
1296,32,32,36,32,36,34.533,34.627
1297,36,36,32,32,36,34.533,34.619
1298,36,36,36,32,36,35.200,34.684
1299,36,32,36,32,36,34.733,34.690
1300,36,32,36,32,36,34.800,34.743
1301,36,32,36,32,36,34.600,34.746
1302,36,36,32,32,36,34.600,34.804
1303,32,36,36,32,36,34.400,34.817
1304,36,36,36,32,36,35.133,34.873
1305,36,36,36,32,36,34.867,34.872
1306,36,32,36,32,36,35.067,34.935
1307,36,36,32,32,36,35.000,34.941
1308,36,32,36,32,36,35.200,35.005
1309,36,36,32,32,36,34.733,34.995
1310,32,36,36,32,36,35.267,35.001
1311,32,36,36,32,36,35.267,35.065
1312,36,36,36,32,36,34.867,35.059
1313,36,32,36,32,36,34.733,35.113
1314,36,36,32,32,36,35.000,35.127
1315,36,36,36,32,36,35.200,35.193
1316,32,36,36,32,36,35.133,35.186
1317,36,32,36,32,36,35.333,35.249
1318,32,32,36,32,36,35.000,35.252
1319,36,36,36,32,36,35.000,35.242
1320,36,36,36,32,36,35.400,35.314
1321,36,32,36,32,36,34.933,35.311
1322,36,36,32,32,36,35.133,35.372
1323,32,36,36,32,36,35.467,35.371
1324,36,36,36,32,36,35.333,35.370
1325,36,36,36,32,36,35.533,35.435
1326,36,36,36,32,36,35.400,35.439
1327,32,36,32,32,36,35.267,35.506
1328,32,36,36,32,36,35.667,35.493
1329,36,36,36,32,36,35.533,35.566
1330,36,36,36,32,36,35.533,35.563
1331,32,36,36,32,36,35.667,35.630
1332,36,36,36,32,36,35.600,35.627
1333,36,36,36,32,36,35.800,35.630
1334,36,36,36,32,36,35.533,35.685
1335,36,36,36,32,36,35.733,35.684
1336,36,36,36,32,36,35.600,35.755
1337,36,36,36,32,36,35.733,35.743
1338,36,36,36,32,36,35.733,35.753
1339,36,36,36,32,36,35.533,35.815
1340,36,36,36,32,36,35.867,35.810
1341,36,36,36,32,36,35.867,35.874
1342,36,36,32,36,36,36.000,35.875
1343,36,36,36,36,36,36.000,35.938
1344,36,36,36,36,36,36.000,35.937
1345,36,36,36,36,36,36.000,35.941
1346,36,36,36,36,36,36.000,35.999
1347,36,36,36,36,36,36.000,35.999
1348,36,36,36,36,40,36.067,36.061
1349,36,36,36,36,40,36.067,36.062
1350,36,36,36,36,40,36.333,36.124
1351,36,36,36,36,40,36.200,36.125
1352,36,36,36,36,40,36.267,36.120
1353,36,36,36,36,40,36.067,36.185
1354,36,36,36,36,40,36.133,36.254
1355,36,36,36,36,40,36.333,36.250
1356,36,36,40,36,40,36.400,36.316
1357,36,36,36,36,40,36.200,36.314
1358,36,36,36,36,40,36.400,36.317
1359,36,36,36,36,40,36.467,36.372
1360,36,36,36,36,40,36.333,36.372
1361,36,36,36,36,40,36.667,36.437
1362,36,36,36,36,40,36.333,36.436
1363,36,36,40,36,40,36.667,36.507
1364,36,36,36,36,40,36.333,36.493
1365,36,40,36,36,40,36.600,36.565
1366,36,36,36,36,40,36.467,36.563
1367,36,36,36,36,40,36.667,36.558
1368,36,40,36,36,40,36.800,36.621
1369,36,36,36,36,40,36.600,36.627
1370,36,36,36,36,40,36.600,36.683
1371,36,36,40,36,40,36.733,36.691
1372,40,36,36,36,40,36.733,36.757
1373,36,36,36,36,40,36.667,36.746
1374,36,36,40,36,40,36.733,36.748
1375,40,40,36,36,40,36.733,36.812
1376,36,36,36,36,40,36.933,36.884
1377,36,40,36,36,40,36.600,36.869
1378,40,36,36,36,40,36.867,36.879
1379,36,36,36,36,40,36.867,36.866
1380,36,36,36,36,40,36.933,36.936
1381,36,36,36,36,40,36.733,36.997
1382,36,36,36,36,40,37.133,36.994
1383,36,36,36,36,40,36.867,37.064
1384,36,36,36,36,40,37.067,37.062
1385,40,40,36,36,40,37.200,37.127
1386,36,40,40,36,40,37.133,37.123
1387,40,36,36,36,40,37.067,37.125
1388,40,36,36,36,40,37.400,37.189
1389,36,36,36,36,40,37.333,37.187
1390,40,36,36,36,40,37.200,37.250
1391,36,36,36,36,40,37.067,37.255
1392,40,40,36,36,40,37.267,37.246
1393,36,36,40,36,40,37.467,37.314
1394,36,36,36,36,40,37.267,37.315
1395,40,36,40,36,40,36.867,37.375
1396,36,40,36,36,40,37.467,37.434
1397,36,36,36,36,40,37.600,37.440
1398,36,36,36,36,40,37.533,37.499
1399,36,40,36,36,40,37.333,37.498
1400,36,36,36,36,40,37.333,37.495
1401,36,36,40,36,40,38.000,37.564
1402,40,36,36,36,40,37.733,37.561
1403,36,36,36,36,40,37.667,37.629
1404,36,40,36,36,40,38.000,37.618
1405,36,36,40,36,40,37.333,37.682
1406,36,40,36,36,40,37.400,37.690
1407,36,36,36,36,40,37.600,37.695
1408,36,36,36,36,40,37.333,37.741
1409,40,36,36,36,40,38.067,37.751
1410,36,36,36,36,40,38.200,37.813
1411,40,36,36,36,40,37.867,37.876
1412,36,36,36,36,40,37.200,37.869
1413,40,36,36,36,40,37.667,37.871
1414,36,36,36,36,40,37.667,37.938
1415,36,40,36,36,40,37.733,37.935
1416,40,36,40,36,40,37.933,38.005
1417,40,40,36,36,40,38.333,37.997
1418,36,40,40,36,40,37.733,38.067
1419,36,40,40,36,40,38.000,38.063
1420,36,36,40,36,40,38.133,38.068
1421,40,36,36,36,40,38.467,38.131
1422,36,36,36,36,40,38.133,38.120
1423,40,40,36,36,40,37.533,38.191
1424,36,40,40,36,40,38.267,38.187
1425,36,36,40,36,40,38.067,38.246
1426,36,40,36,36,40,38.200,38.252
1427,36,40,40,36,40,38.400,38.248
1428,40,40,40,36,40,38.667,38.307
1429,36,40,40,36,40,38.333,38.305
1430,36,36,40,36,40,38.667,38.369
1431,36,40,36,36,40,38.333,38.375
1432,40,40,40,36,40,38.933,38.426
1433,36,40,40,36,40,38.000,38.439
1434,40,36,40,36,40,38.333,38.441
1435,40,40,36,36,40,38.800,38.498
1436,40,40,40,36,40,38.533,38.498
1437,40,40,40,36,40,38.467,38.559
1438,36,40,40,36,40,38.667,38.562
1439,40,36,40,36,40,39.067,38.625
1440,40,40,36,36,40,38.400,38.629
1441,40,40,40,36,40,38.933,38.633
1442,40,40,40,36,40,38.733,38.699
1443,40,40,40,36,40,38.867,38.690
1444,40,40,40,36,40,38.800,38.747
1445,40,40,40,36,40,38.867,38.745
1446,40,40,40,36,40,39.067,38.812
1447,40,40,40,36,40,39.267,38.815
1448,40,40,40,36,40,38.667,38.810
1449,40,36,36,36,40,38.733,38.881
1450,40,40,36,36,40,39.200,38.883
1451,40,40,40,36,40,39.067,38.930
1452,40,36,40,36,40,38.933,38.933
1453,40,40,36,36,40,39.400,39.000
1454,40,40,40,36,40,39.200,39.009
1455,40,36,40,36,40,38.733,38.990
1456,40,40,40,36,40,38.933,39.062
1457,40,36,40,36,40,39.000,39.064
1458,40,40,36,36,40,39.067,39.117
1459,36,40,40,36,40,39.400,39.122
1460,40,40,40,36,40,39.467,39.124
1461,40,40,40,36,40,39.267,39.185
1462,36,40,40,36,40,39.200,39.185
1463,40,40,40,36,40,39.400,39.250
1464,40,40,40,36,40,39.133,39.247
1465,40,40,40,36,40,39.733,39.315
1466,40,40,40,36,40,39.467,39.306
1467,36,36,40,36,40,39.400,39.378
1468,40,40,40,36,40,39.600,39.376
1469,40,40,40,36,40,39.733,39.371
1470,40,40,40,36,40,39.533,39.440
1471,40,40,40,36,40,39.667,39.493
1472,40,40,40,36,40,39.333,39.503
1473,40,36,40,36,40,39.333,39.501
1474,36,40,40,36,40,39.467,39.503
1475,40,36,40,36,40,39.533,39.564
1476,40,40,36,36,40,39.733,39.558
1477,36,40,40,36,40,39.867,39.633
1478,40,40,36,36,40,39.600,39.622
1479,40,40,40,36,40,39.667,39.683
1480,40,40,40,36,40,39.533,39.687
1481,40,40,40,36,40,39.667,39.748
1482,40,36,40,36,40,39.800,39.749
1483,36,40,36,36,40,39.867,39.752
1484,40,40,40,36,40,39.733,39.814
1485,40,40,40,36,40,39.867,39.810
1486,40,40,40,36,40,39.933,39.874
1487,40,40,40,36,40,39.933,39.876
1488,40,40,40,36,40,39.867,39.871
1489,40,40,40,40,40,40.000,39.937
1490,40,40,40,40,40,40.000,39.939
1491,40,40,40,40,40,40.000,39.999
1492,40,40,40,40,40,40.000,39.999
1493,40,40,40,40,40,40.000,40.062
1494,40,40,40,40,40,40.000,40.061
1495,40,40,40,40,44,40.067,40.127
1496,40,40,40,40,40,40.000,40.125
1497,40,40,40,40,40,40.000,40.124
1498,40,40,40,40,44,40.133,40.191
1499,40,40,44,40,44,40.067,40.252
1500,40,40,40,40,44,40.267,40.252
1501,40,40,40,40,44,40.333,40.249
1502,40,40,40,40,44,40.267,40.249
1503,40,40,40,40,44,40.467,40.315
1504,40,40,40,40,44,40.133,40.317
1505,40,44,40,40,44,40.667,40.376
1506,44,40,40,40,44,40.333,40.436
1507,40,44,40,40,44,40.133,40.435
1508,44,40,40,40,44,40.200,40.440
1509,40,40,40,40,44,40.467,40.500
1510,40,40,40,40,44,40.467,40.505
1511,40,40,40,40,44,40.533,40.559
1512,40,44,40,40,44,40.600,40.568
1513,40,40,44,40,44,40.600,40.626
1514,40,40,44,40,44,40.600,40.625
1515,44,40,40,40,44,40.467,40.628
1516,40,40,40,40,44,40.600,40.688
1517,40,40,40,40,44,40.533,40.692
1518,40,44,40,40,44,40.533,40.678
1519,40,40,40,40,44,40.733,40.755
1520,40,40,40,40,44,40.733,40.748
1521,40,40,40,40,44,40.733,40.812
1522,44,40,40,40,44,40.933,40.813
1523,40,40,40,40,44,40.400,40.807
1524,40,40,40,40,44,40.800,40.871
1525,40,40,40,40,44,40.467,40.871
1526,40,40,40,40,44,41.333,40.938
1527,40,40,44,40,44,41.067,40.935
1528,44,40,44,40,44,41.000,40.997
1529,40,40,40,40,44,40.800,41.000
1530,40,40,40,40,44,40.667,41.067
1531,40,40,40,40,44,41.133,41.057
1532,40,40,40,40,44,40.867,41.061
1533,40,44,40,40,44,41.000,41.125
1534,40,40,40,40,44,40.800,41.125
1535,40,44,40,40,44,41.267,41.186
1536,40,40,44,40,44,41.133,41.191
1537,40,40,40,40,44,41.200,41.186
1538,40,44,40,40,44,41.200,41.247
1539,40,40,44,40,44,40.933,41.250
1540,40,40,44,40,44,40.933,41.303
1541,40,40,40,40,44,41.533,41.311
1542,40,44,40,40,44,41.600,41.377
1543,44,40,40,40,44,41.133,41.371
1544,44,40,40,40,44,41.400,41.376
1545,44,44,40,40,44,41.333,41.445
1546,40,44,44,40,44,41.400,41.439
1547,44,40,44,40,44,41.200,41.500
1548,44,44,40,40,44,41.267,41.503
1549,40,44,44,40,44,41.400,41.566
1550,40,40,40,40,44,41.867,41.555
1551,40,40,40,40,44,41.333,41.567
1552,44,40,40,40,44,41.133,41.621
1553,40,44,40,40,44,42.133,41.624
1554,40,44,44,40,44,41.733,41.681
1555,44,40,44,40,44,41.733,41.685
1556,44,40,40,40,44,41.533,41.685
1557,40,44,40,40,44,42.000,41.750
1558,40,40,44,40,44,41.533,41.746
1559,44,40,40,40,44,41.733,41.800
1560,40,40,40,40,44,41.800,41.815
1561,40,40,40,40,44,42.267,41.872
1562,44,40,40,40,44,41.733,41.871
1563,44,44,40,40,44,41.667,41.938
1564,44,44,44,40,44,42.200,41.938
1565,44,44,44,40,44,42.000,41.939
1566,44,44,44,40,44,41.867,42.002
1567,40,44,44,40,44,41.800,41.999
1568,40,40,44,40,44,41.933,42.060
1569,40,44,40,40,44,42.000,42.060
1570,44,44,44,40,44,42.467,42.062
1571,44,44,44,40,44,42.067,42.124
1572,40,44,44,40,44,42.333,42.122
1573,40,44,44,40,44,41.867,42.187
1574,44,44,44,40,44,42.400,42.189
1575,40,40,44,40,44,42.200,42.242
1576,40,44,40,40,44,42.333,42.247
1577,40,40,44,40,44,42.000,42.304
1578,40,40,40,40,44,42.467,42.318
1579,40,40,40,40,44,42.200,42.304
1580,44,44,40,40,44,42.200,42.382
1581,44,44,44,40,44,42.333,42.377
1582,44,44,44,40,44,42.467,42.440
1583,44,44,44,40,44,42.333,42.437
1584,44,40,44,40,44,42.133,42.435
1585,40,44,44,40,44,42.467,42.504
1586,44,40,44,40,44,42.400,42.503
1587,44,44,40,40,44,42.467,42.559
1588,44,44,40,40,44,42.467,42.561
1589,44,44,40,40,44,42.667,42.628
1590,44,44,44,40,44,42.333,42.618
1591,44,40,44,40,44,42.533,42.621
1592,44,44,44,40,44,42.800,42.683
1593,44,40,44,40,44,42.200,42.681
1594,40,40,40,40,44,42.667,42.737
1595,44,44,44,40,44,43.067,42.744
1596,40,44,44,40,44,42.667,42.814
1597,44,40,44,40,44,42.933,42.811
1598,44,44,44,40,44,43.067,42.878
1599,44,44,44,40,44,42.533,42.877
1600,44,40,44,40,44,42.467,42.877
1601,40,44,44,40,44,43.133,42.933
1602,44,44,44,40,44,43.400,42.934
1603,40,44,44,40,44,43.000,43.007
1604,40,44,44,40,44,42.933,43.009
1605,44,44,44,40,44,43.333,43.003
1606,44,44,40,40,44,42.733,43.068
1607,44,44,44,40,44,42.800,43.074
1608,44,44,44,40,44,43.133,43.121
1609,44,44,44,40,44,43.467,43.133
1610,40,44,44,40,44,42.800,43.192
1611,44,44,44,40,44,43.133,43.195
1612,44,40,44,40,44,43.600,43.252
1613,44,44,44,40,44,43.533,43.245
1614,44,44,44,40,44,42.933,43.260
1615,44,44,40,40,44,42.933,43.311
1616,44,44,44,40,44,43.467,43.315
1617,44,44,44,40,44,43.400,43.380
1618,44,44,44,40,44,43.133,43.374
1619,44,44,44,40,44,43.667,43.439
1620,44,44,44,40,44,43.400,43.444
1621,44,44,40,40,44,43.267,43.499
1622,40,44,44,40,44,43.400,43.499
1623,44,44,44,40,44,43.533,43.562
1624,44,44,44,40,44,43.667,43.564
1625,44,44,44,40,44,43.333,43.562
1626,44,44,44,40,44,43.600,43.622
1627,44,44,44,40,44,43.600,43.628
1628,44,40,40,40,44,43.600,43.687
1629,40,44,44,40,44,43.467,43.685
1630,44,44,44,40,44,43.667,43.748
1631,44,44,44,44,44,44.000,43.750
1632,44,40,44,40,44,43.733,43.748
1633,44,44,44,40,44,43.800,43.807
1634,44,44,44,40,44,43.933,43.813
1635,44,44,44,40,44,43.933,43.875
1636,44,44,44,40,44,43.667,43.877
1637,44,44,44,40,44,43.933,43.937
1638,44,44,44,40,44,43.867,43.937
1639,44,44,44,40,44,43.933,43.935
1640,44,44,44,44,44,44.000,43.999
1641,44,44,44,44,44,44.000,43.999
1642,44,44,44,44,44,44.000,44.064
1643,44,44,44,44,48,44.133,44.063
1644,44,44,44,44,48,44.067,44.124
1645,44,44,44,44,48,44.200,44.123
1646,44,44,44,44,48,44.267,44.189
1647,44,44,44,44,48,44.133,44.188
1648,44,44,44,44,48,44.267,44.186
1649,44,44,44,44,48,44.133,44.253
1650,44,44,44,44,48,44.133,44.246
1651,44,44,44,44,48,44.333,44.308
1652,44,44,44,44,48,44.333,44.308
1653,44,44,44,44,48,44.333,44.314
1654,44,44,44,44,48,44.200,44.374
1655,44,44,44,44,48,44.267,44.374
1656,44,44,44,44,48,44.667,44.439
1657,44,44,44,44,48,44.333,44.435
1658,44,44,44,44,48,44.467,44.499
1659,44,44,44,44,48,44.400,44.495
1660,44,44,44,44,48,44.467,44.565
1661,48,44,44,44,48,44.267,44.562
1662,44,44,44,44,48,45.133,44.564
1663,44,44,44,44,48,44.867,44.625
1664,44,44,44,44,48,44.400,44.624
1665,44,44,44,44,48,44.667,44.688
1666,44,44,44,44,48,44.467,44.690
1667,44,44,48,44,48,44.667,44.690
1668,44,44,44,44,48,45.067,44.751
1669,44,44,44,44,48,45.200,44.749
1670,44,44,44,44,48,44.733,44.813
1671,44,48,44,44,48,44.800,44.817
1672,44,48,44,44,48,44.533,44.883
1673,44,44,44,44,48,44.600,44.877
1674,44,44,44,44,48,44.667,44.874
1675,44,44,44,44,48,44.933,44.933
1676,44,44,44,44,48,45.000,44.942
1677,44,44,44,44,48,44.467,44.999
1678,44,48,48,44,48,45.067,45.069
1679,44,44,48,44,48,44.533,45.061
1680,44,48,44,44,48,45.000,45.061
1681,48,44,48,44,48,45.000,45.063
1682,48,48,44,44,48,45.133,45.121
1683,48,44,44,44,48,44.933,45.134
1684,48,48,44,44,48,45.067,45.180
1685,44,48,44,44,48,45.000,45.184
1686,44,44,44,44,48,44.867,45.246
1687,44,48,44,44,48,45.467,45.247
1688,48,44,48,44,48,45.000,45.252
1689,44,44,48,44,48,45.200,45.313
1690,48,44,44,44,48,45.267,45.377
1691,44,44,44,44,48,45.333,45.377
1692,44,48,44,44,48,45.267,45.365
1693,48,44,48,44,48,45.733,45.438
1694,48,48,44,44,48,45.400,45.425
1695,48,48,48,44,48,45.333,45.502
1696,44,48,48,44,48,45.200,45.496
1697,48,48,48,44,48,45.733,45.561
1698,44,48,48,44,48,45.933,45.564
1699,48,44,48,44,48,45.267,45.622
1700,44,44,44,44,48,45.600,45.635
1701,44,44,44,44,48,45.400,45.624
1702,48,48,44,44,48,45.467,45.682
1703,44,48,48,44,48,45.800,45.680
1704,48,48,48,44,48,45.867,45.743
1705,48,44,48,44,48,45.600,45.753
1706,44,48,44,44,48,45.667,45.805
1707,48,48,48,44,48,45.800,45.819
1708,44,44,48,44,48,45.733,45.804
1709,48,48,44,44,48,45.733,45.877
1710,44,48,48,44,48,46.267,45.879
1711,48,48,48,44,48,45.600,45.929
1712,48,44,48,44,48,46.267,45.938
1713,48,44,44,44,48,46.133,45.998
1714,48,48,44,44,48,45.800,45.997
1715,48,44,48,44,48,45.667,45.993
1716,48,48,44,44,48,46.400,46.069
1717,44,48,48,44,48,45.933,46.113
1718,44,44,48,44,48,46.200,46.121
1719,48,44,44,44,48,46.333,46.119
1720,48,44,48,44,48,46.533,46.185
1721,48,48,44,44,48,45.933,46.185
1722,44,48,48,44,48,46.400,46.251
1723,48,44,48,44,48,45.933,46.256
1724,48,48,44,44,48,45.800,46.296
1725,44,44,48,44,48,46.267,46.314
1726,48,48,44,44,48,46.600,46.310
1727,48,44,48,44,48,46.133,46.374
1728,48,48,44,44,48,46.133,46.360
1729,44,48,44,44,48,46.133,46.373
1730,44,44,48,44,48,46.933,46.432
1731,48,48,44,44,48,46.533,46.436
1732,44,48,48,44,48,46.533,46.502
1733,48,48,48,44,48,46.200,46.499
1734,48,44,48,44,48,46.467,46.561
1735,44,44,44,44,48,46.533,46.556
1736,48,48,44,44,48,46.933,46.547
1737,44,44,48,44,48,46.733,46.620
1738,48,44,48,44,48,46.800,46.626
1739,48,48,48,44,48,46.667,46.684
1740,44,48,48,44,48,46.867,46.686
1741,48,48,44,44,48,46.800,46.754
1742,48,44,48,44,48,46.800,46.739
1743,48,44,44,44,48,46.733,46.744
1744,44,44,48,44,48,47.067,46.809
1745,44,44,48,44,48,46.467,46.811
1746,48,48,44,44,48,47.000,46.868
1747,44,48,48,44,48,47.333,46.874
1748,48,48,48,44,48,46.933,46.877
1749,48,44,48,44,48,47.067,46.932
1750,48,44,48,44,48,46.867,46.934
1751,48,44,44,44,48,47.267,46.990
1752,44,48,48,44,48,46.867,46.996
1753,48,48,48,44,48,47.200,47.056
1754,44,48,48,44,48,47.467,47.065
1755,44,48,48,44,48,47.067,47.126
1756,48,44,48,44,48,47.067,47.122
1757,48,44,48,44,48,47.267,47.120
1758,48,44,44,44,48,47.267,47.183
1759,44,48,48,44,48,47.467,47.182
1760,48,48,48,44,48,47.267,47.248
1761,44,48,48,44,48,47.467,47.245
1762,48,48,48,44,48,47.400,47.253
1763,48,48,48,44,48,47.267,47.253
1764,48,48,48,44,48,47.200,47.305
1765,48,44,48,44,48,47.467,47.310
1766,44,44,44,44,48,47.467,47.375
1767,44,48,48,44,48,47.333,47.374
1768,48,48,48,44,48,47.400,47.429
1769,48,48,48,44,48,47.667,47.438
1770,48,48,48,44,48,47.733,47.439
1771,48,48,48,44,48,47.733,47.498
1772,48,48,48,44,48,47.467,47.563
1773,48,48,44,44,48,47.867,47.560
1774,48,48,48,44,48,47.467,47.624
1775,48,48,48,44,48,47.667,47.625
1776,44,48,48,44,48,47.533,47.624
1777,48,48,48,44,48,47.933,47.689
1778,48,48,48,44,48,47.667,47.682
1779,48,48,48,44,48,47.733,47.749
1780,48,48,48,48,48,48.000,47.747
1781,48,48,48,44,48,47.800,47.749
1782,48,48,48,44,48,47.667,47.812
1783,48,48,48,44,48,47.733,47.811
1784,48,44,48,44,48,47.600,47.814
1785,48,48,48,48,48,48.000,47.873
1786,48,48,44,44,48,47.867,47.868
1787,48,48,48,48,48,48.000,47.940
1788,48,44,48,44,48,47.933,47.936
1789,48,48,48,48,48,48.000,47.999
1790,48,48,48,48,48,48.000,47.999
1791,48,48,48,48,48,48.000,47.999
1792,48,48,48,48,48,48.000,48.061
1793,48,48,48,48,48,48.000,48.059
1794,48,48,48,48,52,48.067,48.126
1795,48,48,48,48,52,48.133,48.123
1796,48,48,48,48,52,48.200,48.186
1797,48,48,48,48,52,48.200,48.186
1798,48,48,48,48,52,48.200,48.187
1799,48,48,48,48,52,48.333,48.248
1800,48,48,48,48,52,48.200,48.247
1801,48,48,48,48,52,48.333,48.318
1802,48,48,48,48,52,48.333,48.309
1803,48,48,48,48,52,48.467,48.310
1804,48,48,48,48,52,48.800,48.373
1805,48,48,48,48,52,48.733,48.375
1806,48,48,52,48,52,48.333,48.433
1807,48,48,48,48,52,48.333,48.434
1808,48,48,48,48,52,48.600,48.499
1809,48,48,48,48,52,48.800,48.497
1810,48,48,48,48,52,48.667,48.563
1811,48,48,48,48,52,48.467,48.563
1812,48,48,48,48,52,48.600,48.560
1813,48,48,48,48,52,48.400,48.617
1814,48,48,48,48,52,48.467,48.625
1815,48,48,48,48,52,48.867,48.690
1816,48,48,48,48,52,48.467,48.690
1817,48,52,48,48,52,48.600,48.677
1818,48,48,48,48,52,48.667,48.747
1819,48,52,48,48,52,48.800,48.755
1820,52,48,48,48,52,48.667,48.805
1821,48,48,52,48,52,49.000,48.811
1822,52,48,48,48,52,49.067,48.869
1823,48,48,48,48,52,48.533,48.879
1824,48,48,48,48,52,48.800,48.872
1825,48,48,48,48,52,49.533,48.941
1826,48,48,48,48,52,48.933,48.941
1827,52,48,48,48,52,48.933,48.936
1828,48,52,48,48,52,49.333,48.994
1829,52,48,52,48,52,49.200,49.004
1830,48,48,48,48,52,48.933,49.062
1831,48,48,48,48,52,48.933,49.067
1832,48,52,48,48,52,49.333,49.056
1833,48,48,52,48,52,49.200,49.131
1834,48,52,48,48,52,48.933,49.121
1835,48,48,52,48,52,49.000,49.186
1836,48,48,48,48,52,49.133,49.189
1837,48,48,48,48,52,49.200,49.251
1838,52,48,48,48,52,49.067,49.248
1839,48,52,48,48,52,48.933,49.247
1840,48,52,52,48,52,49.467,49.325
1841,48,48,52,48,52,49.267,49.312
1842,52,48,48,48,52,49.200,49.363
1843,48,48,48,48,52,49.733,49.371
1844,48,48,48,48,52,49.067,49.369
1845,48,48,52,48,52,49.067,49.438
1846,48,52,48,48,52,49.333,49.436
1847,48,52,52,48,52,49.600,49.508
1848,52,48,52,48,52,49.333,49.507
1849,52,52,52,48,52,49.600,49.564
1850,52,52,52,48,52,49.400,49.552
1851,52,48,52,48,52,49.267,49.562
1852,48,52,48,48,52,49.800,49.625
1853,48,52,52,48,52,49.800,49.624
1854,48,48,48,48,52,49.800,49.692
1855,48,52,48,48,52,49.533,49.691
1856,52,52,52,48,52,49.933,49.753
1857,52,52,52,48,52,49.800,49.748
1858,48,48,52,48,52,49.800,49.757
1859,48,48,48,48,52,49.600,49.801
1860,48,48,48,48,52,49.667,49.817
1861,52,52,48,48,52,49.667,49.871
1862,52,52,52,48,52,50.000,49.871
1863,52,52,52,48,52,50.067,49.933
1864,52,48,52,48,52,49.800,49.944
1865,52,52,48,48,52,49.467,49.942
1866,52,48,52,48,52,49.667,50.009
1867,52,52,48,48,52,50.067,49.993
1868,48,52,52,48,52,49.867,50.058
1869,52,52,52,48,52,50.200,50.065
1870,52,52,52,48,52,50.133,50.057
1871,48,48,52,48,52,50.067,50.120
1872,52,52,52,48,52,50.200,50.122
1873,52,48,52,48,52,50.333,50.131
1874,52,52,48,48,52,49.867,50.190
1875,48,52,52,48,52,50.400,50.248
1876,48,52,52,48,52,50.467,50.247
1877,48,48,52,48,52,50.400,50.244
1878,52,48,52,48,52,50.800,50.310
1879,52,48,48,48,52,50.733,50.309
1880,52,52,48,48,52,50.933,50.318
1881,48,52,52,48,52,50.733,50.371
1882,52,52,52,48,52,50.467,50.384
1883,48,52,52,48,52,50.000,50.431
1884,52,48,52,48,52,50.333,50.445
1885,52,52,52,48,52,50.867,50.437
1886,52,52,52,48,52,50.400,50.503
1887,52,52,52,48,52,50.667,50.504
1888,48,52,48,48,52,50.733,50.564
1889,52,48,48,48,52,50.600,50.560
1890,48,52,52,48,52,50.800,50.614
1891,52,52,52,48,52,50.467,50.626
1892,52,52,52,48,52,50.733,50.687
1893,52,52,48,48,52,50.667,50.685
1894,48,48,52,48,52,50.867,50.683
1895,52,52,48,48,52,51.000,50.750
1896,48,52,52,48,52,51.000,50.758
1897,52,52,52,48,52,50.867,50.807
1898,52,52,52,48,52,50.533,50.815
1899,52,52,52,48,52,50.733,50.809
1900,52,52,52,48,52,50.800,50.869
1901,52,52,52,48,52,51.000,50.877
1902,52,52,52,48,52,51.067,50.941
1903,52,52,52,48,52,50.667,50.944
1904,48,48,52,48,52,51.200,51.000
1905,52,52,48,48,52,50.733,51.009
1906,52,52,48,48,52,51.000,50.994
1907,52,52,48,48,52,50.600,51.054
1908,52,52,52,48,52,51.067,51.056
1909,52,52,52,48,52,50.800,51.062
1910,52,48,52,48,52,50.933,51.118
1911,52,52,48,48,52,51.333,51.188
1912,52,52,52,48,52,51.200,51.185
1913,52,52,52,48,52,51.267,51.190
1914,48,52,52,48,52,51.200,51.247
1915,52,48,52,48,52,51.067,51.248
1916,52,52,52,48,52,51.400,51.245
1917,52,52,52,48,52,51.333,51.302
1918,52,52,52,48,52,51.667,51.372
1919,52,52,52,48,52,51.667,51.377
1920,48,52,48,48,52,51.133,51.378
1921,52,52,52,48,52,51.667,51.440
1922,52,48,52,48,52,51.333,51.444
1923,52,52,52,48,52,51.067,51.498
1924,52,52,52,48,52,51.400,51.501
1925,48,52,52,48,52,51.533,51.498
1926,52,52,52,48,52,51.533,51.558
1927,52,52,52,48,52,51.200,51.558
1928,52,52,52,48,52,51.667,51.623
1929,52,52,52,48,52,51.800,51.620
1930,52,52,52,48,52,51.933,51.685
1931,52,52,52,48,52,51.600,51.689
1932,52,52,52,48,52,51.667,51.685
1933,52,52,52,48,52,51.800,51.687
1934,52,52,48,48,52,51.733,51.747
1935,52,48,52,48,52,51.733,51.817
1936,52,52,48,52,52,52.000,51.808
1937,52,52,52,48,52,51.867,51.875
1938,52,52,52,48,52,51.800,51.874
1939,52,52,52,48,52,51.933,51.876
1940,52,52,52,52,52,52.000,51.938
1941,52,52,52,48,52,51.733,51.937
1942,52,52,52,52,52,52.000,51.999
1943,52,52,52,52,52,52.000,51.999
1944,52,52,52,52,52,52.000,51.999
1945,52,52,52,52,52,52.000,52.062
1946,52,52,52,52,52,52.000,52.060
1947,52,52,52,52,56,52.067,52.064
1948,52,52,52,52,56,52.133,52.125
1949,52,52,52,52,56,52.067,52.122
1950,52,56,52,52,56,52.200,52.185
1951,56,52,52,52,56,52.267,52.186
1952,52,52,52,52,56,52.400,52.255
1953,52,52,52,52,56,52.200,52.246
1954,52,52,52,52,56,52.067,52.251
1955,52,52,52,52,56,52.200,52.250
1956,52,52,52,52,56,52.200,52.314
1957,52,52,56,52,56,52.400,52.377
1958,52,52,52,52,56,52.267,52.377
1959,52,52,52,52,56,52.267,52.372
1960,52,52,52,52,56,52.333,52.436
1961,52,52,52,52,56,52.533,52.425
1962,52,52,52,52,56,52.733,52.505
1963,52,52,52,52,56,52.400,52.504
1964,52,56,56,52,56,52.267,52.497
1965,52,52,56,52,56,52.733,52.556
1966,52,52,56,52,56,52.600,52.562
1967,56,52,52,52,56,52.533,52.624
1968,52,52,52,52,56,52.800,52.620
1969,52,52,52,52,56,52.533,52.626
1970,52,52,52,52,56,52.667,52.682
1971,52,52,56,52,56,52.733,52.689
1972,52,56,52,52,56,52.867,52.749
1973,56,52,52,52,56,52.867,52.755
1974,56,52,56,52,56,52.733,52.751
1975,56,52,52,52,56,52.667,52.811
1976,52,52,52,52,56,52.667,52.807
1977,52,52,52,52,56,52.733,52.880
1978,52,52,52,52,56,52.467,52.875
1979,52,52,52,52,56,52.867,52.942
1980,56,56,52,52,56,53.467,52.942
1981,52,52,52,52,56,53.000,52.944
1982,56,52,52,52,56,52.867,52.936
1983,52,52,52,52,56,52.933,52.995
1984,52,52,52,52,56,53.467,53.061
1985,52,52,52,52,56,53.067,53.064
1986,52,52,52,52,56,52.867,53.064
1987,52,52,52,52,56,53.333,53.127
1988,52,52,52,52,56,53.267,53.125
1989,52,52,52,52,56,52.933,53.121
1990,56,52,52,52,56,53.400,53.187
1991,52,52,52,52,56,53.267,53.184
1992,52,52,52,52,56,53.667,53.248
1993,52,52,56,52,56,53.333,53.247
1994,52,52,52,52,56,53.533,53.245
1995,52,52,56,52,56,53.400,53.313
1996,52,52,52,52,56,53.267,53.311
1997,56,52,52,52,56,53.000,53.383
1998,52,52,52,52,56,53.667,53.381
1999,52,56,52,52,56,53.533,53.436
2000,52,52,56,52,56,53.467,53.443
2001,52,52,56,52,56,53.800,53.494
2002,52,52,52,52,56,53.333,53.503
2003,52,52,52,52,56,53.533,53.505
2004,52,56,52,52,56,53.933,53.561
2005,52,52,52,52,56,53.467,53.569
2006,52,52,52,52,56,53.400,53.623
2007,52,52,52,52,56,53.600,53.627
2008,52,52,52,52,56,54.000,53.626
2009,56,52,56,52,56,53.733,53.687
2010,52,56,56,52,56,53.667,53.694
2011,56,52,56,52,56,53.800,53.757
2012,52,56,52,52,56,54.067,53.750
2013,52,52,56,52,56,54.067,53.751
2014,52,56,52,52,56,53.933,53.817
2015,52,56,56,52,56,53.667,53.806
2016,56,56,56,52,56,54.067,53.876
2017,56,56,56,52,56,53.667,53.881
2018,52,56,56,52,56,54.333,53.932
2019,52,52,56,52,56,54.200,53.935
2020,52,52,52,52,56,53.667,53.931
2021,56,52,52,52,56,53.733,53.992
2022,52,56,52,52,56,53.867,53.989
2023,52,56,56,52,56,54.333,54.068
2024,52,56,56,52,56,54.333,54.070
2025,56,52,56,52,56,53.867,54.062
2026,56,52,52,52,56,54.467,54.119
2027,56,52,52,52,56,53.800,54.191
2028,56,56,52,52,56,54.400,54.186
2029,56,56,56,52,56,54.467,54.182
2030,52,56,56,52,56,54.200,54.252
2031,56,56,56,52,56,54.467,54.251
2032,56,52,56,52,56,54.333,54.255
2033,56,56,52,52,56,54.467,54.308
2034,56,56,56,52,56,54.667,54.377
2035,56,52,56,52,56,54.733,54.366
2036,52,56,52,52,56,54.400,54.368
2037,52,52,56,52,56,54.333,54.382
2038,52,56,56,52,56,54.533,54.438
2039,56,52,56,52,56,53.933,54.434
2040,56,56,56,52,56,55.000,54.491
2041,56,56,56,52,56,54.667,54.504
2042,52,56,52,52,56,54.667,54.561
2043,52,56,56,52,56,53.933,54.555
2044,52,56,56,52,56,54.533,54.563
2045,56,52,56,52,56,54.600,54.625
2046,56,56,56,52,56,54.267,54.614
2047,56,56,56,52,56,54.667,54.687
2048,56,52,52,52,56,55.000,54.691
2049,52,56,52,52,56,54.600,54.748
2050,56,52,56,52,56,54.600,54.742
2051,56,56,52,52,56,54.733,54.750
2052,56,52,56,52,56,54.733,54.806
2053,56,56,52,52,56,54.600,54.807
2054,56,56,52,52,56,54.467,54.881
2055,56,52,56,52,56,55.000,54.875
2056,56,56,56,52,56,54.667,54.937
2057,56,52,56,52,56,54.733,54.929
2058,52,56,56,52,56,55.333,54.937
2059,56,56,56,52,56,55.067,54.993
2060,56,56,56,52,56,55.200,54.997
2061,56,56,56,52,56,54.933,55.061
2062,52,56,56,52,56,55.267,55.061
2063,56,52,56,52,56,54.867,55.056
2064,56,56,56,52,56,54.933,55.117
2065,52,52,52,52,56,54.867,55.128
2066,56,56,56,52,56,55.400,55.187
2067,52,56,52,52,56,55.400,55.181
2068,56,56,56,52,56,55.200,55.256
2069,56,56,56,52,56,55.200,55.254
2070,56,56,56,52,56,55.267,55.304
2071,56,56,56,52,56,55.067,55.303
2072,56,56,56,52,56,55.600,55.310
2073,56,52,56,52,56,55.400,55.371
2074,56,56,56,52,56,55.200,55.366
2075,52,56,56,52,56,55.133,55.436
2076,56,52,56,52,56,55.600,55.436
2077,56,56,56,52,56,55.600,55.436
2078,56,56,56,52,56,55.533,55.498
2079,56,56,56,52,56,55.400,55.504
2080,56,56,56,52,56,55.333,55.563
2081,56,56,56,52,56,55.467,55.565
2082,56,56,56,52,56,55.333,55.624
2083,56,56,56,52,56,55.267,55.621
2084,56,56,56,52,56,55.733,55.628
2085,56,56,56,52,56,55.533,55.617
2086,52,56,56,52,56,55.667,55.689
2087,56,56,56,56,56,56.000,55.684
2088,56,56,56,52,56,55.600,55.748
2089,56,56,56,52,56,55.733,55.750
2090,56,56,56,52,56,55.800,55.810
2091,56,56,56,52,56,55.800,55.812
2092,56,56,56,52,56,55.800,55.809
2093,56,56,56,52,56,55.600,55.874
2094,56,56,56,52,56,55.867,55.873
2095,56,56,56,56,56,56.000,55.937
2096,56,56,56,52,56,55.867,55.937
2097,56,56,56,52,56,55.867,55.934
2098,56,56,56,56,56,56.000,55.999
2099,56,56,56,56,56,56.000,55.999
2100,56,56,60,56,60,56.067,56.063
2101,56,56,56,56,56,56.000,56.064
2102,56,56,56,56,60,56.267,56.128
2103,56,56,56,56,60,56.067,56.123
2104,56,60,56,56,60,56.200,56.128
2105,56,56,60,56,60,56.067,56.188
2106,56,56,56,56,60,56.200,56.189
2107,56,56,56,56,60,56.267,56.191
2108,56,56,56,56,60,56.467,56.246
2109,56,60,56,56,60,56.467,56.249
2110,56,56,56,56,60,56.200,56.312
2111,56,56,56,56,60,56.267,56.313
2112,56,56,56,56,60,56.067,56.316
2113,56,56,56,56,60,56.133,56.381
2114,56,56,56,56,60,56.333,56.372
2115,56,56,56,56,60,56.467,56.442
2116,56,56,56,56,60,56.333,56.430
2117,56,60,56,56,60,56.333,56.500
2118,56,56,56,56,60,56.667,56.497
2119,56,56,56,56,60,56.600,56.502
2120,56,56,56,56,60,56.533,56.552
2121,56,56,56,56,60,56.733,56.567
2122,56,56,56,56,60,56.600,56.623
2123,56,60,56,56,60,56.533,56.615
2124,56,56,56,56,60,56.533,56.626
2125,56,56,56,56,60,56.600,56.690
2126,60,56,56,56,60,56.600,56.683
2127,60,56,56,56,60,56.600,56.747
2128,56,56,56,56,60,56.733,56.756
2129,56,56,56,56,60,56.800,56.808
2130,56,56,60,56,60,56.933,56.808
2131,60,56,56,56,60,56.733,56.874
2132,56,56,56,56,60,56.600,56.873
2133,60,56,60,56,60,56.867,56.872
2134,56,60,56,56,60,56.933,56.936
2135,56,56,56,56,60,56.800,56.937
2136,56,60,56,56,60,57.067,56.937
2137,56,56,60,56,60,57.200,56.999
2138,56,56,56,56,60,57.133,56.995
2139,56,60,56,56,60,56.733,56.990
2140,60,56,56,56,60,57.067,57.061
2141,56,60,60,56,60,57.000,57.059
2142,56,60,60,56,60,57.333,57.127
2143,56,60,60,56,60,57.200,57.123
2144,60,60,60,56,60,57.867,57.127
2145,56,60,60,56,60,57.067,57.183
2146,60,60,56,56,60,57.133,57.187
2147,56,56,56,56,60,57.000,57.193
2148,56,56,56,56,60,57.133,57.258
2149,60,60,56,56,60,57.933,57.248
2150,56,60,56,56,60,57.133,57.309
2151,60,56,60,56,60,57.133,57.309
2152,60,56,56,56,60,57.467,57.300
2153,60,56,56,56,60,57.267,57.374
2154,56,60,56,56,60,57.267,57.379
2155,60,56,60,56,60,57.333,57.436
2156,60,60,56,56,60,57.733,57.428
2157,60,60,60,56,60,57.200,57.498
2158,60,56,60,56,60,57.933,57.498
2159,60,60,56,56,60,57.533,57.502
2160,60,60,60,56,60,57.800,57.562
2161,60,56,60,56,60,57.467,57.563
2162,60,56,56,56,60,57.733,57.570
2163,60,56,56,56,60,57.933,57.618
2164,56,56,56,56,60,57.467,57.694
2165,56,60,56,56,60,57.400,57.685
2166,60,56,60,56,60,57.600,57.687
2167,60,56,56,56,60,57.600,57.752
2168,56,60,56,56,60,57.200,57.749
2169,56,56,60,56,60,57.533,57.750
2170,56,56,56,56,60,57.933,57.814
2171,60,60,56,56,60,57.533,57.803
2172,56,56,60,56,60,57.333,57.875
2173,60,60,56,56,60,57.933,57.872
2174,60,60,60,56,60,58.133,57.877
2175,56,56,60,56,60,57.667,57.942
2176,60,56,56,56,60,57.733,57.925
2177,60,56,56,56,60,58.400,57.997
2178,56,60,56,56,60,58.467,58.003
2179,56,56,60,56,60,58.000,58.013
2180,56,56,56,56,60,57.933,58.058
2181,56,60,56,56,60,58.600,58.054
2182,60,60,60,56,60,57.933,58.064
2183,56,56,60,56,60,58.200,58.123
2184,60,56,56,56,60,57.867,58.125
2185,60,56,56,56,60,58.600,58.191
2186,56,56,56,56,60,58.533,58.183
2187,56,56,56,56,60,58.267,58.239
2188,60,56,56,56,60,58.333,58.242
2189,56,60,56,56,60,58.533,58.248
2190,60,60,60,56,60,58.600,58.312
2191,60,60,60,56,60,58.267,58.309
2192,60,56,60,56,60,58.267,58.317
2193,56,60,56,56,60,58.733,58.371
2194,56,56,60,56,60,57.667,58.375
2195,60,60,56,56,60,58.600,58.433
2196,56,60,60,56,60,58.733,58.445
2197,56,60,60,56,60,58.533,58.507
2198,60,60,60,56,60,58.267,58.490
2199,60,60,60,56,60,58.800,58.488
2200,60,60,60,56,60,58.600,58.572
2201,56,60,60,56,60,58.667,58.557
2202,56,56,60,56,60,58.400,58.616
2203,56,60,56,56,60,58.400,58.627
2204,56,60,60,56,60,58.600,58.626
2205,56,60,60,56,60,58.933,58.676
2206,60,56,60,56,60,58.733,58.672
2207,60,60,56,56,60,58.867,58.684
2208,60,60,56,56,60,59.000,58.747
2209,60,60,60,56,60,59.067,58.813
2210,60,60,60,56,60,58.800,58.811
2211,60,60,56,56,60,58.800,58.814
2212,60,60,60,56,60,59.067,58.869
2213,60,60,60,56,60,59.000,58.870
2214,60,56,60,56,60,58.800,58.867
2215,60,60,56,56,60,58.733,58.937
2216,60,60,56,56,60,59.400,58.940
2217,60,60,60,56,60,59.267,59.001
2218,60,60,60,56,60,58.933,58.998
2219,60,60,60,56,60,59.067,58.999
2220,60,60,56,56,60,58.933,59.058
2221,60,60,60,56,60,58.800,59.056
2222,60,56,60,56,60,58.667,59.064
2223,60,60,60,56,60,59.000,59.127
2224,56,60,60,56,60,59.333,59.191
2225,60,60,60,56,60,59.200,59.190
2226,60,60,60,56,60,59.400,59.187
2227,60,60,60,56,60,58.600,59.244
2228,60,60,60,56,60,59.267,59.248
2229,60,60,60,56,60,59.067,59.248
2230,60,60,56,56,60,59.400,59.313
2231,60,60,60,56,60,59.600,59.375
2232,56,60,60,56,60,59.333,59.373
2233,60,60,60,56,60,59.667,59.376
2234,60,56,56,56,60,59.333,59.431
2235,60,60,56,56,60,59.133,59.443
2236,60,56,60,56,60,59.267,59.439
2237,56,56,60,56,60,59.000,59.495
2238,60,60,56,56,60,59.400,59.494
2239,60,60,60,56,60,59.600,59.557
2240,60,60,60,56,60,59.467,59.562
2241,60,60,60,56,60,59.600,59.559
2242,60,60,60,56,60,59.533,59.624
2243,60,60,60,56,60,59.200,59.626
2244,60,60,60,56,60,59.667,59.684
2245,60,60,60,56,60,59.600,59.684
2246,56,60,60,56,60,59.600,59.751
2247,60,60,60,56,60,59.867,59.749
2248,60,60,60,56,60,59.933,59.749
2249,60,60,60,56,60,59.867,59.811
2250,60,60,60,56,60,59.933,59.810
2251,60,60,60,56,60,59.867,59.872
2252,60,60,60,56,60,59.800,59.873
2253,60,60,60,56,60,59.867,59.873
2254,60,60,60,56,60,59.800,59.875
2255,60,60,60,56,60,59.933,59.935
2256,60,60,60,56,60,59.867,59.936
2257,60,60,60,60,60,60.000,59.999
2258,60,60,60,60,60,60.000,59.999
2259,64,60,60,60,64,60.067,60.060
2260,60,60,60,60,64,60.200,60.061
2261,64,60,60,60,64,60.133,60.123
2262,60,60,60,60,64,60.133,60.124
2263,60,60,60,60,64,60.267,60.125
2264,60,64,60,60,64,60.200,60.184
2265,60,60,60,60,64,60.467,60.190
2266,60,60,60,60,64,60.200,60.186
2267,64,64,60,60,64,60.333,60.247
2268,64,60,60,60,64,60.333,60.247
2269,60,60,60,60,64,60.267,60.251
2270,60,60,60,60,64,60.267,60.310
2271,60,60,60,60,64,60.333,60.379
2272,60,60,60,60,64,60.267,60.378
2273,60,60,60,60,64,60.467,60.378
2274,64,60,64,60,64,60.400,60.437
2275,64,60,64,60,64,60.267,60.438
2276,60,60,60,60,64,60.533,60.438
2277,64,64,60,60,64,60.467,60.508
2278,60,64,64,60,64,60.533,60.496
2279,64,60,60,60,64,60.333,60.558
2280,60,64,60,60,64,60.533,60.568
2281,60,60,64,60,64,60.600,60.569
2282,60,60,60,60,64,60.533,60.619
2283,60,60,60,60,64,60.667,60.631
2284,60,64,60,60,64,60.800,60.625
2285,60,64,64,60,64,61.000,60.679
2286,60,60,64,60,64,60.467,60.686
2287,60,60,60,60,64,60.800,60.690
2288,64,60,60,60,64,60.733,60.752
2289,60,60,60,60,64,60.733,60.752
2290,64,60,64,60,64,61.000,60.810
2291,60,64,60,60,64,60.800,60.811
2292,60,60,64,60,64,61.000,60.866
2293,60,60,60,60,64,61.067,60.874
2294,60,60,60,60,64,60.867,60.938
2295,64,64,60,60,64,61.000,60.932
2296,60,64,60,60,64,61.467,60.938
2297,60,60,64,60,64,60.800,61.006
2298,60,60,60,60,64,61.333,61.001
2299,60,60,60,60,64,60.867,61.001
2300,64,64,60,60,64,61.067,61.062
2301,64,60,64,60,64,61.200,61.070
2302,60,64,64,60,64,60.800,61.063
2303,60,64,60,60,64,61.467,61.130
2304,60,60,64,60,64,60.867,61.130
2305,64,60,60,60,64,61.000,61.190
2306,64,64,60,60,64,60.867,61.185
2307,64,60,60,60,64,60.933,61.249
2308,64,64,60,60,64,61.467,61.248
2309,60,60,64,60,64,60.733,61.248
2310,64,60,60,60,64,60.867,61.307
2311,60,64,60,60,64,61.400,61.313
2312,64,60,64,60,64,61.133,61.379
2313,64,64,64,60,64,61.000,61.375
2314,60,60,60,60,64,61.267,61.379
2315,60,64,60,60,64,61.600,61.434
2316,64,60,64,60,64,61.733,61.439
2317,60,60,60,60,64,61.333,61.435
2318,64,60,60,60,64,61.200,61.503
2319,60,60,60,60,64,61.400,61.562
2320,60,60,60,60,64,61.467,61.560
2321,60,64,60,60,64,61.800,61.565
2322,60,64,64,60,64,61.667,61.618
2323,64,60,64,60,64,61.400,61.624
2324,60,60,60,60,64,61.467,61.618
2325,64,60,60,60,64,61.533,61.687
2326,60,64,60,60,64,61.733,61.683
2327,60,60,64,60,64,61.333,61.746
2328,60,64,64,60,64,61.867,61.746
2329,64,64,64,60,64,61.800,61.759
2330,64,64,64,60,64,61.933,61.803
2331,60,60,64,60,64,61.600,61.815
2332,64,64,60,60,64,61.867,61.809
2333,60,64,64,60,64,61.467,61.876
2334,60,64,64,60,64,61.733,61.872
2335,60,64,64,60,64,62.200,61.935
2336,60,60,64,60,64,61.667,61.937
2337,60,64,60,60,64,62.000,62.001
2338,64,60,64,60,64,61.933,62.003
2339,64,60,60,60,64,61.533,62.062
2340,60,64,60,60,64,62.467,62.059
2341,60,60,64,60,64,62.333,62.063
2342,64,64,60,60,64,62.067,62.112
2343,64,60,64,60,64,62.400,62.118
2344,64,64,60,60,64,62.467,62.183
2345,64,60,64,60,64,62.333,62.178
2346,64,60,60,60,64,62.333,62.189
2347,64,64,60,60,64,62.333,62.251
2348,60,64,60,60,64,62.533,62.242
2349,64,64,64,60,64,61.933,62.248
2350,64,60,64,60,64,62.400,62.314
2351,64,64,60,60,64,62.067,62.304
2352,64,64,60,60,64,62.533,62.377
2353,60,60,64,60,64,62.467,62.372
2354,64,64,60,60,64,62.467,62.431
2355,60,64,64,60,64,62.467,62.425
2356,60,60,64,60,64,62.333,62.441
2357,64,60,60,60,64,62.133,62.500
2358,64,64,64,60,64,62.200,62.493
2359,64,60,64,60,64,62.400,62.564
2360,60,60,64,60,64,62.867,62.556
2361,64,64,60,60,64,62.533,62.617
2362,64,64,64,60,64,62.733,62.622
2363,60,60,60,60,64,62.133,62.625
2364,60,64,60,60,64,62.267,62.680
2365,64,60,64,60,64,62.667,62.686
2366,64,64,60,60,64,63.133,62.678
2367,60,60,64,60,64,62.800,62.755
2368,64,64,64,60,64,63.000,62.749
2369,64,64,64,60,64,62.800,62.820
2370,60,60,64,60,64,62.267,62.812
2371,64,64,60,60,64,62.933,62.804
2372,64,64,64,60,64,63.133,62.864
2373,60,64,64,60,64,62.933,62.880
2374,64,64,64,60,64,63.000,62.877
2375,64,60,64,60,64,63.067,62.933
2376,64,64,64,60,64,62.933,62.938
2377,60,60,64,60,64,62.733,62.996
2378,64,64,60,60,64,62.800,63.003
2379,64,64,64,60,64,62.867,62.996
2380,60,64,64,60,64,62.933,63.068
2381,64,64,60,60,64,62.600,63.050
2382,64,60,64,60,64,62.800,63.119
2383,64,64,64,60,64,63.133,63.122
2384,64,60,64,60,64,62.933,63.122
2385,64,64,60,60,64,63.200,63.184
2386,64,60,64,60,64,63.000,63.184
2387,60,64,60,60,64,63.200,63.182
2388,64,64,64,60,64,63.000,63.246
2389,64,60,64,60,64,63.067,63.250
2390,64,64,64,60,64,63.600,63.245
2391,64,64,64,60,64,63.467,63.319
2392,60,64,64,60,64,63.333,63.309
2393,64,60,64,60,64,63.800,63.371
2394,60,64,64,60,64,63.333,63.378
2395,64,64,60,60,64,63.067,63.434
2396,60,64,64,60,64,63.200,63.434
2397,64,64,64,60,64,63.600,63.429
2398,64,64,64,60,64,63.400,63.497
2399,60,64,64,60,64,63.467,63.489
2400,64,64,64,60,64,63.333,63.502
2401,64,60,64,60,64,63.667,63.567
2402,64,64,64,60,64,63.467,63.562
2403,60,64,64,60,64,63.800,63.625
2404,64,64,64,60,64,63.867,63.620
2405,64,64,64,60,64,63.600,63.623
2406,64,64,64,60,64,63.733,63.687
2407,64,64,64,60,64,63.533,63.684
2408,64,64,64,60,64,63.867,63.750
2409,64,64,64,60,64,63.600,63.751
2410,64,64,64,60,64,63.933,63.753
2411,64,64,64,60,64,63.933,63.812
2412,64,64,64,60,64,63.667,63.816
2413,64,64,64,60,64,63.933,63.875
2414,64,64,64,60,64,63.867,63.872
2415,64,64,64,60,64,63.933,63.874
2416,64,64,64,64,64,64.000,63.935
2417,64,64,64,60,64,63.933,63.934
2418,64,64,64,64,64,64.000,63.999
2419,64,64,64,64,64,64.000,63.999
2420,64,64,64,64,64,64.000,63.999
2421,64,64,64,64,64,64.000,64.061
2422,64,64,64,64,68,64.067,64.059
2423,64,64,68,64,68,64.333,64.123
2424,64,64,64,64,68,64.267,64.123
2425,64,64,64,64,68,64.267,64.189
2426,64,64,64,64,68,64.133,64.188
2427,64,64,64,64,68,64.133,64.190
2428,64,64,64,64,68,64.200,64.251
2429,64,64,64,64,68,64.333,64.249
2430,64,64,64,64,68,64.067,64.248
2431,64,64,64,64,68,64.267,64.308
2432,68,64,64,64,68,64.200,64.311
2433,64,64,64,64,68,64.267,64.379
2434,64,64,64,64,68,64.533,64.376
2435,64,64,64,64,68,64.600,64.370
2436,64,64,64,64,68,64.400,64.369
2437,64,64,64,64,68,64.333,64.441
2438,64,64,68,64,68,64.400,64.436
2439,64,64,64,64,68,64.667,64.508
2440,64,64,64,64,68,64.400,64.498
2441,64,64,64,64,68,64.533,64.566
2442,64,64,64,64,68,64.867,64.570
2443,64,64,64,64,68,64.600,64.558
2444,64,64,64,64,68,65.000,64.634
2445,64,64,64,64,68,65.133,64.616
2446,64,68,64,64,68,64.867,64.684
2447,64,64,64,64,68,64.933,64.692
2448,64,64,64,64,68,64.533,64.685
2449,64,64,64,64,68,64.733,64.755
2450,64,64,68,64,68,64.400,64.745
2451,64,64,64,64,68,65.067,64.809
2452,64,64,64,64,68,65.000,64.804
2453,64,68,68,64,68,64.933,64.816
2454,64,64,64,64,68,65.067,64.875
2455,64,68,64,64,68,65.267,64.874
2456,68,64,68,64,68,65.000,64.937
2457,64,64,64,64,68,64.600,64.935
2458,64,64,64,64,68,65.133,64.995
2459,64,64,68,64,68,64.800,64.993
2460,64,68,64,64,68,65.267,65.008
2461,64,64,64,64,68,65.133,65.060
2462,64,68,64,64,68,65.133,65.063
2463,68,64,68,64,68,65.133,65.128
2464,64,68,68,64,68,65.000,65.128
2465,68,64,68,64,68,65.000,65.121
2466,64,64,64,64,68,65.000,65.190
2467,64,64,64,64,68,65.400,65.194
2468,64,64,64,64,68,65.200,65.194
2469,64,64,64,64,68,65.333,65.248
2470,68,64,64,64,68,65.200,65.253
2471,64,68,64,64,68,65.000,65.314
2472,68,64,64,64,68,65.200,65.301
2473,64,64,68,64,68,65.733,65.314
2474,68,64,68,64,68,65.200,65.376
2475,68,68,64,64,68,65.267,65.375
2476,64,68,68,64,68,65.067,65.373
2477,68,64,68,64,68,64.733,65.434
2478,64,64,68,64,68,65.533,65.435
2479,64,68,64,64,68,65.667,65.498
2480,64,64,68,64,68,65.533,65.499
2481,68,68,64,64,68,65.867,65.501
2482,64,64,68,64,68,65.600,65.564
2483,64,64,64,64,68,65.267,65.555
2484,64,64,64,64,68,65.333,65.563
2485,64,64,64,64,68,65.667,65.626
2486,64,68,68,64,68,65.467,65.620
2487,64,64,68,64,68,65.667,65.688
2488,64,68,64,64,68,66.133,65.692
2489,68,68,68,64,68,65.667,65.753
2490,68,64,68,64,68,66.067,65.743
2491,68,64,64,64,68,65.667,65.800
2492,68,64,64,64,68,65.800,65.810
2493,68,64,64,64,68,66.067,65.815
2494,68,68,64,64,68,65.600,65.809
2495,64,68,68,64,68,65.800,65.867
2496,68,68,68,64,68,66.133,65.875
2497,64,64,68,64,68,65.667,65.938
2498,68,64,64,64,68,65.933,65.936
2499,64,68,64,64,68,65.800,65.933
2500,64,68,68,64,68,65.733,65.994
2501,64,64,68,64,68,66.400,65.992
2502,68,68,64,64,68,66.600,65.987
2503,68,68,68,64,68,66.267,66.056
2504,64,64,68,64,68,66.267,66.059
2505,68,64,68,64,68,65.867,66.131
2506,68,68,64,64,68,66.067,66.126
2507,64,64,68,64,68,66.000,66.189
2508,64,64,64,64,68,66.533,66.180
2509,64,64,64,64,68,65.667,66.182
2510,64,64,64,64,68,66.733,66.249
2511,68,68,64,64,68,66.533,66.243
2512,68,64,68,64,68,65.667,66.319
2513,68,68,64,64,68,66.200,66.312
2514,64,68,68,64,68,66.400,66.317
2515,64,68,68,64,68,66.467,66.370
2516,68,64,68,64,68,66.333,66.379
2517,68,68,64,64,68,66.467,66.431
2518,64,68,68,64,68,66.467,66.438
2519,68,68,68,64,68,66.133,66.442
2520,68,68,68,64,68,67.000,66.432
2521,68,68,68,64,68,66.600,66.509
2522,64,64,68,64,68,66.867,66.509
2523,68,68,64,64,68,66.533,66.564
2524,64,68,68,64,68,66.867,66.572
2525,68,68,68,64,68,66.400,66.624
2526,64,68,68,64,68,66.467,66.620
2527,68,68,68,64,68,66.733,66.679
2528,68,68,68,64,68,67.067,66.691
2529,68,68,64,64,68,66.533,66.695
2530,68,68,68,64,68,66.600,66.743
2531,68,68,68,64,68,67.067,66.753
2532,68,68,68,64,68,67.000,66.751
2533,68,68,64,64,68,67.267,66.805
2534,68,68,68,64,68,66.533,66.815
2535,68,64,64,64,68,67.133,66.816
2536,68,68,64,64,68,66.800,66.878
2537,68,68,64,64,68,67.067,66.880
2538,68,68,68,64,68,66.667,66.939
2539,68,68,68,64,68,67.067,66.932
2540,68,68,68,64,68,67.267,66.990
2541,68,64,68,64,68,66.533,67.003
2542,68,68,68,64,68,66.933,67.062
2543,68,64,68,64,68,66.867,67.065
2544,68,68,64,64,68,67.000,67.060
2545,64,64,68,64,68,66.933,67.133
2546,68,68,68,64,68,67.467,67.120
2547,68,68,68,64,68,66.867,67.121
2548,68,68,68,64,68,67.400,67.183
2549,68,68,68,64,68,67.133,67.193
2550,68,68,64,64,68,67.333,67.189
2551,64,68,68,64,68,67.200,67.245
2552,68,68,68,64,68,67.600,67.252
2553,64,68,68,64,68,67.600,67.310
2554,68,68,68,64,68,67.267,67.314
2555,64,68,68,64,68,67.800,67.377
2556,68,68,64,64,68,67.267,67.376
2557,68,68,68,64,68,67.400,67.378
2558,68,64,68,64,68,67.533,67.434
2559,68,68,68,64,68,67.533,67.442
2560,68,68,68,64,68,67.600,67.493
2561,68,68,68,64,68,67.667,67.496
2562,68,68,68,64,68,67.400,67.496
2563,68,68,68,64,68,67.467,67.562
2564,68,64,68,64,68,67.867,67.566
2565,68,68,68,64,68,67.600,67.559
2566,68,68,68,64,68,67.800,67.626
2567,68,68,68,64,68,67.867,67.621
2568,68,68,68,64,68,67.733,67.687
2569,68,68,68,64,68,67.533,67.687
2570,68,68,68,64,68,67.800,67.690
2571,68,68,64,64,68,67.600,67.748
2572,68,68,68,64,68,67.667,67.747
2573,68,68,68,68,68,68.000,67.809
2574,68,68,68,64,68,67.933,67.813
2575,68,68,68,64,68,67.800,67.814
2576,68,68,68,64,68,67.933,67.811
2577,68,68,68,64,68,67.800,67.877
2578,68,68,68,64,68,67.933,67.871
2579,68,68,68,64,68,67.933,67.935
2580,68,68,68,64,68,67.933,67.940
2581,68,68,68,64,68,67.933,67.940
2582,68,68,68,68,68,68.000,67.999
2583,68,68,68,68,68,68.000,67.999
2584,68,68,68,68,68,68.000,67.999
2585,68,68,68,68,68,68.000,68.063
2586,68,68,68,68,68,68.000,68.059
2587,68,68,68,68,72,68.133,68.121
2588,68,68,68,68,68,68.000,68.122
2589,68,68,68,68,72,68.067,68.185
2590,68,68,68,68,72,68.333,68.187
2591,68,68,68,68,72,68.200,68.189
2592,72,68,68,68,72,68.267,68.252
2593,68,72,68,68,72,68.200,68.248
2594,72,68,68,68,72,68.267,68.252
2595,68,68,68,68,72,68.333,68.313
2596,68,68,68,68,72,68.200,68.304
2597,68,68,68,68,72,68.667,68.312
2598,68,68,68,68,72,68.267,68.370
2599,68,68,68,68,72,68.400,68.376
2600,68,68,68,68,72,68.333,68.375
2601,68,68,68,68,72,68.467,68.436
2602,68,68,68,68,72,68.267,68.443
2603,72,68,68,68,72,68.467,68.497
2604,68,68,68,68,72,68.267,68.503
2605,68,68,68,68,72,68.467,68.502
2606,68,68,68,68,72,68.533,68.564
2607,68,68,68,68,72,68.600,68.559
2608,68,68,68,68,72,68.867,68.620
2609,68,68,68,68,72,68.333,68.622
2610,72,68,68,68,72,68.400,68.625
2611,68,72,68,68,72,68.733,68.679
2612,68,68,72,68,72,68.533,68.685
2613,68,68,68,68,72,68.667,68.746
2614,68,68,68,68,72,68.867,68.745
2615,68,68,68,68,72,68.533,68.747
2616,68,72,68,68,72,68.933,68.804
2617,68,68,68,68,72,68.667,68.810
2618,68,68,68,68,72,68.333,68.810
2619,68,68,68,68,72,69.133,68.869
2620,68,68,68,68,72,68.867,68.872
2621,72,68,68,68,72,68.800,68.939
2622,68,72,68,68,72,68.600,68.936
2623,68,72,68,68,72,69.200,68.946
2624,68,68,72,68,72,68.667,69.004
2625,68,68,68,68,72,68.600,69.000
2626,72,68,68,68,72,69.133,69.006
2627,68,68,68,68,72,69.000,69.056
2628,68,68,68,68,72,68.533,69.067
2629,68,72,68,68,72,69.000,69.131
2630,68,72,68,68,72,69.133,69.128
2631,68,72,72,68,72,69.267,69.129
2632,72,68,72,68,72,68.800,69.122
2633,72,68,68,68,72,69.133,69.188
2634,68,68,68,68,72,69.133,69.179
2635,68,68,68,68,72,69.067,69.242
2636,68,72,68,68,72,69.400,69.316
2637,68,72,72,68,72,69.333,69.314
2638,68,72,72,68,72,69.400,69.311
2639,72,72,72,68,72,69.333,69.315
2640,72,72,72,68,72,69.467,69.377
2641,72,72,68,68,72,69.400,69.367
2642,68,68,72,68,72,70.267,69.440
2643,68,72,68,68,72,69.600,69.448
2644,68,68,72,68,72,69.667,69.431
2645,68,68,68,68,72,69.467,69.508
2646,72,68,68,68,72,69.533,69.494
2647,72,72,68,68,72,70.067,69.559
2648,72,68,72,68,72,69.533,69.567
2649,72,72,68,68,72,69.533,69.566
2650,68,72,72,68,72,70.000,69.633
2651,68,68,72,68,72,69.467,69.621
2652,68,68,68,68,72,69.600,69.624
2653,72,72,72,68,72,69.533,69.685
2654,72,72,72,68,72,69.800,69.682
2655,72,68,72,68,72,69.533,69.757
2656,72,68,68,68,72,69.667,69.755
2657,72,68,68,68,72,69.600,69.817
2658,72,72,68,68,72,70.133,69.815
2659,68,68,72,68,72,69.600,69.812
2660,72,68,68,68,72,70.000,69.807
2661,68,68,68,68,72,70.200,69.871
2662,68,68,68,68,72,70.000,69.868
2663,68,72,68,68,72,70.333,69.941
2664,72,68,72,68,72,69.800,69.945
2665,68,68,68,68,72,69.800,69.937
2666,72,72,68,68,72,70.200,70.005
2667,72,72,72,68,72,70.267,69.994
2668,68,68,72,68,72,70.000,70.003
2669,72,72,68,68,72,69.933,70.066
2670,72,72,72,68,72,70.067,70.058
2671,72,72,72,68,72,70.267,70.125
2672,68,68,72,68,72,69.800,70.121
2673,68,72,68,68,72,69.867,70.125
2674,68,68,72,68,72,70.333,70.195
2675,72,68,68,68,72,70.133,70.188
2676,68,72,68,68,72,70.200,70.248
2677,72,68,72,68,72,70.200,70.248
2678,68,68,68,68,72,70.267,70.237
2679,68,68,68,68,72,70.067,70.319
2680,72,72,68,68,72,69.733,70.313
2681,68,68,72,68,72,70.267,70.368
2682,68,72,68,68,72,69.867,70.382
2683,72,72,72,68,72,70.200,70.366
2684,72,68,72,68,72,70.067,70.433
2685,68,72,68,68,72,70.067,70.433
2686,72,72,72,68,72,70.533,70.426
2687,72,72,72,68,72,69.867,70.504
2688,72,68,72,68,72,70.133,70.494
2689,68,72,68,68,72,70.533,70.558
2690,72,68,68,68,72,70.200,70.553
2691,68,68,68,68,72,70.133,70.567
2692,72,68,68,68,72,70.067,70.628
2693,72,68,68,68,72,70.333,70.619
2694,68,72,68,68,72,70.400,70.625
2695,72,72,72,68,72,70.667,70.686
2696,72,68,72,68,72,71.200,70.686
2697,72,68,72,68,72,70.467,70.747
2698,68,72,72,68,72,70.933,70.742
2699,72,68,72,68,72,70.533,70.745
2700,72,72,68,68,72,70.733,70.815
2701,68,72,72,68,72,70.933,70.812
2702,72,72,72,68,72,70.933,70.812
2703,72,68,68,68,72,70.933,70.873
2704,72,68,72,68,72,70.867,70.872
2705,72,72,68,68,72,70.733,70.933
2706,68,68,72,68,72,71.200,70.938
2707,68,68,68,68,72,71.067,70.935
2708,72,72,72,68,72,70.867,70.993
2709,68,72,72,68,72,71.200,70.994
2710,72,68,72,68,72,71.267,71.063
2711,72,68,72,68,72,71.267,71.062
2712,72,72,68,68,72,71.000,71.049
2713,68,72,72,68,72,71.267,71.125
2714,68,68,72,68,72,71.133,71.128
2715,72,72,72,68,72,71.067,71.187
2716,68,72,72,68,72,71.467,71.187
2717,72,72,72,68,72,71.533,71.248
2718,72,72,72,68,72,71.333,71.244
2719,72,72,72,68,72,71.333,71.241
2720,72,72,72,68,72,71.533,71.308
2721,68,68,72,68,72,71.667,71.308
2722,72,72,72,68,72,71.333,71.309
2723,72,72,72,68,72,71.400,71.369
2724,68,72,68,68,72,71.533,71.370
2725,72,72,72,68,72,71.467,71.436
2726,72,72,72,68,72,71.267,71.428
2727,72,72,68,68,72,71.600,71.434
2728,72,68,72,68,72,71.800,71.437
2729,72,68,72,68,72,71.333,71.499
2730,72,72,68,68,72,71.333,71.494
2731,68,72,72,68,72,71.467,71.560
2732,72,68,72,68,72,71.333,71.557
2733,72,72,72,68,72,71.333,71.561
2734,72,72,72,68,72,71.800,71.628
2735,72,72,72,68,72,71.667,71.619
2736,72,72,72,68,72,71.733,71.680
2737,72,72,72,68,72,71.733,71.687
2738,72,72,72,72,72,72.000,71.751
2739,72,68,72,68,72,71.600,71.751
2740,72,72,68,68,72,71.667,71.748
2741,72,72,72,68,72,71.733,71.750
2742,68,72,72,68,72,71.933,71.814
2743,72,72,72,68,72,71.733,71.874
2744,72,68,72,68,72,71.800,71.873
2745,72,72,72,68,72,71.933,71.872
2746,72,72,72,72,72,72.000,71.935
2747,72,72,72,72,72,72.000,71.937
2748,72,72,72,68,72,71.933,71.939
2749,72,72,72,72,72,72.000,71.999
2750,72,72,72,72,72,72.000,71.999
2751,72,72,72,72,76,72.067,72.060
2752,72,72,72,72,72,72.000,72.064
2753,72,72,72,72,76,72.067,72.064
2754,72,72,72,72,76,72.200,72.123
2755,72,72,72,72,76,72.067,72.124
2756,72,76,72,72,76,72.200,72.125
2757,72,72,72,72,76,72.133,72.185
2758,72,76,72,72,76,72.200,72.184
2759,72,72,76,72,76,72.133,72.184
2760,72,72,72,72,76,72.267,72.252
2761,72,72,72,72,76,72.200,72.248
2762,72,72,72,72,76,72.067,72.312
2763,72,72,72,72,76,72.333,72.310
2764,72,72,72,72,76,72.333,72.312
2765,72,72,72,72,76,72.400,72.379
2766,76,72,72,72,76,72.467,72.374
2767,72,72,72,72,76,72.267,72.437
2768,72,72,72,72,76,72.467,72.431
2769,72,72,72,72,76,72.600,72.440
2770,72,72,72,72,76,72.533,72.439
2771,72,72,72,72,76,72.667,72.501
2772,72,72,72,72,76,72.600,72.566
2773,72,72,72,72,76,72.400,72.565
2774,72,72,72,72,76,72.800,72.566
2775,72,72,72,72,76,72.467,72.559
2776,72,72,72,72,76,72.600,72.622
2777,72,72,72,72,76,72.400,72.622
2778,72,72,72,72,76,72.733,72.685
2779,72,72,72,72,76,72.733,72.686
2780,72,72,76,72,76,72.400,72.689
2781,72,72,72,72,76,72.667,72.687
2782,72,72,72,72,76,72.867,72.746
2783,72,72,72,72,76,72.800,72.751
2784,72,76,72,72,76,72.667,72.808
2785,72,72,72,72,76,72.733,72.816
2786,72,76,76,72,76,73.133,72.875
2787,72,76,72,72,76,72.600,72.879
2788,72,72,76,72,76,72.800,72.879
2789,72,76,72,72,76,72.800,72.940
2790,72,72,72,72,76,72.933,72.932
2791,72,76,72,72,76,72.933,72.998
2792,72,72,72,72,76,73.267,72.996
2793,72,72,72,72,76,73.000,72.995
2794,76,72,72,72,76,72.733,73.056
2795,72,76,72,72,76,73.200,73.061
2796,76,76,76,72,76,73.067,73.062
2797,76,72,76,72,76,73.000,73.125
2798,72,76,72,72,76,73.200,73.117
2799,76,72,72,72,76,73.067,73.177
2800,72,72,72,72,76,73.200,73.189
2801,76,72,72,72,76,73.000,73.181
2802,72,76,72,72,76,73.400,73.246
2803,72,72,72,72,76,73.067,73.261
2804,72,72,72,72,76,73.000,73.252
2805,76,76,72,72,76,73.133,73.317
2806,76,76,72,72,76,73.133,73.312
2807,72,76,76,72,76,73.533,73.380
2808,76,72,76,72,76,73.333,73.377
2809,72,76,72,72,76,73.467,73.383
2810,72,72,76,72,76,73.067,73.379
2811,72,72,76,72,76,73.600,73.445
2812,76,72,76,72,76,73.200,73.434
2813,72,76,72,72,76,73.600,73.490
2814,72,76,76,72,76,73.067,73.507
2815,76,76,76,72,76,73.933,73.506
2816,72,76,76,72,76,73.800,73.568
2817,72,76,76,72,76,73.800,73.571
2818,72,76,76,72,76,73.600,73.624
2819,76,72,76,72,76,73.867,73.627
2820,72,72,72,72,76,74.000,73.623
2821,72,76,72,72,76,73.667,73.680
2822,76,76,76,72,76,73.667,73.689
2823,76,72,76,72,76,74.067,73.750
2824,76,76,72,72,76,73.333,73.752
2825,72,72,76,72,76,73.733,73.750
2826,76,72,72,72,76,73.800,73.808
2827,76,72,72,72,76,73.867,73.812
2828,76,76,72,72,76,73.867,73.817
2829,72,72,76,72,76,73.800,73.874
2830,76,76,72,72,76,74.400,73.872
2831,76,72,76,72,76,73.733,73.933
2832,76,76,72,72,76,74.067,73.942
2833,76,72,76,72,76,73.867,73.936
2834,76,72,72,72,76,74.533,73.993
2835,76,72,72,72,76,73.533,74.005
2836,76,72,72,72,76,73.800,74.060
2837,72,76,72,72,76,74.533,74.060
2838,76,76,76,72,76,73.800,74.062
2839,76,76,76,72,76,74.333,74.130
2840,76,72,76,72,76,74.333,74.123
2841,76,72,72,72,76,74.067,74.190
2842,72,72,72,72,76,74.067,74.189
2843,72,76,72,72,76,74.400,74.182
2844,72,72,76,72,76,74.000,74.184
2845,76,72,72,72,76,74.000,74.241
2846,72,76,76,72,76,74.333,74.248
2847,76,72,72,72,76,74.267,74.306
2848,72,72,72,72,76,74.333,74.311
2849,76,76,72,72,76,74.600,74.369
2850,72,76,76,72,76,74.600,74.366
2851,72,72,76,72,76,74.600,74.373
2852,72,76,72,72,76,74.733,74.373
2853,72,72,76,72,76,73.933,74.435
2854,76,72,72,72,76,74.667,74.426
2855,76,72,72,72,76,74.733,74.499
2856,76,76,72,72,76,74.800,74.497
2857,72,76,72,72,76,75.267,74.491
2858,72,76,72,72,76,74.667,74.571
2859,76,76,76,72,76,74.867,74.570
2860,76,76,76,72,76,74.667,74.567
2861,72,76,76,72,76,74.667,74.622
2862,76,72,76,72,76,74.733,74.624
2863,72,72,72,72,76,74.733,74.624
2864,72,72,72,72,76,74.800,74.686
2865,72,76,76,72,76,74.867,74.751
2866,76,76,76,72,76,74.667,74.751
2867,76,76,76,72,76,74.867,74.750
2868,76,76,76,72,76,74.667,74.800
2869,76,76,72,72,76,75.000,74.802
2870,76,76,76,72,76,74.867,74.812
2871,76,76,76,72,76,74.800,74.866
2872,72,76,76,72,76,75.000,74.875
2873,72,76,76,72,76,75.133,74.932
2874,72,76,72,72,76,75.267,74.935
2875,76,76,76,72,76,74.733,74.939
2876,76,76,76,72,76,75.067,74.999
2877,76,76,76,72,76,75.000,75.001
2878,76,76,76,72,76,75.400,74.995
2879,76,76,76,72,76,75.133,75.059
2880,76,72,76,72,76,75.067,75.057
2881,76,76,76,72,76,75.133,75.118
2882,76,76,76,72,76,74.933,75.122
2883,76,76,76,72,76,74.867,75.126
2884,76,76,72,72,76,75.267,75.192
2885,76,76,76,72,76,75.333,75.181
2886,76,76,76,72,76,75.267,75.181
2887,76,76,76,72,76,75.333,75.243
2888,76,76,76,72,76,75.333,75.248
2889,76,76,76,72,76,74.867,75.315
2890,72,72,76,72,76,75.200,75.309
2891,76,76,76,72,76,75.400,75.313
2892,76,76,76,72,76,75.400,75.372
2893,76,76,76,72,76,75.267,75.376
2894,76,76,76,72,76,75.667,75.434
2895,76,76,76,72,76,75.200,75.439
2896,76,76,76,72,76,75.667,75.430
2897,76,76,76,72,76,75.467,75.499
2898,76,76,76,72,76,75.467,75.493
2899,76,76,76,72,76,75.600,75.497
2900,76,76,76,72,76,75.400,75.559
2901,76,76,76,72,76,75.400,75.556
2902,76,76,76,72,76,75.733,75.624
2903,72,76,76,72,76,75.400,75.627
2904,76,76,76,72,76,75.733,75.627
2905,76,76,76,72,76,75.600,75.685
2906,76,76,76,72,76,75.667,75.688
2907,76,76,76,72,76,75.600,75.688
2908,76,72,76,72,76,75.800,75.746
2909,76,76,76,72,76,75.800,75.746
2910,76,76,76,76,76,76.000,75.811
2911,76,76,76,72,76,75.800,75.810
2912,76,76,76,72,76,75.800,75.809
2913,76,76,76,72,76,75.933,75.873
2914,76,76,76,72,76,75.933,75.873
2915,76,76,76,72,76,75.933,75.937
2916,76,76,76,72,76,75.933,75.939
2917,76,76,76,72,76,75.933,75.937
2918,76,76,76,76,76,76.000,75.999
2919,76,76,76,76,76,76.000,75.999
2920,76,76,76,76,76,76.000,75.999
2921,76,76,76,76,80,76.133,76.061
2922,76,76,76,76,76,76.000,76.062
2923,80,76,76,76,80,76.067,76.124
2924,76,76,76,76,76,76.000,76.124
2925,76,76,76,76,80,76.200,76.123
2926,76,76,76,76,80,76.200,76.123
2927,76,76,76,76,76,76.000,76.185
2928,80,76,76,76,80,76.133,76.190
2929,76,76,76,76,80,76.200,76.248
2930,80,76,76,76,80,76.400,76.243
2931,80,76,76,76,80,76.467,76.311
2932,76,76,76,76,80,76.467,76.305
2933,76,76,76,76,80,76.333,76.307
2934,76,76,80,76,80,76.400,76.375
2935,76,76,76,76,80,76.267,76.379
2936,76,76,76,76,80,76.667,76.376
2937,76,76,76,76,80,76.733,76.432
2938,80,76,76,76,80,76.533,76.431
2939,76,76,76,76,80,76.867,76.436
2940,76,76,76,76,80,76.400,76.497
2941,76,76,80,76,80,76.400,76.496
2942,76,76,76,76,80,76.533,76.503
2943,76,76,76,76,80,76.467,76.561
2944,76,76,76,76,80,76.400,76.557
2945,76,76,76,76,80,76.400,76.563
2946,76,76,76,76,80,76.800,76.626
2947,76,76,76,76,80,77.267,76.620
2948,80,76,76,76,80,76.533,76.682
2949,76,76,76,76,80,76.733,76.691
2950,76,76,76,76,80,76.600,76.690
2951,76,80,76,76,80,76.933,76.741
2952,76,76,80,76,80,76.800,76.752
2953,76,76,76,76,80,76.867,76.748
2954,76,76,76,76,80,76.733,76.818
2955,76,76,76,76,80,77.000,76.805
2956,76,76,80,76,80,77.200,76.874
2957,76,76,76,76,80,76.800,76.884
2958,76,76,76,76,80,76.600,76.864
2959,76,80,76,76,80,76.600,76.873
2960,76,76,76,76,80,77.133,76.932
2961,80,80,80,76,80,77.267,76.935
2962,76,76,76,76,80,77.133,76.997
2963,76,76,76,76,80,77.067,76.995
2964,76,76,76,76,80,77.333,77.074
2965,76,76,76,76,80,77.067,77.058
2966,76,80,80,76,80,76.800,77.064
2967,76,80,76,76,80,77.133,77.120
2968,80,80,80,76,80,76.933,77.119
2969,80,76,76,76,80,77.200,77.177
2970,76,76,76,76,80,77.133,77.186
2971,80,76,76,76,80,77.333,77.186
2972,76,80,80,76,80,77.267,77.253
2973,76,80,76,76,80,77.133,77.250
2974,76,80,76,76,80,77.333,77.248
2975,76,76,80,76,80,77.067,77.304
2976,80,76,76,76,80,77.600,77.319
2977,80,76,76,76,80,77.533,77.379
2978,80,76,76,76,80,77.467,77.378
2979,76,80,76,76,80,77.133,77.374
2980,80,76,80,76,80,77.133,77.440
2981,76,76,76,76,80,77.267,77.443
2982,80,76,76,76,80,77.467,77.507
2983,80,76,76,76,80,77.467,77.498
2984,80,80,76,76,80,77.333,77.500
2985,76,76,76,76,80,77.533,77.497
2986,76,80,76,76,80,77.400,77.495
2987,76,76,80,76,80,77.533,77.564
2988,76,76,80,76,80,77.333,77.554
2989,80,80,80,76,80,77.933,77.620
2990,80,76,80,76,80,77.800,77.625
2991,80,80,76,76,80,77.933,77.633
2992,76,76,80,76,80,77.267,77.685
2993,76,80,76,76,80,78.200,77.681
2994,76,80,80,76,80,77.867,77.749
2995,76,76,80,76,80,78.133,77.747
2996,80,76,76,76,80,77.533,77.809
2997,76,76,76,76,80,77.800,77.809
2998,76,80,76,76,80,77.667,77.818
2999,76,76,80,76,80,77.733,77.813
3000,76,76,80,76,80,77.733,77.871
3001,80,76,76,76,80,77.800,77.871
3002,76,80,76,76,80,77.800,77.939
3003,80,76,80,76,80,77.867,77.935
3004,80,76,76,76,80,77.933,78.009
3005,80,80,76,76,80,77.800,78.006
3006,80,80,80,76,80,77.867,78.004
3007,76,80,80,76,80,77.867,78.072
3008,80,80,80,76,80,78.533,78.068
3009,76,80,80,76,80,77.733,78.121
3010,80,76,80,76,80,78.400,78.122
3011,80,76,76,76,80,78.200,78.125
3012,80,80,76,76,80,78.467,78.192
3013,76,76,80,76,80,77.933,78.189
3014,76,76,76,76,80,78.200,78.192
3015,80,76,80,76,80,78.267,78.250
3016,80,80,76,76,80,78.067,78.250
3017,80,80,80,76,80,78.267,78.248
3018,76,80,80,76,80,78.067,78.312
3019,80,80,80,76,80,77.867,78.314
3020,76,80,80,76,80,77.933,78.317
3021,76,76,80,76,80,78.067,78.375
3022,80,76,80,76,80,78.400,78.379
3023,80,80,76,76,80,78.200,78.442
3024,80,80,76,76,80,78.667,78.440
3025,80,80,80,76,80,77.800,78.433
3026,80,76,80,76,80,78.800,78.451
3027,76,80,76,76,80,78.600,78.500
3028,76,80,80,76,80,78.667,78.510
3029,80,76,80,76,80,78.467,78.562
3030,76,80,76,76,80,78.533,78.563
3031,76,80,80,76,80,78.467,78.619
3032,76,80,80,76,80,78.533,78.616
3033,80,80,80,76,80,78.533,78.621
3034,80,80,80,76,80,78.667,78.687
3035,80,80,80,76,80,78.400,78.685
3036,80,80,80,76,80,78.733,78.746
3037,80,80,80,76,80,78.467,78.749
3038,80,80,76,76,80,78.733,78.818
3039,76,80,80,76,80,78.400,78.811
3040,80,80,80,76,80,78.667,78.810
3041,80,80,76,76,80,78.400,78.810
3042,80,80,80,76,80,78.533,78.873
3043,80,80,80,76,80,79.267,78.867
3044,80,80,80,76,80,79.000,78.943
3045,80,80,80,76,80,79.133,78.938
3046,80,80,80,76,80,78.733,78.990
3047,80,76,80,76,80,78.733,78.999
3048,80,80,80,76,80,79.333,78.997
3049,80,80,76,76,80,78.600,79.008
3050,80,80,76,76,80,79.133,79.065
3051,80,80,76,76,80,79.000,79.065
3052,80,80,80,76,80,79.333,79.120
3053,80,80,80,76,80,78.933,79.130
3054,80,80,80,76,80,78.933,79.127
3055,80,76,80,76,80,79.267,79.184
3056,80,80,80,76,80,79.000,79.187
3057,80,76,80,76,80,78.733,79.187
3058,80,80,80,76,80,79.200,79.247
3059,80,80,80,76,80,79.400,79.253
3060,80,80,80,76,80,79.333,79.313
3061,80,80,80,76,80,79.200,79.310
3062,80,80,80,76,80,79.467,79.316
3063,80,76,76,76,80,79.600,79.373
3064,80,76,80,76,80,79.467,79.372
3065,76,80,76,76,80,79.400,79.436
3066,76,80,80,76,80,79.667,79.442
3067,76,80,80,76,80,79.533,79.432
3068,80,80,80,76,80,79.267,79.497
3069,80,80,80,76,80,79.867,79.507
3070,80,80,80,76,80,79.800,79.562
3071,80,76,80,76,80,79.733,79.563
3072,80,80,80,76,80,79.533,79.627
3073,76,80,80,76,80,79.733,79.621
3074,80,80,80,76,80,79.467,79.619
3075,80,80,80,76,80,79.467,79.624
3076,80,80,80,76,80,79.667,79.688
3077,80,80,80,76,80,79.867,79.691
3078,80,80,80,76,80,79.867,79.749
3079,80,80,80,76,80,79.667,79.750
3080,80,80,80,76,80,79.733,79.752
3081,76,80,80,76,80,79.800,79.750
3082,80,80,80,76,80,79.800,79.813
3083,80,80,80,76,80,79.800,79.811
3084,80,80,80,76,80,79.933,79.874
3085,80,80,80,76,80,79.800,79.870
3086,80,80,80,80,80,80.000,79.937
3087,80,80,80,76,80,79.933,79.937
3088,80,80,80,80,80,80.000,79.934
3089,80,80,80,80,80,80.000,79.999
3090,80,80,80,80,80,80.000,79.999
3091,80,80,80,80,80,80.000,79.999
3092,80,80,80,80,84,80.133,80.062
3093,80,80,84,80,84,80.067,80.062
3094,80,84,80,80,84,80.133,80.121
3095,80,80,84,80,84,80.133,80.127
3096,84,80,80,80,80,80.000,80.123
3097,80,80,80,80,84,80.333,80.124
3098,84,80,80,80,84,80.067,80.187
3099,80,80,80,80,84,80.133,80.187
3100,80,80,80,80,84,80.200,80.188
3101,80,80,80,80,84,80.200,80.185
3102,80,80,80,80,84,80.267,80.247
3103,80,80,80,80,84,80.133,80.250
3104,84,80,84,80,84,80.333,80.307
3105,80,80,80,80,84,80.133,80.311
3106,80,80,80,80,84,80.333,80.376
3107,84,80,80,80,84,80.467,80.372
3108,80,80,80,80,84,80.267,80.433
3109,80,80,80,80,84,80.333,80.438
3110,80,84,80,80,84,80.267,80.433
3111,84,80,84,80,84,80.600,80.437
3112,80,80,80,80,84,80.533,80.494
3113,80,80,80,80,84,80.400,80.500
3114,80,80,84,80,84,80.467,80.567
3115,80,80,80,80,84,80.467,80.560
3116,80,80,80,80,84,80.400,80.563
3117,80,80,84,80,84,80.267,80.621
3118,84,80,80,80,84,80.600,80.626
3119,80,80,80,80,84,80.600,80.687
3120,80,80,80,80,84,80.733,80.692
3121,80,84,80,80,84,80.400,80.689
3122,80,80,80,80,84,80.133,80.683
3123,80,80,80,80,84,80.933,80.688
3124,80,80,80,80,84,80.533,80.748
3125,80,80,80,80,84,80.800,80.741
3126,84,80,80,80,84,80.867,80.804
3127,84,80,80,80,84,81.000,80.810
3128,80,80,80,80,84,80.733,80.876
3129,80,80,80,80,84,80.600,80.875
3130,80,80,80,80,84,80.800,80.876
3131,84,80,80,80,84,80.467,80.869
3132,80,80,80,80,84,81.000,80.933
3133,84,80,80,80,84,81.067,80.928
3134,80,80,80,80,84,81.067,80.997
3135,80,80,80,80,84,80.733,81.003
3136,80,80,80,80,84,81.333,80.996
3137,80,80,84,80,84,81.133,81.057
3138,80,80,80,80,84,80.867,81.055
3139,80,84,84,80,84,81.267,81.126
3140,80,84,80,80,84,81.267,81.120
3141,80,80,84,80,84,81.467,81.127
3142,80,80,80,80,84,81.000,81.185
3143,80,84,80,80,84,81.200,81.187
3144,80,80,84,80,84,81.000,81.179
3145,80,84,84,80,84,81.000,81.257
3146,80,84,80,80,84,81.400,81.248
3147,80,80,84,80,84,81.133,81.302
3148,80,80,80,80,84,81.600,81.318
3149,84,80,80,80,84,81.067,81.312
3150,84,80,80,80,84,81.267,81.371
3151,80,80,80,80,84,81.333,81.365
3152,80,84,80,80,84,81.667,81.370
3153,84,80,80,80,84,81.133,81.367
3154,80,84,80,80,84,81.333,81.430
3155,84,80,84,80,84,81.733,81.427
3156,84,80,84,80,84,81.333,81.439
3157,80,84,80,80,84,81.400,81.502
3158,80,84,84,80,84,81.133,81.491
3159,84,84,84,80,84,81.600,81.555
3160,80,80,84,80,84,81.667,81.571
3161,84,80,80,80,84,81.667,81.558
3162,84,80,80,80,84,81.733,81.618
3163,84,80,80,80,84,81.800,81.625
3164,80,80,80,80,84,81.333,81.630
3165,80,84,80,80,84,81.667,81.681
3166,80,84,84,80,84,82.267,81.672
3167,80,80,84,80,84,81.933,81.748
3168,80,80,80,80,84,81.400,81.757
3169,84,84,80,80,84,81.867,81.756
3170,80,80,84,80,84,81.667,81.808
3171,84,80,80,80,84,81.733,81.806
3172,84,84,80,80,84,81.600,81.811
3173,80,84,84,80,84,81.600,81.878
3174,84,84,84,80,84,81.933,81.873
3175,84,80,84,80,84,82.333,81.944
3176,84,84,80,80,84,81.867,81.936
3177,80,80,84,80,84,82.067,81.942
3178,80,80,80,80,84,81.867,81.993
3179,80,84,80,80,84,81.867,81.997
3180,80,80,84,80,84,82.200,82.061
3181,80,84,80,80,84,82.200,82.060
3182,84,84,84,80,84,82.067,82.064
3183,84,80,84,80,84,82.400,82.064
3184,80,80,80,80,84,81.600,82.127
3185,80,84,84,80,84,81.733,82.125
3186,84,80,84,80,84,82.200,82.185
3187,80,84,80,80,84,81.800,82.183
3188,80,84,84,80,84,82.067,82.256
3189,84,84,84,80,84,82.400,82.248
3190,84,84,84,80,84,82.267,82.241
3191,84,80,84,80,84,81.800,82.251
3192,84,80,80,80,84,82.200,82.311
3193,84,84,80,80,84,82.400,82.308
3194,80,84,84,80,84,82.067,82.387
3195,80,80,80,80,84,82.200,82.374
3196,84,80,80,80,84,82.467,82.434
3197,80,84,80,80,84,82.133,82.430
3198,84,84,84,80,84,82.667,82.439
3199,84,84,84,80,84,82.600,82.499
3200,80,84,84,80,84,82.733,82.498
3201,80,80,84,80,84,82.867,82.500
3202,84,80,84,80,84,82.000,82.559
3203,80,84,80,80,84,82.467,82.567
3204,84,80,84,80,84,82.600,82.569
3205,84,84,80,80,84,82.867,82.622
3206,84,84,80,80,84,82.400,82.631
3207,84,84,80,80,84,82.667,82.700
3208,84,80,84,80,84,82.800,82.681
3209,84,84,84,80,84,82.200,82.691
3210,84,80,84,80,84,82.867,82.751
3211,80,80,80,80,84,82.800,82.762
3212,80,80,80,80,84,82.867,82.748
3213,80,84,84,80,84,82.467,82.750
3214,84,84,84,80,84,82.533,82.816
3215,84,84,84,80,84,82.867,82.814
3216,84,84,84,80,84,82.667,82.869
3217,84,84,84,80,84,82.733,82.872
3218,80,80,84,80,84,82.867,82.882
3219,84,80,80,80,84,82.933,82.937
3220,84,84,80,80,84,82.600,82.934
3221,80,84,80,80,84,83.133,82.932
3222,80,84,80,80,84,82.933,83.002
3223,84,84,84,80,84,82.933,82.998
3224,84,84,84,80,84,83.067,83.061
3225,84,84,84,80,84,83.333,83.061
3226,84,84,84,80,84,83.000,83.060
3227,84,80,84,80,84,83.067,83.118
3228,80,80,84,80,84,83.133,83.122
3229,80,84,84,80,84,83.333,83.190
3230,84,84,84,80,84,83.200,83.182
3231,84,84,84,80,84,83.067,83.196
3232,84,84,80,80,84,83.333,83.180
3233,84,84,84,80,84,83.467,83.248
3234,84,80,84,80,84,83.200,83.249
3235,84,84,84,80,84,83.133,83.306
3236,84,84,84,80,84,83.600,83.318
3237,84,80,84,80,84,82.933,83.311
3238,80,84,84,80,84,83.067,83.310
3239,84,84,84,80,84,83.533,83.376
3240,84,84,80,80,84,83.467,83.377
3241,84,84,84,80,84,83.200,83.435
3242,84,84,84,80,84,83.600,83.435
3243,84,84,84,80,84,83.333,83.434
3244,80,84,84,80,84,83.333,83.497
3245,84,84,84,80,84,83.667,83.494
3246,84,80,80,80,84,83.400,83.495
3247,80,84,80,80,84,83.733,83.558
3248,84,84,84,80,84,83.267,83.562
3249,84,84,84,80,84,83.867,83.624
3250,84,84,84,84,84,84.000,83.623
3251,84,84,84,80,84,83.733,83.621
3252,84,80,84,80,84,83.733,83.626
3253,84,84,84,80,84,83.533,83.689
3254,80,84,84,80,84,83.800,83.685
3255,84,84,80,80,84,83.267,83.748
3256,80,84,84,80,84,83.667,83.745
3257,84,80,84,80,84,83.800,83.754
3258,84,80,84,80,84,83.733,83.813
3259,84,84,84,80,84,83.667,83.810
3260,84,84,84,80,84,83.800,83.813
3261,84,84,84,80,84,83.867,83.877
3262,84,84,84,80,84,83.933,83.873
3263,84,84,84,84,84,84.000,83.870
3264,84,80,84,80,84,83.933,83.935
3265,84,84,84,84,84,84.000,83.937
3266,84,84,84,84,84,84.000,83.999
3267,84,84,84,84,84,84.000,83.999
3268,84,84,84,84,84,84.000,83.999
3269,84,84,84,84,88,84.067,84.060
3270,84,84,84,84,84,84.000,84.060
3271,84,84,84,84,88,84.200,84.124
3272,84,84,84,84,88,84.067,84.122
3273,84,84,84,84,84,84.000,84.123
3274,84,84,84,84,88,84.333,84.187
3275,84,84,84,84,88,84.267,84.185
3276,84,84,84,84,88,84.200,84.186
3277,84,84,84,84,88,84.400,84.251
3278,84,84,84,84,88,84.400,84.247
3279,84,84,84,84,88,84.133,84.249
3280,84,84,84,84,88,84.667,84.309
3281,84,84,84,84,88,84.533,84.309
3282,84,84,84,84,88,84.467,84.308
3283,84,84,84,84,88,84.467,84.373
3284,84,84,84,84,88,84.467,84.374
3285,84,84,84,84,88,84.533,84.374
3286,88,84,84,84,88,84.333,84.430
3287,84,84,84,84,88,84.467,84.437
3288,84,84,84,84,88,84.400,84.431
3289,84,84,88,84,88,84.467,84.500
3290,84,84,84,84,88,84.467,84.499
3291,84,84,84,84,88,84.333,84.568
3292,84,84,84,84,88,84.600,84.553
3293,84,84,84,84,88,84.533,84.560
3294,84,84,84,84,88,84.733,84.560
3295,84,84,88,84,88,84.667,84.618
3296,84,84,84,84,88,84.467,84.626
3297,84,84,84,84,88,84.467,84.684
3298,84,84,84,84,88,84.333,84.689
3299,84,84,84,84,88,84.200,84.693
3300,84,84,84,84,88,84.600,84.688
3301,84,84,88,84,88,84.733,84.750
3302,84,88,84,84,88,84.800,84.752
3303,84,84,84,84,88,85.133,84.812
3304,84,84,84,84,88,84.600,84.812
3305,88,84,84,84,88,84.533,84.880
3306,84,88,84,84,88,85.067,84.869
3307,84,84,88,84,88,84.933,84.878
3308,84,84,84,84,88,84.667,84.868
3309,84,88,84,84,88,85.000,84.937
3310,84,84,84,84,88,85.000,84.927
3311,88,84,84,84,88,84.733,84.998
3312,88,84,84,84,88,84.933,84.999
3313,84,88,84,84,88,85.133,84.992
3314,84,84,84,84,88,85.400,85.008
3315,88,84,84,84,88,85.200,85.063
3316,88,84,88,84,88,84.933,85.064
3317,88,84,84,84,88,85.267,85.109
3318,84,84,84,84,88,85.067,85.125
3319,88,84,84,84,88,85.067,85.118
3320,84,84,84,84,88,84.933,85.123
3321,84,88,84,84,88,85.333,85.193
3322,84,88,88,84,88,85.467,85.187
3323,88,84,88,84,88,85.067,85.257
3324,84,84,84,84,88,85.133,85.245
3325,84,88,84,84,88,85.533,85.307
3326,84,84,88,84,88,85.333,85.303
3327,84,88,84,84,88,85.533,85.302
3328,84,88,88,84,88,85.200,85.376
3329,84,88,88,84,88,85.467,85.378
3330,84,88,88,84,88,85.133,85.381
3331,88,88,88,84,88,85.467,85.435
3332,88,84,88,84,88,85.467,85.437
3333,84,84,84,84,88,85.400,85.432
3334,84,84,84,84,88,85.800,85.497
3335,88,84,84,84,88,85.733,85.500
3336,84,88,84,84,88,85.667,85.554
3337,84,88,88,84,88,85.400,85.557
3338,88,88,88,84,88,85.733,85.558
3339,88,88,88,84,88,85.800,85.621
3340,88,88,84,84,88,85.867,85.622
3341,84,88,88,84,88,85.533,85.622
3342,88,84,88,84,88,85.933,85.692
3343,84,84,84,84,88,85.400,85.684
3344,88,88,84,84,88,85.400,85.683
3345,88,84,88,84,88,85.733,85.741
3346,88,88,84,84,88,85.733,85.758
3347,88,84,88,84,88,85.400,85.747
3348,88,88,84,84,88,85.600,85.813
3349,84,88,88,84,88,86.000,85.823
3350,84,84,88,84,88,86.067,85.803
3351,84,84,84,84,88,86.133,85.871
3352,84,88,84,84,88,85.667,85.878
3353,88,88,88,84,88,86.200,85.934
3354,88,84,88,84,88,86.200,85.931
3355,88,88,84,84,88,85.867,85.936
3356,88,88,88,84,88,86.133,86.000
3357,88,88,88,84,88,86.067,85.990
3358,88,84,88,84,88,86.133,86.061
3359,84,88,84,84,88,86.600,86.063
3360,84,84,88,84,88,86.133,86.128
3361,88,88,84,84,88,86.267,86.119
3362,84,88,88,84,88,85.800,86.111
3363,88,84,88,84,88,85.933,86.121
3364,84,88,88,84,88,86.200,86.188
3365,88,84,84,84,88,86.067,86.179
3366,88,84,84,84,88,85.933,86.245
3367,84,88,84,84,88,86.533,86.239
3368,84,84,88,84,88,86.467,86.244
3369,88,84,84,84,88,86.133,86.246
3370,88,84,84,84,88,86.133,86.307
3371,84,88,84,84,88,86.200,86.320
3372,88,88,88,84,88,85.800,86.369
3373,88,88,88,84,88,86.200,86.377
3374,88,88,88,84,88,86.133,86.371
3375,84,88,88,84,88,86.067,86.374
3376,88,88,88,84,88,86.133,86.435
3377,84,88,88,84,88,87.000,86.433
3378,88,88,88,84,88,86.800,86.504
3379,88,88,88,84,88,86.333,86.503
3380,84,88,88,84,88,85.933,86.566
3381,84,88,88,84,88,86.467,86.558
3382,88,88,88,84,88,85.867,86.566
3383,88,84,88,84,88,86.533,86.557
3384,88,88,84,84,88,86.533,86.617
3385,88,88,88,84,88,86.600,86.627
3386,88,88,84,84,88,86.667,86.688
3387,88,84,88,84,88,85.867,86.687
3388,88,84,84,84,88,86.467,86.694
3389,88,88,88,84,88,86.467,86.684
3390,88,84,88,84,88,86.600,86.748
3391,88,88,84,84,88,86.600,86.746
3392,88,84,84,84,88,86.600,86.811
3393,88,88,84,84,88,86.400,86.807
3394,88,84,88,84,88,86.533,86.810
3395,88,88,88,84,88,86.800,86.811
3396,88,88,88,84,88,86.733,86.876
3397,84,84,88,84,88,87.000,86.880
3398,88,84,84,84,88,86.267,86.874
3399,88,88,88,84,88,87.067,86.932
3400,84,88,88,84,88,86.733,86.930
3401,88,88,88,84,88,87.067,87.002
3402,84,88,88,84,88,87.400,87.001
3403,88,88,88,84,88,86.733,87.002
3404,84,88,88,84,88,87.267,87.053
3405,88,84,88,84,88,86.733,87.057
3406,88,88,88,84,88,87.200,87.121
3407,84,88,88,84,88,87.333,87.119
3408,84,88,84,84,88,87.400,87.124
3409,88,88,88,84,88,86.933,87.123
3410,88,88,88,84,88,87.200,87.185
3411,88,88,88,84,88,87.267,87.188
3412,88,84,88,84,88,87.400,87.185
3413,88,88,84,84,88,87.200,87.246
3414,88,88,88,84,88,87.067,87.244
3415,84,84,88,84,88,87.600,87.241
3416,88,88,84,84,88,87.000,87.316
3417,88,88,88,84,88,87.600,87.305
3418,88,88,88,84,88,87.267,87.320
3419,88,88,88,84,88,87.533,87.376
3420,88,88,88,84,88,87.667,87.436
3421,88,88,88,84,88,87.200,87.431
3422,88,88,88,84,88,87.600,87.428
3423,88,88,88,84,88,87.600,87.431
3424,88,88,88,84,88,87.867,87.498
3425,84,88,88,84,88,87.733,87.500
3426,88,88,88,84,88,87.600,87.505
3427,88,88,88,84,88,87.600,87.570
3428,88,88,88,84,88,87.600,87.560
3429,88,88,88,84,88,87.533,87.559
3430,88,88,88,84,88,87.400,87.627
3431,88,88,88,84,88,87.533,87.627
3432,88,88,88,84,88,87.667,87.627
3433,88,88,88,84,88,87.667,87.685
3434,88,88,88,84,88,87.600,87.690
3435,88,88,88,84,88,87.867,87.748
3436,88,88,88,84,88,87.867,87.748
3437,88,88,88,84,88,87.867,87.751
3438,88,88,88,84,88,87.733,87.812
3439,88,88,88,84,88,87.933,87.814
3440,88,88,88,84,88,87.867,87.807
3441,88,88,88,84,88,87.933,87.875
3442,88,88,88,84,88,87.933,87.874
3443,88,88,88,84,88,87.800,87.870
3444,88,88,88,84,88,87.933,87.934
3445,88,88,88,88,88,88.000,87.938
3446,88,88,88,88,88,88.000,87.937
3447,88,88,88,88,88,88.000,87.999
3448,88,88,88,88,88,88.000,87.999
3449,88,88,88,88,88,88.000,87.999
3450,88,88,88,88,92,88.067,88.060
3451,92,88,88,88,92,88.067,88.058
3452,88,88,92,88,92,88.133,88.124
3453,88,88,88,88,88,88.000,88.126
3454,88,88,88,88,88,88.000,88.122
3455,88,88,88,88,92,88.067,88.187
3456,88,88,88,88,88,88.000,88.187
3457,88,88,88,88,92,88.133,88.185
3458,88,88,88,88,92,88.333,88.246
3459,88,88,88,88,92,88.133,88.252
3460,88,88,92,88,92,88.533,88.248
3461,88,88,88,88,92,88.267,88.306
3462,88,88,88,88,92,88.400,88.310
3463,88,88,88,88,92,88.200,88.313
3464,88,92,88,88,92,88.467,88.376
3465,88,88,88,88,92,88.333,88.372
3466,88,88,92,88,92,88.400,88.435
3467,88,92,92,88,92,88.333,88.438
3468,88,88,88,88,92,88.667,88.437
3469,88,92,88,88,92,88.733,88.496
3470,88,88,88,88,92,88.333,88.497
3471,88,88,88,88,92,88.400,88.499
3472,92,88,88,88,92,88.467,88.563
3473,88,92,88,88,92,88.467,88.561
3474,88,92,88,88,92,88.867,88.569
3475,88,88,88,88,92,88.600,88.623
3476,92,88,88,88,92,88.867,88.633
3477,92,88,88,88,92,88.467,88.624
3478,88,92,88,88,92,88.733,88.690
3479,92,88,92,88,92,88.533,88.681
3480,88,92,88,88,92,88.933,88.744
3481,92,92,88,88,92,89.067,88.749
3482,92,92,88,88,92,88.467,88.742
3483,92,88,92,88,92,88.467,88.820
3484,92,88,88,88,92,89.067,88.810
3485,88,92,92,88,92,88.867,88.822
3486,88,88,88,88,92,88.933,88.880
3487,88,92,88,88,92,88.533,88.866
3488,92,88,92,88,92,88.867,88.869
3489,92,92,88,88,92,89.133,88.930
3490,92,88,92,88,92,88.800,88.943
3491,92,92,92,88,92,88.867,88.943
3492,92,88,92,88,92,88.933,89.008
3493,88,88,88,88,92,89.200,89.000
3494,88,92,88,88,92,89.333,89.064
3495,92,88,92,88,92,88.933,89.071
3496,88,88,88,88,92,88.933,89.056
3497,92,88,88,88,92,89.267,89.060
3498,88,92,88,88,92,89.200,89.130
3499,92,92,92,88,92,88.800,89.125
3500,88,88,92,88,92,89.067,89.187
3501,92,88,88,88,92,89.600,89.193
3502,88,88,88,88,92,88.667,89.194
3503,88,92,88,88,92,89.733,89.250
3504,92,88,88,88,92,89.267,89.252
3505,88,88,88,88,92,89.333,89.250
3506,92,92,88,88,92,89.400,89.308
3507,88,88,92,88,92,89.067,89.300
3508,92,88,88,88,92,89.667,89.370
3509,88,92,92,88,92,89.467,89.378
3510,88,92,92,88,92,89.667,89.374
3511,92,88,92,88,92,89.267,89.365
3512,88,92,92,88,92,89.600,89.431
3513,88,92,92,88,92,90.333,89.428
3514,88,88,92,88,92,89.333,89.436
3515,88,88,88,88,92,89.467,89.496
3516,92,92,88,88,92,89.600,89.562
3517,88,88,92,88,92,90.067,89.560
3518,88,88,88,88,92,89.267,89.564
3519,88,88,88,88,92,89.467,89.558
3520,92,92,88,88,92,90.133,89.630
3521,88,88,88,88,92,89.867,89.622
3522,88,88,88,88,92,89.600,89.620
3523,92,92,92,88,92,89.800,89.686
3524,88,92,92,88,92,90.133,89.685
3525,92,88,92,88,92,89.600,89.752
3526,92,92,88,88,92,89.733,89.755
3527,92,88,92,88,92,89.933,89.755
3528,92,88,88,88,92,89.667,89.806
3529,92,88,88,88,92,89.933,89.807
3530,92,92,88,88,92,90.267,89.825
3531,88,88,92,88,92,89.533,89.819
3532,88,88,88,88,92,90.133,89.868
3533,92,88,88,88,92,89.867,89.873
3534,88,88,88,88,92,89.867,89.871
3535,88,92,88,88,92,90.267,89.935
3536,88,88,92,88,92,90.667,89.945
3537,92,92,88,88,92,89.867,89.997
3538,88,88,92,88,92,90.133,90.007
3539,92,92,88,88,92,90.467,89.995
3540,92,92,92,88,92,89.933,90.066
3541,92,88,92,88,92,89.933,90.049
3542,88,88,88,88,92,89.933,90.056
3543,92,92,88,88,92,90.000,90.124
3544,88,88,92,88,92,89.800,90.117
3545,88,92,88,88,92,90.400,90.121
3546,88,92,92,88,92,90.267,90.184
3547,92,88,92,88,92,90.333,90.182
3548,88,92,88,88,92,90.533,90.191
3549,88,92,92,88,92,90.200,90.246
3550,88,92,92,88,92,90.200,90.251
3551,88,92,92,88,92,89.867,90.305
3552,92,88,92,88,92,90.800,90.319
3553,92,92,88,88,92,90.600,90.300
3554,92,92,88,88,92,90.533,90.311
3555,88,92,92,88,92,90.400,90.373
3556,92,92,92,88,92,90.533,90.379
3557,92,88,92,88,92,90.600,90.430
3558,88,92,88,88,92,90.533,90.431
3559,88,88,92,88,92,90.267,90.439
3560,92,88,88,88,92,90.467,90.492
3561,88,92,88,88,92,90.267,90.505
3562,92,88,88,88,92,90.400,90.504
3563,92,92,88,88,92,90.333,90.553
3564,92,92,92,88,92,91.000,90.554
3565,92,92,92,88,92,90.800,90.619
3566,92,88,88,88,92,90.400,90.632
3567,92,92,92,88,92,90.600,90.635
3568,92,92,92,88,92,90.933,90.685
3569,88,92,92,88,92,90.267,90.690
3570,88,88,92,88,92,90.600,90.680
3571,92,92,92,88,92,90.733,90.740
3572,92,92,92,88,92,90.800,90.750
3573,92,88,92,88,92,90.600,90.748
3574,92,92,92,88,92,90.667,90.750
3575,92,88,92,88,92,91.000,90.810
3576,88,92,92,88,92,90.467,90.817
3577,92,92,92,88,92,90.533,90.870
3578,92,92,92,88,92,91.333,90.862
3579,92,92,92,88,92,91.133,90.869
3580,92,88,92,88,92,90.867,90.941
3581,92,92,88,88,92,90.867,90.931
3582,92,92,92,88,92,90.933,90.936
3583,88,92,92,88,92,90.867,91.005
3584,92,92,92,88,92,90.667,91.003
3585,92,92,92,88,92,91.467,91.061
3586,92,92,92,88,92,91.000,91.064
3587,92,92,92,88,92,90.800,91.065
3588,92,92,92,88,92,90.933,91.125
3589,92,92,88,88,92,91.133,91.124
3590,88,92,92,88,92,91.600,91.124
3591,92,92,92,88,92,91.000,91.200
3592,92,92,92,88,92,91.000,91.183
3593,92,88,92,88,92,91.133,91.191
3594,92,92,88,88,92,91.133,91.253
3595,92,88,92,88,92,90.400,91.245
3596,92,92,92,88,92,91.467,91.311
3597,92,92,92,88,92,91.333,91.308
3598,92,88,92,88,92,91.267,91.315
3599,92,92,92,88,92,91.533,91.371
3600,92,92,92,88,92,91.533,91.380
3601,92,92,92,88,92,91.400,91.373
3602,92,92,92,88,92,91.000,91.433
3603,92,92,92,88,92,91.267,91.434
3604,92,92,92,88,92,91.533,91.429
3605,88,92,92,88,92,91.600,91.498
3606,92,88,92,88,92,91.400,91.492
3607,92,92,92,88,92,91.200,91.497
3608,88,88,92,88,92,91.600,91.561
3609,92,92,92,88,92,91.733,91.558
3610,88,92,92,88,92,91.733,91.561
3611,92,92,92,88,92,91.800,91.629
3612,92,92,92,88,92,91.600,91.628
3613,92,92,92,88,92,91.733,91.686
3614,92,92,92,88,92,91.600,91.684
3615,92,92,92,88,92,91.733,91.685
3616,92,92,88,88,92,91.667,91.743
3617,92,92,92,88,92,91.933,91.744
3618,88,92,88,88,92,91.800,91.752
3619,92,92,92,88,92,91.933,91.815
3620,92,92,92,88,92,91.667,91.813
3621,92,92,92,88,92,91.867,91.810
3622,92,92,92,88,92,91.733,91.876
3623,92,92,92,88,92,91.867,91.874
3624,92,92,92,92,92,92.000,91.871
3625,92,92,92,92,92,92.000,91.937
3626,92,92,92,88,92,91.867,91.935
3627,92,92,92,92,92,92.000,91.999
3628,92,92,92,92,92,92.000,91.999
3629,92,92,92,92,92,92.000,91.999
3630,92,92,92,92,92,92.000,92.061
3631,92,92,92,92,96,92.067,92.062
3632,92,92,92,92,96,92.133,92.059
3633,92,92,92,92,96,92.133,92.123
3634,92,92,92,92,96,92.067,92.123
3635,92,92,92,92,96,92.467,92.185
3636,92,92,92,92,96,92.267,92.186
3637,92,92,92,92,96,92.067,92.186
3638,92,92,92,92,96,92.267,92.248
3639,92,92,92,92,96,92.133,92.248
3640,92,92,92,92,96,92.200,92.248
3641,92,92,92,92,96,92.200,92.251
3642,92,92,92,92,96,92.600,92.309
3643,92,92,92,92,96,92.200,92.313
3644,96,92,92,92,96,92.467,92.309
3645,92,92,92,92,96,92.267,92.376
3646,92,92,92,92,96,92.067,92.378
3647,92,92,92,92,96,92.600,92.436
3648,92,92,92,92,96,92.400,92.436
3649,92,92,92,92,96,92.600,92.438
3650,92,92,92,92,96,92.467,92.507
3651,96,92,92,92,96,92.400,92.497
3652,92,92,92,92,96,92.400,92.500
3653,92,92,92,92,96,92.733,92.555
3654,92,92,92,92,96,92.867,92.562
3655,92,92,92,92,96,92.533,92.567
3656,92,92,92,92,96,92.533,92.623
3657,92,92,96,92,96,92.400,92.624
3658,92,92,92,92,96,92.667,92.629
3659,92,92,92,92,96,92.333,92.689
3660,92,92,92,92,96,92.733,92.686
3661,92,92,92,92,96,92.933,92.688
3662,92,92,96,92,96,92.867,92.746
3663,96,92,92,92,96,92.667,92.749
3664,92,96,92,92,96,92.867,92.748
3665,92,92,92,92,96,92.800,92.814
3666,92,92,92,92,96,92.533,92.812
3667,96,92,92,92,96,92.733,92.876
3668,92,92,92,92,96,93.067,92.875
3669,92,92,92,92,96,92.800,92.877
3670,92,92,92,92,96,92.800,92.880
3671,92,96,92,92,96,93.333,92.926
3672,92,92,92,92,96,93.067,92.932
3673,92,92,92,92,96,93.333,92.993
3674,96,92,96,92,96,93.200,93.002
3675,92,92,92,92,96,93.000,93.001
3676,92,92,92,92,96,93.333,92.996
3677,92,92,92,92,96,93.267,93.057
3678,92,96,92,92,96,93.333,93.059
3679,92,92,92,92,96,93.133,93.062
3680,92,92,92,92,96,93.267,93.114
3681,96,92,92,92,96,93.267,93.128
3682,92,92,92,92,96,93.133,93.187
3683,92,92,92,92,96,93.200,93.190
3684,92,92,92,92,96,93.000,93.189
3685,92,92,92,92,96,92.867,93.186
3686,92,92,92,92,96,93.267,93.254
3687,92,92,92,92,96,93.333,93.313
3688,96,92,92,92,96,93.467,93.310
3689,92,92,96,92,96,92.933,93.309
3690,96,92,92,92,96,93.200,93.308
3691,92,92,92,92,96,93.800,93.375
3692,92,92,92,92,96,93.467,93.380
3693,92,92,96,92,96,93.267,93.378
3694,92,92,92,92,96,93.600,93.435
3695,96,96,92,92,96,93.400,93.438
3696,92,96,92,92,96,93.467,93.506
3697,92,96,92,92,96,93.600,93.496
3698,92,92,96,92,96,93.733,93.498
3699,92,92,96,92,96,94.000,93.494
3700,92,92,92,92,96,93.133,93.558
3701,92,92,92,92,96,93.800,93.570
3702,92,92,92,92,96,93.600,93.616
3703,92,96,92,92,96,93.467,93.620
3704,92,92,96,92,96,93.933,93.632
3705,96,96,92,92,96,93.400,93.620
3706,92,96,96,92,96,93.400,93.686
3707,96,92,92,92,96,93.800,93.681
3708,92,92,92,92,96,93.867,93.691
3709,96,92,92,92,96,93.600,93.751
3710,92,96,96,92,96,93.733,93.742
3711,92,92,96,92,96,93.867,93.757
3712,96,92,92,92,96,94.000,93.811
3713,96,96,92,92,96,93.667,93.817
3714,96,96,96,92,96,93.933,93.809
3715,96,92,96,92,96,93.667,93.880
3716,92,92,92,92,96,94.200,93.870
3717,92,92,92,92,96,93.600,93.871
3718,96,92,92,92,96,93.467,93.933
3719,92,96,92,92,96,93.933,93.941
3720,96,96,96,92,96,94.133,93.999
3721,92,92,96,92,96,94.333,94.001
3722,96,96,92,92,96,94.400,94.063
3723,96,92,96,92,96,94.133,94.053
3724,92,92,92,92,96,93.867,94.061
3725,92,96,92,92,96,94.067,94.062
3726,96,96,96,92,96,94.000,94.123
3727,96,96,96,92,96,94.333,94.124
3728,92,92,96,92,96,94.200,94.189
3729,96,96,96,92,96,94.467,94.186
3730,96,96,96,92,96,94.267,94.180
3731,96,96,96,92,96,94.467,94.187
3732,96,96,96,92,96,94.333,94.240
3733,92,96,96,92,96,94.400,94.259
3734,92,96,96,92,96,93.867,94.252
3735,92,96,96,92,96,94.133,94.318
3736,96,96,96,92,96,94.267,94.311
3737,96,96,96,92,96,94.400,94.309
3738,92,96,96,92,96,94.467,94.370
3739,96,96,92,92,96,94.400,94.373
3740,92,96,96,92,96,94.533,94.378
3741,92,96,96,92,96,94.467,94.441
3742,96,92,96,92,96,94.133,94.432
3743,96,96,92,92,96,94.600,94.436
3744,96,96,92,92,96,94.800,94.500
3745,92,92,96,92,96,95.000,94.491
3746,96,96,92,92,96,94.333,94.492
3747,96,96,96,92,96,94.467,94.562
3748,96,96,96,92,96,94.600,94.562
3749,96,96,92,92,96,94.600,94.632
3750,96,92,96,92,96,94.267,94.624
3751,96,96,92,92,96,94.600,94.686
3752,96,92,92,92,96,94.800,94.687
3753,96,96,92,92,96,94.467,94.680
3754,96,96,96,92,96,94.867,94.752
3755,92,92,96,92,96,94.867,94.757
3756,96,96,92,92,96,95.200,94.743
3757,96,96,96,92,96,94.600,94.810
3758,96,92,96,92,96,94.867,94.813
3759,96,96,92,92,96,94.667,94.817
3760,92,92,96,92,96,95.133,94.866
3761,96,96,96,92,96,95.000,94.873
3762,92,96,96,92,96,94.467,94.881
3763,96,96,96,92,96,94.867,94.934
3764,96,96,96,92,96,94.933,94.931
3765,92,92,96,92,96,94.867,94.945
3766,96,96,92,92,96,94.800,95.016
3767,96,96,96,92,96,95.067,95.001
3768,92,96,96,92,96,95.133,94.995
3769,96,96,96,92,96,95.200,95.067
3770,96,96,92,92,96,94.933,95.066
3771,96,96,96,92,96,95.400,95.061
3772,96,96,96,92,96,94.800,95.123
3773,96,96,96,92,96,95.267,95.134
3774,96,96,96,92,96,95.267,95.124
3775,92,96,96,92,96,95.333,95.193
3776,96,96,96,92,96,95.133,95.188
3777,96,96,96,92,96,95.067,95.188
3778,96,96,96,92,96,95.467,95.252
3779,96,92,96,92,96,95.133,95.243
3780,96,96,92,92,96,95.533,95.258
3781,96,96,96,92,96,95.333,95.250
3782,92,96,96,92,96,95.800,95.314
3783,96,96,96,92,96,95.067,95.312
3784,96,92,96,92,96,95.733,95.377
3785,96,96,96,92,96,95.000,95.378
3786,96,96,96,92,96,95.267,95.372
3787,96,96,96,92,96,95.467,95.380
3788,96,96,92,92,96,95.333,95.440
3789,96,96,96,92,96,95.667,95.429
3790,96,96,96,92,96,95.600,95.495
3791,96,96,96,92,96,95.600,95.505
3792,96,96,96,92,96,95.600,95.495
3793,96,96,92,92,96,95.667,95.504
3794,96,96,96,92,96,95.467,95.555
3795,92,96,96,92,96,95.533,95.562
3796,96,96,96,92,96,95.933,95.621
3797,96,92,96,92,96,95.533,95.618
3798,96,96,96,92,96,95.667,95.624
3799,92,96,96,92,96,95.800,95.692
3800,96,96,96,92,96,95.667,95.684
3801,96,96,96,92,96,95.467,95.686
3802,96,96,96,92,96,95.533,95.691
3803,92,96,96,92,96,95.733,95.742
3804,96,92,96,92,96,95.600,95.747
3805,96,96,96,92,96,95.800,95.746
3806,96,96,96,92,96,95.733,95.812
3807,96,96,96,92,96,95.733,95.808
3808,96,96,96,92,96,95.933,95.815
3809,96,96,96,92,96,95.667,95.872
3810,96,96,96,96,96,96.000,95.876
3811,96,96,96,96,96,96.000,95.935
3812,96,96,96,92,96,95.933,95.936
3813,96,96,96,92,96,95.867,95.935
3814,96,96,96,96,96,96.000,95.999
3815,96,96,96,96,96,96.000,95.999
3816,96,96,96,96,96,96.000,95.999
3817,96,96,96,96,100,96.200,96.062
3818,96,96,96,96,100,96.067,96.063
3819,96,96,96,96,100,96.067,96.059
3820,96,96,96,96,100,96.267,96.123
3821,96,96,96,96,100,96.133,96.125
3822,96,96,96,96,100,96.133,96.123
3823,96,96,96,96,100,96.200,96.185
3824,96,96,96,96,100,96.267,96.189
3825,96,96,96,96,100,96.200,96.184
3826,96,96,96,96,100,96.333,96.245
3827,96,96,96,96,100,96.133,96.250
3828,96,96,96,96,100,96.200,96.244
3829,96,96,96,96,100,96.200,96.249
3830,96,96,100,96,100,96.267,96.309
3831,96,96,96,96,100,96.333,96.316
3832,96,96,96,96,100,96.533,96.371
3833,96,96,96,96,100,96.400,96.368
3834,96,96,96,96,100,96.533,96.370
3835,96,96,96,96,100,96.333,96.371
3836,96,100,96,96,100,96.333,96.434
3837,100,100,96,96,100,96.267,96.437
3838,96,96,96,96,100,96.800,96.496
3839,100,96,96,96,100,96.400,96.498
