x,R,G,B,min_over_frames_G,max_over_frames_G,mean_over_frames_G
0,0,0,0,0,0,0.000
1,0,0,0,0,4,0.467
2,0,0,0,0,4,0.467
3,0,0,0,0,4,0.467
4,0,0,0,0,4,0.933
5,0,0,0,0,4,0.867
6,0,0,4,0,4,1.333
7,0,0,4,0,4,1.067
8,4,0,0,0,4,1.467
9,0,4,4,0,4,1.600
10,0,0,4,0,4,2.467
11,0,0,4,0,4,2.133
12,4,4,0,0,4,2.333
13,0,4,4,0,4,2.533
14,4,0,4,0,4,3.000
15,4,4,4,0,4,3.133
16,4,4,0,0,4,3.533
17,4,4,4,0,4,3.600
18,4,4,4,0,4,3.867
19,4,4,4,4,4,4.000
20,4,4,4,4,8,4.067
21,4,4,4,4,8,4.533
22,4,4,4,4,8,4.600
23,8,8,4,4,8,4.800
24,4,4,8,4,8,5.200
25,4,4,4,4,8,5.267
26,8,4,4,4,8,5.800
27,4,8,4,4,8,5.400
28,4,4,8,4,8,6.200
29,8,8,4,4,8,6.600
30,8,8,8,4,8,6.533
31,8,4,4,4,8,6.867
32,4,4,4,4,8,7.200
33,8,8,8,4,8,7.267
34,8,8,8,4,8,7.200
35,8,8,8,4,8,7.733
36,8,8,8,8,8,8.000
37,8,8,8,8,8,8.000
38,8,8,8,8,12,8.133
39,8,8,8,8,12,8.400
40,8,8,8,8,12,8.467
41,8,8,8,8,12,8.333
42,8,8,8,8,12,8.933
43,8,8,12,8,12,9.467
44,12,12,8,8,12,9.267
45,8,8,12,8,12,9.867
46,12,12,8,8,12,9.800
47,8,8,12,8,12,9.800
48,8,12,8,8,12,10.200
49,8,12,12,8,12,10.933
50,12,8,12,8,12,10.933
51,12,12,12,8,12,11.333
52,12,12,12,8,12,11.533
53,12,12,12,8,12,11.533
54,12,12,12,8,12,11.533
55,12,12,12,12,12,12.000
56,12,12,12,12,16,12.333
57,12,12,12,12,16,12.467
58,12,12,12,12,16,12.733
59,16,12,12,12,16,13.000
60,12,12,12,12,16,13.067
61,16,12,12,12,16,13.267
62,12,16,16,12,16,13.467
63,16,16,12,12,16,13.867
64,12,12,16,12,16,13.933
65,16,16,12,12,16,14.267
66,16,16,16,12,16,14.400
67,12,16,16,12,16,14.533
68,16,16,16,12,16,15.067
69,16,16,16,12,16,15.067
70,16,16,16,12,16,15.267
71,16,16,12,12,16,15.800
72,16,16,16,12,16,15.733
73,16,16,12,12,16,15.800
74,16,16,16,16,20,16.067
75,16,16,16,16,20,16.467
76,16,16,16,16,20,16.533
77,16,16,16,16,20,16.667
78,20,20,16,16,20,17.267
79,16,16,20,16,20,17.533
80,20,16,16,16,20,17.000
81,16,20,16,16,20,17.733
82,20,20,20,16,20,17.867
83,20,16,20,16,20,17.933
84,20,20,16,16,20,18.267
85,20,20,20,16,20,18.400
86,16,20,20,16,20,19.267
87,16,20,20,16,20,19.067
88,20,20,20,16,20,19.133
89,16,20,20,16,20,19.467
90,20,20,20,16,20,19.933
91,20,20,20,16,20,19.867
92,20,20,20,20,24,20.133
93,20,20,20,20,24,20.200
94,20,20,24,20,24,20.467
95,24,20,20,20,24,20.733
96,20,20,20,20,24,21.200
97,20,20,20,20,24,21.133
98,20,20,20,20,24,21.400
99,24,24,20,20,24,21.867
100,20,24,24,20,24,22.533
101,24,20,24,20,24,22.200
102,24,20,20,20,24,22.267
103,24,24,20,20,24,22.467
104,24,20,24,20,24,21.933
105,20,24,20,20,24,23.000
106,24,24,24,20,24,23.400
107,24,24,20,20,24,23.800
108,24,20,20,20,24,23.333
109,24,24,24,20,24,23.867
110,24,24,24,24,28,24.067
111,24,24,24,24,28,24.467
112,24,24,24,24,28,24.533
113,28,24,24,24,28,24.733
114,24,24,24,24,28,24.933
115,24,24,28,24,28,24.667
116,24,28,28,24,28,25.667
117,24,24,24,24,28,25.533
118,24,24,24,24,28,25.667
119,24,24,24,24,28,26.467
120,28,28,24,24,28,26.533
121,24,28,28,24,28,26.267
122,28,28,28,24,28,26.133
123,24,28,28,24,28,26.933
124,28,28,28,24,28,27.333
125,28,28,28,24,28,27.333
126,28,24,28,24,28,27.600
127,28,28,28,24,28,27.867
128,28,28,28,28,28,28.000
129,28,28,28,28,32,28.200
130,28,28,28,28,32,28.533
131,28,28,32,28,32,28.800
132,32,28,28,28,32,29.067
133,32,28,28,28,32,29.200
134,28,28,28,28,32,29.733
135,28,28,28,28,32,29.200
136,28,28,28,28,32,29.333
137,32,32,28,28,32,29.667
138,32,28,32,28,32,30.467
139,32,28,28,28,32,30.667
140,32,32,28,28,32,30.200
141,32,28,32,28,32,31.133
142,32,32,32,28,32,31.067
143,28,32,32,28,32,31.533
144,32,32,32,28,32,31.800
145,28,32,32,32,32,32.000
146,32,32,32,32,36,32.067
147,32,32,32,32,36,32.067
148,32,32,32,32,36,32.267
149,32,32,32,32,36,32.667
150,32,36,32,32,36,33.200
151,32,32,36,32,36,32.733
152,32,32,36,32,36,33.267
153,32,32,32,32,36,33.200
154,36,32,32,32,36,33.533
155,32,36,36,32,36,34.067
156,36,36,36,32,36,34.733
157,36,36,36,32,36,34.400
158,32,36,36,32,36,34.267
159,36,36,36,32,36,35.133
160,36,36,36,32,36,35.000
161,36,36,36,32,36,35.467
162,32,36,36,32,36,35.467
163,36,36,36,32,36,35.867
164,36,36,36,36,36,36.000
165,36,36,36,36,40,36.200
166,36,36,36,36,40,36.267
167,40,36,36,36,40,36.667
168,40,36,36,36,40,37.067
169,36,36,36,36,40,37.133
170,36,40,40,36,40,37.667
171,40,36,40,36,40,37.667
172,40,36,36,36,40,37.467
173,40,36,36,36,40,38.200
174,40,36,36,36,40,38.133
175,40,36,36,36,40,38.467
176,40,40,36,36,40,38.533
177,40,40,40,36,40,39.200
178,40,36,40,36,40,38.933
179,40,40,40,36,40,39.400
180,40,40,40,36,40,39.400
181,40,40,40,36,40,39.933
182,40,40,40,40,40,40.000
183,40,40,40,40,44,40.267
184,40,44,40,40,44,40.467
185,40,40,44,40,44,40.400
186,44,40,40,40,44,41.200
187,44,44,44,40,44,41.000
188,40,44,44,40,44,41.467
189,40,40,44,40,44,41.800
190,40,40,40,40,44,42.133
191,40,44,40,40,44,42.400
192,40,44,44,40,44,42.267
193,44,44,44,40,44,42.333
194,44,44,44,40,44,42.733
195,40,44,44,40,44,42.867
196,44,40,44,40,44,43.267
197,44,44,44,40,44,43.600
198,44,44,44,40,44,43.800
199,44,44,44,40,44,43.533
200,44,44,44,40,44,43.933
201,44,44,44,44,48,44.133
202,44,48,44,44,48,44.333
203,48,44,44,44,48,44.333
204,48,48,44,44,48,45.067
205,48,44,48,44,48,44.600
206,44,44,44,44,48,45.067
207,44,48,44,44,48,45.333
208,44,44,48,44,48,45.800
209,48,48,48,44,48,46.000
210,48,48,48,44,48,46.333
211,48,48,48,44,48,46.533
212,48,44,48,44,48,46.133
213,44,44,44,44,48,46.733
214,48,48,48,44,48,47.067
215,44,48,48,44,48,47.200
216,48,48,48,44,48,47.867
217,48,48,48,44,48,47.667
218,48,48,48,44,48,47.933
219,48,48,48,48,52,48.133
220,48,48,48,48,52,48.400
221,52,48,48,48,52,48.533
222,48,48,52,48,52,48.800
223,48,52,52,48,52,48.867
224,48,48,52,48,52,49.200
225,48,48,48,48,52,49.600
226,52,52,48,48,52,50.000
227,52,48,52,48,52,49.867
228,52,52,48,48,52,50.200
229,48,48,52,48,52,50.267
230,48,52,48,48,52,50.333
231,52,48,52,48,52,51.000
232,52,52,52,48,52,51.200
233,52,52,52,48,52,51.400
234,52,52,52,48,52,51.333
235,52,52,52,48,52,51.800
236,52,52,52,52,52,52.000
237,52,52,52,52,56,52.067
238,52,52,52,52,56,52.800
239,52,52,56,52,56,52.800
240,56,52,52,52,56,52.467
241,52,56,52,52,56,53.000
242,52,52,52,52,56,53.000
243,56,52,52,52,56,53.133
244,52,56,56,52,56,53.800
245,56,56,56,52,56,54.067
246,52,56,56,52,56,54.267
247,56,52,56,52,56,54.600
248,52,56,52,52,56,54.533
249,56,56,56,52,56,54.733
250,56,56,56,52,56,54.467
251,56,56,56,52,56,55.200
252,56,56,56,52,56,55.267
253,56,56,56,52,56,55.867
254,56,56,56,56,56,56.000
255,56,56,56,56,60,56.067
256,56,60,56,56,60,56.333
257,56,56,56,56,60,56.533
258,60,56,56,56,60,56.933
259,60,56,56,56,60,57.333
260,60,56,56,56,60,57.400
261,60,60,60,56,60,57.467
262,60,56,60,56,60,58.000
263,60,56,56,56,60,58.000
264,56,56,56,56,60,58.067
265,60,60,56,56,60,58.133
266,60,60,60,56,60,58.533
267,60,60,60,56,60,58.800
268,60,60,56,56,60,59.133
269,60,60,60,56,60,59.533
270,60,60,60,56,60,59.467
271,60,56,60,56,60,59.467
272,60,60,60,56,60,59.800
273,60,60,60,60,64,60.067
274,60,60,60,60,64,60.133
275,60,60,60,60,64,60.200
276,60,60,60,60,64,60.933
277,60,64,60,60,64,61.000
278,64,64,64,60,64,61.267
279,60,60,64,60,64,61.467
280,60,64,64,60,64,61.733
281,60,64,64,60,64,61.667
282,64,60,64,60,64,62.200
283,64,60,60,60,64,62.400
284,60,64,64,60,64,62.133
285,64,64,64,60,64,62.600
286,60,64,60,60,64,62.667
287,64,64,60,60,64,63.267
288,64,64,64,60,64,63.200
289,64,64,64,60,64,63.733
290,64,64,64,60,64,63.800
291,64,64,64,64,68,64.133
292,64,64,64,64,68,64.267
293,64,64,64,64,68,64.200
294,64,64,64,64,68,64.400
295,64,64,64,64,68,64.467
296,64,68,64,64,68,65.667
297,68,64,68,64,68,65.533
298,68,68,68,64,68,65.733
299,64,64,68,64,68,65.133
300,64,68,64,64,68,66.600
301,68,68,68,64,68,66.200
302,64,68,68,64,68,66.467
303,64,68,68,64,68,67.267
304,64,68,68,64,68,66.933
305,64,68,68,64,68,67.467
306,68,68,68,64,68,67.467
307,68,68,68,64,68,67.867
308,68,68,68,64,68,67.800
309,68,68,68,68,68,68.000
310,68,68,68,68,72,68.133
311,68,68,68,68,72,68.533
312,68,68,72,68,72,68.800
313,72,72,68,68,72,69.267
314,72,68,68,68,72,69.267
315,68,72,68,68,72,69.600
316,68,68,72,68,72,69.867
317,72,72,68,68,72,69.200
318,72,72,72,68,72,69.667
319,72,72,72,68,72,69.933
320,72,72,72,68,72,70.400
321,72,72,72,68,72,71.067
322,68,72,72,68,72,71.000
323,72,68,68,68,72,71.400
324,68,72,72,68,72,71.733
325,72,72,72,68,72,71.133
326,68,72,72,68,72,71.733
327,72,72,72,72,72,72.000
328,72,72,72,72,76,72.400
329,72,72,76,72,76,72.467
330,76,72,72,72,76,73.067
331,72,76,76,72,76,73.333
332,72,72,76,72,76,73.067
333,72,72,72,72,76,73.333
334,76,72,72,72,76,73.533
335,76,72,72,72,76,74.067
336,76,76,72,72,76,73.933
337,76,76,76,72,76,74.067
338,76,72,76,72,76,74.533
339,72,72,76,72,76,74.533
340,76,72,72,72,76,74.800
341,76,76,76,72,76,74.800
342,76,72,76,72,76,75.533
343,72,76,76,72,76,75.333
344,76,76,76,72,76,75.800
345,76,76,76,76,76,76.000
346,76,76,76,76,80,76.200
347,76,76,76,76,80,76.600
348,76,76,80,76,80,76.600
349,76,76,76,76,80,76.600
350,76,76,76,76,80,77.267
351,76,76,76,76,80,77.267
352,76,76,76,76,80,77.667
353,76,76,76,76,80,77.867
354,80,80,76,76,80,77.800
355,76,80,80,76,80,78.533
356,76,76,80,76,80,78.333
357,80,76,76,76,80,77.867
358,80,80,80,76,80,78.667
359,80,80,80,76,80,79.200
360,80,80,76,76,80,79.267
361,80,80,80,76,80,79.467
362,80,80,80,76,80,79.733
363,80,80,80,80,80,80.000
364,84,80,80,80,84,80.200
365,80,84,84,80,84,80.467
366,80,80,80,80,84,80.867
367,80,84,80,80,84,80.800
368,80,84,80,80,84,81.000
369,80,80,84,80,84,81.267
370,80,80,80,80,84,81.267
371,84,84,80,80,84,82.200
372,84,84,84,80,84,82.067
373,84,84,84,80,84,82.333
374,84,84,84,80,84,82.000
375,84,84,84,80,84,82.533
376,84,80,80,80,84,83.067
377,84,84,84,80,84,82.800
378,84,84,84,80,84,83.667
379,84,84,84,80,84,83.333
380,84,84,84,80,84,83.400
381,84,84,84,80,84,83.933
382,88,84,84,84,88,84.133
383,84,84,84,84,88,84.400
384,84,88,84,84,88,84.400
385,84,84,84,84,88,84.667
386,84,84,84,84,88,84.867
387,84,88,84,84,88,85.467
388,84,88,88,84,88,85.667
389,88,88,88,84,88,86.067
390,88,84,88,84,88,86.067
391,88,88,84,84,88,86.533
392,84,84,88,84,88,86.467
393,88,88,88,84,88,86.467
394,88,88,88,84,88,87.200
395,84,88,88,84,88,86.933
396,88,88,88,84,88,87.333
397,88,84,88,84,88,87.200
398,88,88,84,84,88,87.667
399,88,88,88,88,88,88.000
400,88,88,88,88,92,88.200
401,92,88,88,88,92,88.400
402,88,92,88,88,92,88.533
403,88,88,88,88,92,88.533
404,88,88,88,88,92,88.800
405,92,88,88,88,92,89.467
406,92,88,88,88,92,89.400
407,88,92,88,88,92,89.733
408,92,88,92,88,92,89.733
409,88,92,88,88,92,89.667
410,92,88,92,88,92,90.200
411,88,92,92,88,92,90.467
412,92,92,92,88,92,91.067
413,92,88,92,88,92,90.933
414,88,92,88,88,92,91.000
415,88,92,92,88,92,91.333
416,92,92,92,88,92,91.533
417,92,92,92,88,92,91.733
418,92,92,92,92,96,92.067
419,92,92,92,92,96,92.200
420,92,92,92,92,96,92.400
421,92,92,96,92,96,92.467
422,92,96,92,92,96,92.667
423,92,92,96,92,96,93.000
424,92,96,92,92,96,93.800
425,92,96,96,92,96,93.467
426,96,92,92,92,96,93.533
427,92,92,92,92,96,93.800
428,96,96,92,92,96,93.333
429,96,96,96,92,96,94.133
430,96,92,96,92,96,94.800
431,96,96,96,92,96,95.133
432,96,96,92,92,96,95.133
433,92,96,96,92,96,95.667
434,96,96,96,92,96,95.533
435,96,96,96,92,96,95.733
436,96,100,96,96,100,96.067
437,96,96,100,96,100,96.200
438,100,96,96,96,100,96.400
439,100,100,96,96,100,96.733
440,96,96,100,96,100,96.733
441,96,100,96,96,100,97.133
442,100,96,96,96,100,97.467
443,96,100,96,96,100,97.533
444,96,100,100,96,100,98.533
445,100,100,100,96,100,97.933
446,100,100,100,96,100,97.667
447,96,100,100,96,100,98.467
448,96,100,100,96,100,98.467
449,100,100,100,96,100,98.800
450,100,100,100,96,100,99.000
451,100,100,100,96,100,99.800
452,100,100,100,96,100,99.467
453,100,100,100,96,100,99.600
454,100,100,100,96,100,99.933
455,100,100,100,100,104,100.133
456,100,100,100,100,104,100.267
457,100,100,100,100,104,100.733
458,104,100,100,100,104,100.933
459,100,104,100,100,104,101.200
460,104,100,104,100,104,101.267
461,100,104,100,100,104,102.000
462,104,104,104,100,104,102.133
463,104,104,104,100,104,102.333
464,100,104,104,100,104,101.867
465,104,104,104,100,104,102.600
466,104,104,104,100,104,102.467
467,104,104,104,100,104,102.867
468,104,104,104,100,104,103.467
469,104,104,104,100,104,103.467
470,104,104,104,100,104,103.533
471,104,104,104,100,104,103.667
472,104,104,104,104,104,104.000
473,104,104,104,104,108,104.333
474,104,104,104,104,108,104.333
475,104,104,104,104,108,104.800
476,104,108,104,104,108,104.667
477,104,104,108,104,108,105.067
478,108,104,104,104,108,105.467
479,108,108,108,104,108,105.133
480,108,104,108,104,108,105.867
481,108,108,104,104,108,106.200
482,108,104,108,104,108,105.867
483,104,108,104,104,108,106.467
484,108,108,104,104,108,106.600
485,104,108,108,104,108,107.133
486,108,108,108,104,108,106.667
487,104,108,108,104,108,107.333
488,108,108,108,104,108,107.333
489,108,108,108,104,108,107.467
490,108,108,108,108,108,108.000
491,108,108,108,108,112,108.133
492,108,108,108,108,112,108.400
493,108,108,108,108,112,108.467
494,108,108,108,108,112,108.800
495,108,108,108,108,112,108.933
496,112,108,108,108,112,109.467
497,108,108,108,108,112,109.400
498,112,108,108,108,112,109.867
499,108,108,108,108,112,109.933
500,108,112,108,108,112,110.200
501,112,112,112,108,112,110.400
502,112,112,112,108,112,110.867
503,112,112,112,108,112,110.867
504,112,112,112,108,112,111.000
505,112,112,112,108,112,111.400
506,112,112,112,108,112,111.200
507,112,112,112,108,112,111.533
508,112,112,112,108,112,111.867
509,112,112,112,112,116,112.133
510,112,112,112,112,116,112.267
511,112,112,112,112,116,112.600
512,112,116,112,112,116,112.867
513,112,112,112,112,116,112.667
514,112,112,112,112,116,112.867
515,112,116,112,112,116,113.800
516,112,116,116,112,116,113.867
517,116,112,116,112,116,113.667
518,116,112,112,112,116,113.733
519,116,116,112,112,116,114.400
520,116,112,116,112,116,114.267
521,116,116,112,112,116,114.800
522,116,116,116,112,116,115.133
523,116,116,112,112,116,115.333
524,112,116,116,112,116,115.133
525,116,112,112,112,116,115.533
526,116,116,116,112,116,115.933
527,116,116,116,116,116,116.000
528,116,120,116,116,120,116.400
529,116,116,116,116,120,116.533
530,116,116,120,116,120,116.800
531,116,116,116,116,120,116.800
532,116,116,120,116,120,117.333
533,120,116,120,116,120,117.133
534,116,116,116,116,120,117.333
535,116,120,116,116,120,117.400
536,116,116,120,116,120,118.133
537,116,120,116,116,120,117.867
538,120,120,120,116,120,118.533
539,116,120,120,116,120,118.867
540,116,116,120,116,120,119.267
541,120,120,116,116,120,118.933
542,120,120,120,116,120,119.267
543,120,120,120,116,120,119.733
544,120,120,120,116,120,119.733
545,120,120,120,120,124,120.133
546,120,120,120,120,124,120.267
547,120,120,120,120,124,120.333
548,124,120,120,120,124,120.667
549,120,120,120,120,124,120.733
550,120,124,120,120,124,120.933
551,120,124,124,120,124,121.867
552,120,120,124,120,124,121.000
553,120,124,124,120,124,122.067
554,124,124,124,120,124,122.333
555,124,120,124,120,124,122.067
556,124,124,120,120,124,122.733
557,120,120,124,120,124,122.800
558,124,124,120,120,124,123.267
559,124,124,124,120,124,123.133
560,124,124,124,120,124,123.533
561,124,124,124,120,124,123.533
562,124,124,124,120,124,123.800
563,124,124,124,124,124,124.000
564,124,124,124,124,128,124.200
565,124,124,128,124,128,124.667
566,124,124,124,124,128,124.800
567,124,124,124,124,128,124.600
568,128,124,124,124,128,124.933
569,124,128,124,124,128,125.800
570,128,128,128,124,128,126.200
571,128,124,128,124,128,125.667
572,124,128,124,124,128,126.200
573,124,128,128,124,128,126.267
574,124,124,128,124,128,126.800
575,128,128,124,124,128,126.733
576,124,128,128,124,128,126.867
577,128,128,128,124,128,127.400
578,128,128,128,124,128,127.600
579,128,128,128,124,128,127.600
580,128,128,128,124,128,127.667
581,128,128,128,128,128,128.000
582,128,128,128,128,132,128.200
583,128,128,128,128,132,128.533
584,128,128,128,128,132,128.667
585,128,128,128,128,132,129.000
586,128,128,128,128,132,128.933
587,132,128,128,128,132,129.667
588,128,132,128,128,132,129.667
589,132,128,132,128,132,129.667
590,132,128,128,128,132,129.933
591,128,128,132,128,132,130.133
592,132,132,128,128,132,130.200
593,132,128,132,128,132,130.467
594,132,132,128,128,132,130.867
595,128,132,132,128,132,130.800
596,132,128,132,128,132,131.333
597,132,132,132,128,132,131.533
598,132,128,132,128,132,131.800
599,132,132,132,132,132,132.000
600,132,132,132,132,136,132.267
601,132,132,132,132,136,132.267
602,132,132,132,132,136,132.400
603,132,132,136,132,136,132.867
604,132,132,132,132,136,132.800
605,136,132,132,132,136,133.133
606,132,132,132,132,136,133.333
607,132,132,132,132,136,133.600
608,132,132,132,132,136,133.733
609,136,132,136,132,136,134.200
610,132,132,132,132,136,134.400
611,136,136,136,132,136,134.533
612,136,136,136,132,136,134.667
613,132,136,132,132,136,134.800
614,136,132,136,132,136,135.467
615,136,136,132,132,136,135.467
616,136,132,136,132,136,135.733
617,136,136,136,136,136,136.000
618,136,136,136,136,140,136.067
619,136,136,136,136,140,136.200
620,136,140,136,136,140,136.667
621,136,136,136,136,140,137.067
622,136,136,140,136,140,136.800
623,136,136,136,136,140,137.400
624,136,140,136,136,140,137.133
625,136,136,140,136,140,137.867
626,136,136,136,136,140,137.733
627,136,140,136,136,140,138.333
628,140,140,140,136,140,138.067
629,136,140,140,136,140,138.400
630,140,136,140,136,140,139.133
631,140,140,136,136,140,138.800
632,140,140,136,136,140,139.400
633,136,140,140,136,140,139.400
634,140,140,140,136,140,139.533
635,140,140,140,140,140,140.000
636,140,140,140,140,144,140.200
637,144,140,140,140,144,140.667
638,140,140,140,140,144,140.933
639,140,144,140,140,144,140.600
640,140,140,144,140,144,141.000
641,140,144,140,140,144,141.333
642,140,140,140,140,144,141.400
643,140,140,140,140,144,141.867
644,144,144,140,140,144,141.867
645,144,140,144,140,144,142.067
646,144,144,140,140,144,142.333
647,144,144,144,140,144,142.533
648,144,144,144,140,144,143.000
649,144,144,144,140,144,143.267
650,144,144,144,140,144,143.400
651,144,144,144,140,144,143.800
652,144,144,144,140,144,143.533
653,144,144,144,140,144,143.733
654,144,144,144,144,148,144.333
655,144,148,148,144,148,144.267
656,148,144,144,144,148,144.933
657,144,148,144,144,148,144.600
658,148,144,144,144,148,145.133
659,144,148,144,144,148,145.533
660,144,144,148,144,148,145.200
661,148,144,144,144,148,145.533
662,144,144,144,144,148,145.800
663,148,144,144,144,148,146.600
664,148,148,144,144,148,146.267
665,148,148,148,144,148,146.533
666,148,148,148,144,148,147.067
667,148,148,148,144,148,147.267
668,148,148,148,144,148,147.133
669,148,148,148,144,148,147.467
670,148,148,148,144,148,147.667
671,148,148,148,144,148,147.867
672,148,152,148,148,152,148.333
673,148,148,148,148,152,148.333
674,148,148,148,148,152,148.533
675,148,152,148,148,152,148.867
676,148,148,152,148,152,148.933
677,148,148,148,148,152,149.333
678,148,148,152,148,152,149.400
679,148,148,148,148,152,149.467
680,148,148,148,148,152,149.733
681,152,148,148,148,152,150.467
682,152,152,148,148,152,150.200
683,148,152,152,148,152,150.400
684,152,148,152,148,152,151.000
685,152,148,152,148,152,150.867
686,152,148,148,148,152,150.933
687,152,152,152,148,152,151.667
688,148,148,152,148,152,151.667
689,152,152,152,148,152,151.800
690,152,152,152,152,156,152.067
691,152,152,152,152,156,152.867
692,156,152,152,152,156,152.467
693,152,152,152,152,156,152.667
694,152,152,152,152,156,153.133
695,152,152,152,152,156,153.200
696,152,152,156,152,156,153.333
697,152,156,156,152,156,153.600
698,152,152,156,152,156,153.933
699,156,156,152,152,156,154.067
700,156,156,156,152,156,154.733
701,152,152,156,152,156,154.200
702,152,152,152,152,156,154.667
703,152,156,156,152,156,155.000
704,156,156,156,152,156,155.067
705,156,156,156,152,156,155.600
706,156,156,156,152,156,155.333
707,156,156,152,152,156,155.867
708,156,156,156,156,160,156.133
709,156,156,156,156,160,156.267
710,156,156,156,156,160,156.600
711,156,156,156,156,160,156.800
712,156,160,156,156,160,156.733
713,160,156,156,156,160,157.133
714,156,160,156,156,160,157.533
715,156,156,160,156,160,157.733
716,160,160,156,156,160,157.800
717,160,156,160,156,160,158.200
718,156,160,156,156,160,158.200
719,156,156,160,156,160,158.200
720,160,156,156,156,160,158.467
721,156,160,156,156,160,159.133
722,160,160,156,156,160,159.333
723,160,160,160,156,160,159.267
724,160,156,160,156,160,159.333
725,160,160,160,156,160,159.600
726,160,160,160,160,160,160.000
727,160,160,160,160,164,160.200
728,160,160,160,160,164,160.467
729,160,164,160,160,164,160.800
730,160,164,160,160,164,160.933
731,160,160,164,160,164,160.933
732,160,160,164,160,164,161.000
733,164,164,160,160,164,161.533
734,160,160,164,160,164,162.133
735,164,164,160,160,164,162.467
736,160,164,164,160,164,162.267
737,160,164,164,160,164,162.533
738,164,160,164,160,164,162.267
739,164,160,164,160,164,162.933
740,164,164,164,160,164,163.333
741,164,164,164,160,164,163.733
742,164,164,164,160,164,163.800
743,164,164,164,160,164,163.800
744,164,164,164,164,164,164.000
745,164,164,164,164,168,164.267
746,164,164,164,164,168,164.533
747,164,164,164,164,168,164.867
748,164,164,164,164,168,164.733
749,164,164,164,164,168,164.733
750,168,164,164,164,168,165.200
751,164,164,168,164,168,165.533
752,168,168,164,164,168,165.800
753,168,164,168,164,168,165.800
754,168,164,164,164,168,165.533
755,164,168,164,164,168,166.333
756,164,168,168,164,168,166.467
757,168,168,168,164,168,166.867
758,168,168,168,164,168,167.067
759,168,168,168,164,168,167.333
760,168,168,168,164,168,167.467
761,168,168,168,164,168,167.400
762,168,168,168,168,168,168.000
763,168,168,168,168,172,168.333
764,168,168,172,168,172,168.267
765,168,168,168,168,172,168.467
766,168,172,168,168,172,169.133
767,172,172,168,168,172,168.867
768,168,168,172,168,172,169.467
769,172,172,168,168,172,169.467
770,168,172,172,168,172,169.467
771,168,168,172,168,172,170.267
772,172,172,172,168,172,170.333
773,172,172,172,168,172,170.800
774,172,172,172,168,172,170.467
775,172,172,172,168,172,171.133
776,172,172,172,168,172,171.200
777,172,172,172,168,172,171.467
778,172,172,172,168,172,171.667
779,172,172,172,168,172,171.933
780,176,172,172,172,176,172.333
781,172,172,172,172,176,172.267
782,172,176,172,172,176,172.467
783,176,172,176,172,176,173.000
784,176,172,172,172,176,173.267
785,172,172,172,172,176,173.067
786,172,172,172,172,176,173.800
787,172,176,172,172,176,173.933
788,172,176,176,172,176,174.067
789,176,172,176,172,176,174.200
790,176,176,176,172,176,174.333
791,176,176,176,172,176,174.867
792,176,172,176,172,176,174.733
793,172,172,172,172,176,175.200
794,176,176,176,172,176,175.333
795,176,176,176,172,176,175.733
796,176,176,176,172,176,175.733
797,176,176,176,172,176,175.933
798,176,176,176,176,180,176.267
799,176,176,176,176,180,176.333
800,176,176,176,176,180,176.600
801,176,176,176,176,180,177.000
802,176,176,180,176,180,177.000
803,176,180,180,176,180,177.400
804,176,176,180,176,180,177.467
805,176,180,176,176,180,177.800
806,176,180,180,176,180,178.133
807,180,180,180,176,180,178.467
808,180,180,180,176,180,178.267
809,176,180,180,176,180,178.600
810,176,176,180,176,180,178.333
811,180,180,176,176,180,178.467
812,180,180,180,176,180,179.533
813,180,180,180,176,180,179.600
814,180,180,180,176,180,179.733
815,180,180,180,176,180,179.733
816,180,180,180,180,180,180.000
817,180,180,180,180,184,180.467
818,184,180,180,180,184,180.333
819,184,180,180,180,184,181.133
820,180,184,180,180,184,181.600
821,180,180,180,180,184,180.867
822,180,180,184,180,184,181.067
823,184,184,184,180,184,181.267
824,184,184,184,180,184,181.200
825,184,184,184,180,184,182.067
826,184,184,184,180,184,182.267
827,180,184,184,180,184,182.667
828,184,184,184,180,184,182.867
829,184,184,184,180,184,183.267
830,184,184,184,180,184,183.200
831,184,184,184,180,184,183.533
832,184,184,184,180,184,183.467
833,184,184,184,180,184,183.800
834,184,184,184,184,184,184.000
835,184,184,184,184,188,184.333
836,188,184,188,184,188,184.667
837,184,184,188,184,188,184.933
838,184,184,184,184,188,184.933
839,188,184,184,184,188,185.200
840,188,184,184,184,188,185.800
841,188,184,184,184,188,185.333
842,188,184,184,184,188,185.667
843,188,184,184,184,188,186.000
844,188,188,184,184,188,186.000
845,184,184,188,184,188,186.400
846,188,188,184,184,188,186.733
847,188,184,188,184,188,187.333
848,188,188,188,184,188,187.200
849,188,184,188,184,188,187.733
850,188,188,188,184,188,187.467
851,188,188,188,184,188,187.800
852,188,188,188,188,188,188.000
853,188,188,188,188,192,188.067
854,188,188,188,188,192,188.333
855,188,188,192,188,192,188.867
856,188,188,188,188,192,189.000
857,188,188,188,188,192,189.133
858,188,192,188,188,192,189.333
859,188,192,192,188,192,189.667
860,188,188,192,188,192,189.933
861,192,188,192,188,192,190.067
862,188,192,188,188,192,190.400
863,192,192,192,188,192,190.533
864,188,188,192,188,192,190.400
865,192,192,188,188,192,191.200
866,188,192,192,188,192,191.333
867,192,192,192,188,192,191.533
868,192,192,192,188,192,191.667
869,192,192,192,188,192,191.800
870,192,192,192,192,192,192.000
871,192,192,192,192,196,192.067
872,192,192,192,192,196,192.333
873,192,192,192,192,196,192.667
874,192,192,192,192,196,192.800
875,192,192,192,192,196,193.333
876,196,192,196,192,196,193.133
877,192,192,192,192,196,193.600
878,192,196,192,192,196,193.467
879,196,196,196,192,196,193.933
880,196,196,196,192,196,194.200
881,192,192,196,192,196,194.600
882,196,196,196,192,196,194.800
883,196,196,196,192,196,195.000
884,192,196,196,192,196,194.600
885,196,196,196,192,196,195.600
886,196,196,196,192,196,195.267
887,192,196,196,192,196,195.667
888,196,196,196,192,196,195.933
889,196,196,196,196,200,196.133
890,196,196,196,196,200,196.667
891,196,196,196,196,200,196.467
892,200,196,196,196,200,197.333
893,196,196,196,196,200,197.200
894,196,196,200,196,200,197.133
895,200,200,196,196,200,197.467
896,196,196,200,196,200,197.867
897,200,196,196,196,200,198.067
898,200,200,196,196,200,198.600
899,200,200,200,196,200,198.533
900,200,200,200,196,200,198.600
901,200,200,196,196,200,198.733
902,200,200,200,196,200,199.067
903,200,200,200,196,200,199.600
904,200,200,200,196,200,199.400
905,200,200,200,196,200,199.867
906,200,200,200,200,200,200.000
907,200,200,200,200,204,200.133
908,204,200,200,200,204,200.333
909,200,200,200,200,204,200.467
910,200,200,200,200,204,201.133
911,200,200,204,200,204,200.933
912,204,200,200,200,204,201.067
913,200,204,200,200,204,201.800
914,200,200,204,200,204,202.000
915,204,204,200,200,204,201.867
916,204,200,204,200,204,202.400
917,200,204,204,200,204,202.400
918,204,204,200,200,204,202.600
919,204,200,204,200,204,202.800
920,204,204,204,200,204,203.133
921,204,200,204,200,204,203.467
922,204,204,204,200,204,203.467
923,204,204,204,200,204,203.533
924,204,204,204,204,204,204.000
925,204,204,204,204,208,204.067
926,204,204,208,204,208,204.467
927,204,204,204,204,208,204.667
928,204,204,204,204,208,205.000
929,204,208,204,204,208,205.000
930,208,204,208,204,208,205.467
931,204,208,204,204,208,205.133
932,208,204,208,204,208,205.400
933,204,204,204,204,208,205.400
934,204,208,204,204,208,206.667
935,208,204,208,204,208,206.600
936,204,208,204,204,208,206.467
937,208,208,208,204,208,206.533
938,204,208,208,204,208,207.067
939,208,208,208,204,208,207.400
940,208,208,208,204,208,207.467
941,208,208,208,204,208,207.867
942,208,208,208,208,208,208.000
943,208,212,208,208,212,208.200
944,208,208,208,208,212,208.267
945,208,208,208,208,212,208.600
946,212,208,212,208,212,208.933
947,208,208,208,208,212,208.867
948,212,208,212,208,212,209.267
949,208,212,208,208,212,209.200
950,208,212,212,208,212,209.600
951,212,208,212,208,212,209.933
952,208,208,208,208,212,210.333
953,212,208,212,208,212,210.133
954,212,212,208,208,212,210.267
955,212,208,208,208,212,211.000
956,212,212,208,208,212,210.733
957,212,212,212,208,212,211.000
958,208,208,208,208,212,211.200
959,212,212,212,208,212,211.733
960,212,212,212,208,212,211.933
961,212,212,212,212,216,212.067
962,212,212,212,212,216,212.333
963,212,212,212,212,216,212.533
964,212,212,212,212,216,212.933
965,212,212,212,212,216,212.867
966,212,212,216,212,216,213.267
967,216,212,216,212,216,213.467
968,212,216,212,212,216,214.000
969,212,216,216,212,216,213.800
970,212,216,216,212,216,214.600
971,212,212,216,212,216,214.133
972,212,216,212,212,216,214.867
973,212,216,216,212,216,214.733
974,212,212,216,212,216,215.067
975,216,216,216,212,216,215.133
976,216,216,216,212,216,215.333
977,212,216,216,212,216,215.733
978,216,212,216,212,216,215.800
979,216,216,216,216,220,216.067
980,216,216,216,216,220,216.333
981,216,216,216,216,220,216.867
982,220,216,216,216,220,216.933
983,220,216,216,216,220,216.933
984,216,216,216,216,220,217.400
985,220,216,220,216,220,217.533
986,216,216,216,216,220,217.467
987,220,220,216,216,220,218.000
988,216,216,220,216,220,218.200
989,220,216,216,216,220,218.000
990,220,220,216,216,220,219.000
991,216,220,216,216,220,218.733
992,220,216,216,216,220,218.933
993,220,216,220,216,220,219.000
994,220,220,220,216,220,219.400
995,216,220,220,216,220,219.800
996,220,220,220,216,220,219.933
997,220,220,220,220,224,220.067
998,220,220,220,220,224,220.267
999,220,220,220,220,224,220.800
1000,220,220,220,220,224,220.733
1001,220,220,220,220,224,220.667
1002,220,220,220,220,224,220.867
1003,220,224,220,220,224,221.800
1004,224,220,220,220,224,221.600
1005,220,224,220,220,224,222.000
1006,220,220,224,220,224,221.733
1007,220,224,220,220,224,222.600
1008,220,220,224,220,224,222.533
1009,220,220,220,220,224,222.400
1010,220,224,220,220,224,222.800
1011,224,220,224,220,224,223.133
1012,224,224,224,220,224,223.400
1013,224,224,224,220,224,223.267
1014,224,224,220,220,224,223.733
1015,224,224,224,224,224,224.000
1016,224,224,224,224,228,224.267
1017,224,224,224,224,228,224.467
1018,224,224,224,224,228,224.467
1019,224,224,224,224,228,225.200
1020,228,224,224,224,228,225.267
1021,224,224,224,224,228,225.400
1022,224,228,224,224,228,225.467
1023,224,228,228,224,228,226.267
1024,228,228,228,224,228,226.333
1025,224,224,228,224,228,226.400
1026,224,228,224,224,228,226.600
1027,228,224,228,224,228,226.400
1028,224,224,224,224,228,226.467
1029,224,228,224,224,228,226.933
1030,228,228,224,224,228,227.667
1031,224,228,228,224,228,227.533
1032,228,224,228,224,228,227.600
1033,228,228,228,224,228,227.933
1034,228,228,228,228,232,228.267
1035,228,228,228,228,232,228.333
1036,228,228,228,228,232,228.733
1037,228,228,228,228,232,228.800
1038,228,232,228,228,232,229.267
1039,232,228,228,228,232,229.400
1040,228,232,232,228,232,229.333
1041,232,232,232,228,232,230.400
1042,228,228,232,228,232,229.600
1043,232,228,228,228,232,230.400
1044,228,232,228,228,232,230.333
1045,232,232,232,228,232,231.000
1046,228,232,232,228,232,231.067
1047,228,232,228,228,232,230.800
1048,232,232,232,228,232,231.467
1049,232,232,232,228,232,231.333
1050,232,232,232,228,232,231.733
1051,232,232,232,232,232,232.000
1052,232,232,232,232,236,232.333
1053,232,232,232,232,236,232.467
1054,232,232,232,232,236,232.733
1055,232,236,232,232,236,233.000
1056,232,232,232,232,236,233.200
1057,236,232,232,232,236,233.467
1058,236,236,232,232,236,233.467
1059,232,232,236,232,236,233.733
1060,232,236,232,232,236,234.333
1061,236,232,236,232,236,234.467
1062,236,236,232,232,236,234.400
1063,232,232,236,232,236,234.733
1064,236,236,232,232,236,235.133
1065,236,236,236,232,236,234.800
1066,232,236,236,232,236,235.267
1067,236,236,236,232,236,235.600
1068,236,236,236,232,236,235.933
1069,236,236,236,232,236,235.867
1070,236,236,236,236,240,236.200
1071,236,236,236,236,240,236.667
1072,240,236,236,236,240,236.467
1073,236,236,236,236,240,236.867
1074,240,240,236,236,240,236.933
1075,240,240,236,236,240,237.000
1076,236,240,240,236,240,237.467
1077,240,240,240,236,240,237.733
1078,236,236,240,236,240,237.933
1079,240,236,236,236,240,237.933
1080,236,240,236,236,240,238.133
1081,240,236,240,236,240,238.400
1082,240,240,240,236,240,238.467
1083,240,240,240,236,240,239.267
1084,240,240,240,236,240,239.200
1085,240,240,240,236,240,239.200
1086,240,240,240,236,240,239.600
1087,240,240,240,240,240,240.000
1088,240,240,240,240,244,240.267
1089,240,240,240,240,244,240.200
1090,240,240,240,240,244,240.600
1091,240,240,240,240,244,240.733
1092,240,240,244,240,244,240.933
1093,244,240,240,240,244,241.267
1094,240,244,240,240,244,241.200
1095,240,244,244,240,244,241.733
1096,240,244,244,240,244,242.067
1097,244,240,244,240,244,242.067
1098,240,244,240,240,244,242.200
1099,240,240,244,240,244,241.667
1100,244,244,240,240,244,243.067
1101,244,244,244,240,244,242.467
1102,244,244,244,240,244,242.933
1103,240,244,244,240,244,243.600
1104,244,244,244,240,244,243.533
1105,244,244,244,240,244,243.733
1106,244,244,244,244,244,244.000
1107,244,244,244,244,248,244.200
1108,248,244,244,244,248,244.533
1109,244,244,244,244,248,244.600
1110,244,244,244,244,248,245.000
1111,244,248,244,244,248,245.533
1112,248,244,248,244,248,245.267
1113,248,244,244,244,248,245.467
1114,244,244,244,244,248,246.267
1115,248,248,244,244,248,246.333
1116,244,248,248,244,248,246.467
1117,248,248,248,244,248,246.600
1118,244,248,248,244,248,246.933
1119,248,248,248,244,248,246.733
1120,248,248,248,244,248,247.067
1121,248,248,248,244,248,247.667
1122,248,248,248,244,248,247.867
1123,248,248,248,248,248,248.000
1124,248,248,248,248,248,248.000
1125,248,252,248,248,252,248.333
1126,248,248,248,248,252,248.467
1127,248,248,248,248,252,248.667
1128,252,248,252,248,252,249.133
1129,248,252,248,248,252,249.533
1130,248,248,252,248,252,249.467
1131,248,248,252,248,252,249.333
1132,252,252,248,248,252,249.667
1133,252,252,252,248,252,250.400
1134,252,252,252,248,252,250.533
1135,252,252,252,248,252,250.533
1136,252,252,248,248,252,251.200
1137,252,252,252,248,252,250.800
1138,252,248,248,248,252,251.000
1139,252,252,252,248,252,251.333
1140,252,252,252,248,252,251.733
1141,252,252,252,248,252,251.800
1142,252,252,252,252,256,252.133
1143,252,252,252,252,256,252.200
1144,252,252,256,252,256,252.600
1145,252,252,256,252,256,252.733
1146,256,256,256,252,256,252.600
1147,252,256,256,252,256,253.133
1148,252,252,256,252,256,253.467
1149,256,256,252,252,256,253.200
1150,256,256,256,252,256,253.800
1151,256,252,256,252,256,253.800
1152,252,256,252,252,256,254.467
1153,256,252,256,252,256,254.467
1154,252,256,252,252,256,254.533
1155,256,256,256,252,256,255.067
1156,256,256,256,252,256,255.133
1157,256,256,256,252,256,255.333
1158,256,256,256,252,256,255.267
1159,256,256,256,252,256,255.867
1160,256,256,256,256,256,256.000
1161,256,256,256,256,260,256.067
1162,260,260,256,256,260,256.267
1163,256,260,256,256,260,256.800
1164,256,256,260,256,260,256.667
1165,256,256,260,256,260,257.067
1166,260,256,256,256,260,257.667
1167,260,260,260,256,260,257.267
1168,256,260,260,256,260,257.600
1169,260,256,260,256,260,258.200
1170,256,260,256,256,260,258.333
1171,256,260,260,256,260,258.467
1172,260,256,260,256,260,258.467
1173,260,260,256,256,260,259.067
1174,260,260,260,256,260,258.867
1175,260,260,260,256,260,259.333
1176,260,260,256,256,260,259.533
1177,260,260,260,256,260,259.733
1178,260,260,260,256,260,259.933
1179,260,260,260,260,264,260.467
1180,260,264,260,260,264,260.600
1181,264,264,260,260,264,261.200
1182,260,260,260,260,264,260.933
1183,264,260,260,260,264,261.267
1184,264,260,260,260,264,261.200
1185,264,264,260,260,264,261.200
1186,260,264,264,260,264,261.400
1187,260,264,264,260,264,262.200
1188,264,260,264,260,264,261.933
1189,260,264,260,260,264,262.067
1190,264,260,264,260,264,262.867
1191,264,260,264,260,264,263.067
1192,260,264,264,260,264,262.933
1193,264,264,264,260,264,263.267
1194,264,264,264,260,264,263.733
1195,264,264,264,260,264,263.667
1196,264,264,264,260,264,263.733
1197,268,264,264,264,268,264.133
1198,264,264,264,264,268,264.400
1199,264,264,264,264,268,264.800
1200,264,264,264,264,268,264.733
1201,264,264,264,264,268,265.067
1202,268,268,264,264,268,265.333
1203,268,264,268,264,268,265.333
1204,268,268,264,264,268,265.867
1205,264,264,268,264,268,265.867
1206,268,264,264,264,268,265.467
1207,264,264,264,264,268,266.000
1208,268,268,268,264,268,266.400
1209,268,268,268,264,268,267.067
1210,268,264,268,264,268,266.533
1211,268,268,268,264,268,267.333
1212,268,268,264,264,268,267.000
1213,268,268,268,264,268,267.667
1214,268,268,268,264,268,267.867
1215,268,268,268,268,268,268.000
1216,268,268,268,268,272,268.133
1217,268,268,268,268,272,268.800
1218,268,268,268,268,272,268.867
1219,268,272,268,268,272,268.933
1220,268,272,272,268,272,269.000
1221,272,268,272,268,272,269.600
1222,268,272,268,268,272,269.733
1223,268,272,272,268,272,269.133
1224,268,272,272,268,272,270.333
1225,272,268,272,268,272,270.133
1226,272,272,268,268,272,270.667
1227,268,272,268,268,272,270.933
1228,268,272,272,268,272,270.800
1229,272,272,272,268,272,270.933
1230,272,272,272,268,272,271.267
1231,272,272,272,268,272,271.800
1232,272,272,272,272,272,272.000
1233,272,272,272,272,272,272.000
1234,272,272,272,272,276,272.067
1235,272,272,272,272,276,272.400
1236,272,272,272,272,276,272.600
1237,276,272,276,272,276,272.667
1238,272,276,272,272,276,273.467
1239,276,272,276,272,276,273.400
1240,276,272,276,272,276,273.733
1241,276,276,272,272,276,273.733
1242,272,272,276,272,276,274.333
1243,272,276,272,272,276,273.800
1244,276,272,276,272,276,274.400
1245,276,276,272,272,276,274.800
1246,276,276,276,272,276,275.000
1247,276,276,276,272,276,274.933
1248,276,276,276,272,276,275.400
1249,276,276,276,272,276,275.533
1250,276,276,276,272,276,275.933
1251,276,276,276,276,276,276.000
1252,276,276,280,276,280,276.467
1253,280,276,276,276,280,276.600
1254,276,276,276,276,280,276.133
1255,280,276,276,276,280,276.933
1256,280,276,280,276,280,277.133
1257,276,276,276,276,280,276.733
1258,280,280,276,276,280,278.067
1259,276,276,280,276,280,277.933
1260,280,280,276,276,280,278.467
1261,276,276,280,276,280,278.000
1262,280,276,276,276,280,278.133
1263,280,280,276,276,280,278.267
1264,280,280,280,276,280,278.800
1265,280,280,280,276,280,279.200
1266,280,280,280,276,280,279.667
1267,280,280,280,276,280,279.800
1268,280,280,280,276,280,279.867
1269,280,280,280,280,280,280.000
1270,280,280,280,280,284,280.200
1271,280,280,280,280,284,280.333
1272,280,284,280,280,284,280.533
1273,280,284,280,280,284,281.067
1274,280,284,284,280,284,281.533
1275,284,284,284,280,284,281.600
1276,280,284,284,280,284,281.600
1277,284,280,284,280,284,281.600
1278,280,280,280,280,284,282.067
1279,284,280,280,280,284,282.200
1280,284,284,284,280,284,282.200
1281,284,284,284,280,284,283.067
1282,284,284,280,280,284,283.200
1283,284,284,284,280,284,283.133
1284,284,284,280,280,284,283.467
1285,284,284,284,280,284,283.333
1286,284,284,284,280,284,283.867
1287,284,284,284,284,284,284.000
1288,284,284,284,284,284,284.000
1289,284,284,284,284,288,284.200
1290,288,284,284,284,288,284.800
1291,284,284,284,284,288,284.867
1292,284,284,284,284,288,284.933
1293,288,284,284,284,288,284.933
1294,284,284,284,284,288,285.533
1295,284,288,284,284,288,285.400
1296,284,284,288,284,288,285.800
1297,288,288,284,284,288,286.067
1298,284,284,288,284,288,286.400
1299,288,284,284,284,288,286.533
1300,284,288,288,284,288,286.867
1301,284,284,288,284,288,286.933
1302,284,288,288,284,288,287.400
1303,288,288,288,284,288,287.467
1304,284,288,288,284,288,287.467
1305,288,284,288,284,288,287.867
1306,288,288,288,288,292,288.133
1307,288,288,288,288,292,288.467
1308,288,288,288,288,292,288.467
1309,288,292,288,288,292,289.267
1310,288,288,288,288,292,289.467
1311,288,288,288,288,292,289.400
1312,292,288,288,288,292,289.533
1313,288,288,292,288,292,289.733
1314,292,288,288,288,292,290.000
1315,288,292,288,288,292,289.933
1316,288,292,292,288,292,290.467
1317,292,292,292,288,292,290.800
1318,288,292,292,288,292,290.933
1319,292,292,292,288,292,291.333
1320,292,292,288,288,292,291.333
1321,292,292,288,288,292,291.467
1322,292,292,292,288,292,291.600
1323,292,292,292,288,292,291.733
1324,292,292,292,292,296,292.467
1325,292,292,292,292,296,292.333
1326,296,292,292,292,296,293.133
1327,292,292,292,292,296,292.467
1328,296,292,296,292,296,293.400
1329,292,292,292,292,296,293.333
1330,292,296,292,292,296,294.067
1331,292,292,296,292,296,293.733
1332,296,296,292,292,296,294.133
1333,296,292,296,292,296,294.400
1334,296,296,292,292,296,294.867
1335,296,296,296,292,296,294.800
1336,292,296,296,292,296,294.933
1337,296,296,296,292,296,295.133
1338,296,292,296,292,296,295.267
1339,296,296,296,292,296,295.600
1340,296,296,296,292,296,295.800
1341,296,296,296,292,296,295.933
1342,296,296,296,296,300,296.200
1343,296,296,296,296,300,296.467
1344,296,296,296,296,300,296.733
1345,296,296,296,296,300,296.400
1346,296,296,296,296,300,296.467
1347,296,300,296,296,300,297.267
1348,296,300,300,296,300,297.333
1349,300,296,300,296,300,297.867
1350,296,300,296,296,300,298.267
1351,300,300,300,296,300,298.267
1352,300,300,300,296,300,298.533
1353,300,300,300,296,300,298.733
1354,300,300,296,296,300,298.667
1355,296,300,300,296,300,299.133
1356,300,300,296,296,300,299.200
1357,300,300,300,296,300,299.667
1358,300,300,300,296,300,299.667
1359,300,300,300,300,300,300.000
1360,300,300,304,300,304,300.067
1361,304,300,300,300,304,300.533
1362,300,300,304,300,304,300.333
1363,300,300,300,300,304,300.600
1364,300,300,304,300,304,301.133
1365,304,300,300,300,304,300.933
1366,300,300,300,300,304,301.400
1367,304,304,300,300,304,301.600
1368,304,304,304,300,304,302.000
1369,304,300,304,300,304,302.333
1370,300,304,300,300,304,302.333
1371,300,304,304,300,304,302.667
1372,300,304,304,300,304,302.667
1373,304,300,304,300,304,302.667
1374,304,304,304,300,304,303.133
1375,304,304,304,300,304,303.400
1376,304,304,304,300,304,303.667
1377,304,304,304,300,304,303.867
1378,304,304,304,304,308,304.067
1379,304,308,304,304,308,304.333
1380,308,304,304,304,308,304.467
1381,304,304,304,304,308,304.667
1382,304,304,304,304,308,304.600
1383,304,304,304,304,308,305.400
1384,304,304,304,304,308,305.067
1385,308,304,308,304,308,305.933
1386,304,304,304,304,308,305.600
1387,308,308,304,304,308,306.400
1388,308,308,308,304,308,306.333
1389,308,304,308,304,308,306.200
1390,304,304,304,304,308,306.600
1391,308,308,308,304,308,306.467
1392,308,308,304,304,308,307.133
1393,304,308,308,304,308,307.400
1394,308,308,308,304,308,307.667
1395,304,308,308,304,308,307.933
1396,308,308,308,308,308,308.000
1397,308,308,308,308,312,308.133
1398,312,308,308,308,312,308.267
1399,308,312,312,308,312,309.000
1400,308,312,312,308,312,308.933
1401,308,308,308,308,312,309.200
1402,308,312,308,308,312,309.133
1403,308,312,312,308,312,309.333
1404,308,312,312,308,312,309.600
1405,312,312,312,308,312,310.600
1406,308,308,312,308,312,310.600
1407,308,312,308,308,312,310.267
1408,308,308,312,308,312,310.600
1409,312,312,312,308,312,310.733
1410,312,312,308,308,312,311.000
1411,312,312,308,308,312,311.400
1412,312,312,312,308,312,311.733
1413,312,312,312,308,312,311.600
1414,312,312,312,312,316,312.133
1415,312,312,312,312,316,312.267
1416,312,312,312,312,316,312.267
1417,316,312,312,312,316,312.600
1418,312,312,312,312,316,313.067
1419,312,312,312,312,316,313.200
1420,312,312,312,312,316,313.333
1421,316,312,312,312,316,313.600
1422,316,316,312,312,316,313.533
1423,312,316,316,312,316,313.800
1424,316,312,316,312,316,314.000
1425,312,312,312,312,316,313.867
1426,312,312,316,312,316,314.133
1427,312,316,316,312,316,315.200
1428,316,316,316,312,316,315.333
1429,316,316,316,312,316,315.133
1430,316,316,316,312,316,315.667
1431,316,316,316,312,316,315.533
1432,316,316,316,316,316,316.000
1433,316,316,316,316,320,316.133
1434,316,316,316,316,320,316.533
1435,316,316,316,316,320,316.733
1436,316,316,316,316,320,316.867
1437,316,316,316,316,320,317.067
1438,316,320,316,316,320,317.400
1439,316,316,320,316,320,317.600
1440,316,316,320,316,320,317.667
1441,316,316,316,316,320,317.600
1442,316,316,316,316,320,318.200
1443,316,316,316,316,320,318.733
1444,320,316,316,316,320,318.933
1445,320,320,316,316,320,319.000
1446,316,320,320,316,320,318.733
1447,320,320,320,316,320,319.200
1448,320,316,320,316,320,319.533
1449,320,320,320,316,320,319.600
1450,320,320,320,320,320,320.000
1451,320,320,320,320,324,320.200
1452,320,324,320,320,324,320.867
1453,320,320,320,320,324,320.733
1454,320,320,320,320,324,320.333
1455,324,320,320,320,324,321.267
1456,324,324,320,320,324,321.000
1457,320,324,320,320,324,321.467
1458,320,320,320,320,324,321.600
1459,320,324,320,320,324,321.733
1460,320,324,324,320,324,322.467
1461,320,320,324,320,324,322.733
1462,324,320,324,320,324,322.600
1463,324,324,320,320,324,323.133
1464,324,324,324,320,324,323.067
1465,320,324,324,320,324,323.267
1466,324,324,324,320,324,323.667
1467,324,324,324,320,324,323.667
1468,324,324,324,320,324,323.867
1469,324,324,324,324,328,324.200
1470,328,328,324,324,328,324.333
1471,324,324,324,324,328,325.000
1472,324,324,324,324,328,324.533
1473,328,324,324,324,328,325.400
1474,324,324,324,324,328,324.867
1475,324,324,324,324,328,325.800
1476,328,324,324,324,328,325.933
1477,328,328,324,324,328,325.333
1478,324,324,328,324,328,326.067
1479,324,328,328,324,328,326.267
1480,328,324,328,324,328,326.267
1481,324,324,328,324,328,326.933
1482,328,328,324,324,328,327.133
1483,324,328,328,324,328,327.600
1484,328,328,328,324,328,327.467
1485,328,328,328,324,328,327.733
1486,328,328,328,324,328,327.933
1487,328,328,328,328,332,328.133
1488,328,328,328,328,332,328.533
1489,328,328,328,328,332,328.267
1490,328,328,328,328,332,328.800
1491,328,332,332,328,332,329.400
1492,328,328,328,328,332,329.267
1493,328,332,328,328,332,329.800
1494,332,332,328,328,332,329.467
1495,328,332,332,328,332,330.133
1496,332,328,332,328,332,330.200
1497,328,332,328,328,332,330.000
1498,328,328,332,328,332,330.600
1499,332,328,328,328,332,331.333
1500,332,332,328,328,332,331.133
1501,332,332,332,328,332,331.133
1502,328,332,332,328,332,331.600
1503,332,332,332,328,332,331.733
1504,332,332,332,328,332,331.933
1505,332,332,332,332,336,332.267
1506,332,332,332,332,336,332.133
1507,332,332,332,332,336,332.467
1508,332,332,332,332,336,332.800
1509,332,336,332,332,336,332.867
1510,336,332,336,332,336,333.333
1511,336,336,332,332,336,333.267
1512,336,332,336,332,336,333.533
1513,332,336,332,332,336,334.133
1514,332,332,336,332,336,334.133
1515,332,336,332,332,336,334.200
1516,332,336,336,332,336,334.800
1517,336,336,336,332,336,335.133
1518,332,336,336,332,336,335.133
1519,336,332,336,332,336,335.133
1520,336,336,336,332,336,335.600
1521,336,336,336,332,336,335.667
1522,336,336,336,332,336,335.933
1523,336,336,336,336,340,336.133
1524,336,336,336,336,340,336.267
1525,336,340,336,336,340,336.733
1526,340,336,336,336,340,336.733
1527,336,340,336,336,340,337.000
1528,340,336,340,336,340,336.933
1529,336,336,336,336,340,337.867
1530,340,336,336,336,340,337.467
1531,336,336,336,336,340,338.133
1532,340,340,336,336,340,337.533
1533,340,340,340,336,340,338.067
1534,340,340,340,336,340,338.533
1535,340,340,340,336,340,338.667
1536,336,336,340,336,340,338.867
1537,340,340,340,336,340,339.333
1538,336,340,340,336,340,339.600
1539,340,340,340,336,340,339.267
1540,340,340,340,336,340,339.867
1541,340,340,340,340,340,340.000
1542,340,340,340,340,344,340.333
1543,340,340,340,340,344,340.400
1544,340,340,344,340,344,340.667
1545,340,340,340,340,344,341.333
1546,340,344,340,340,344,341.467
1547,340,344,340,340,344,341.467
1548,340,340,344,340,344,341.533
1549,344,340,340,340,344,342.067
1550,344,344,344,340,344,342.467
1551,344,344,344,340,344,342.400
1552,344,344,344,340,344,342.467
1553,344,344,344,340,344,342.667
1554,344,344,340,340,344,342.933
1555,340,340,344,340,344,343.267
1556,344,344,340,340,344,343.600
1557,344,344,344,340,344,343.733
1558,344,344,340,340,344,343.867
1559,344,344,344,344,344,344.000
1560,348,344,344,344,348,344.267
1561,344,344,344,344,348,344.467
1562,344,344,344,344,348,345.000
1563,344,344,348,344,348,344.933
1564,348,344,344,344,348,345.067
1565,344,348,344,344,348,345.067
1566,348,344,348,344,348,345.600
1567,348,348,348,344,348,345.667
1568,348,344,348,344,348,346.000
1569,348,348,344,344,348,346.133
1570,348,348,348,344,348,346.533
1571,348,348,344,344,348,346.600
1572,344,348,348,344,348,346.933
1573,348,348,344,344,348,347.267
1574,344,348,348,344,348,347.600
1575,348,348,348,344,348,347.200
1576,348,348,348,344,348,347.800
1577,348,348,348,348,348,348.000
1578,348,348,348,348,352,348.200
1579,352,348,348,348,352,348.133
1580,348,348,348,348,352,348.467
1581,348,348,348,348,352,348.800
1582,348,348,352,348,352,348.867
1583,352,348,348,348,352,349.267
1584,352,352,348,348,352,349.000
1585,348,348,352,348,352,349.733
1586,352,352,348,348,352,350.067
1587,348,352,352,348,352,350.133
1588,352,352,352,348,352,350.467
1589,348,352,352,348,352,350.467
1590,352,348,352,348,352,350.933
1591,352,352,352,348,352,350.733
1592,352,352,348,348,352,351.333
1593,348,352,352,348,352,351.533
1594,352,352,352,348,352,351.867
1595,352,352,352,348,352,351.867
1596,352,352,352,352,356,352.467
1597,352,352,352,352,356,352.200
1598,356,352,352,352,356,352.333
1599,352,356,356,352,356,352.600
1600,352,352,352,352,356,352.733
1601,356,352,352,352,356,353.267
1602,352,356,352,352,356,353.133
1603,356,352,356,352,356,353.200
1604,356,356,352,352,356,354.200
1605,356,352,356,352,356,354.467
1606,356,352,352,352,356,354.133
1607,352,352,356,352,356,354.533
1608,356,356,352,352,356,354.800
1609,356,356,356,352,356,354.800
1610,356,352,356,352,356,354.667
1611,352,356,352,352,356,355.400
1612,356,356,356,352,356,355.867
1613,356,356,356,352,356,355.933
1614,356,356,356,356,360,356.067
1615,356,356,356,356,360,356.133
1616,356,356,356,356,360,356.400
1617,356,356,356,356,360,356.467
1618,356,356,356,356,360,356.533
1619,360,356,356,356,360,357.533
1620,356,360,356,356,360,357.200
1621,360,356,360,356,360,357.200
1622,356,360,360,356,360,358.400
1623,360,356,360,356,360,358.400
1624,356,356,360,356,360,358.133
1625,360,360,356,356,360,358.867
1626,360,356,360,356,360,358.800
1627,356,360,360,356,360,358.467
1628,360,360,360,356,360,359.267
1629,360,360,360,356,360,359.600
1630,360,360,360,356,360,359.667
1631,360,360,360,356,360,359.867
1632,360,360,360,360,360,360.000
1633,360,360,360,360,364,360.133
1634,360,360,360,360,364,360.400
1635,360,360,360,360,364,360.667
1636,360,360,360,360,364,361.133
1637,360,364,364,360,364,361.267
1638,360,364,364,360,364,361.667
1639,364,364,364,360,364,361.667
1640,360,364,364,360,364,362.000
1641,360,364,364,360,364,362.333
1642,364,364,364,360,364,362.467
1643,360,364,364,360,364,362.267
1644,360,364,364,360,364,362.667
1645,360,364,364,360,364,362.933
1646,364,364,364,360,364,363.467
1647,364,364,360,360,364,363.400
1648,364,364,364,360,364,363.800
1649,364,364,364,360,364,363.867
1650,364,364,364,364,364,364.000
1651,364,364,364,364,368,364.467
1652,364,364,364,364,368,364.200
1653,368,364,364,364,368,364.800
1654,368,364,364,364,368,365.000
1655,368,364,364,364,368,365.067
1656,364,368,364,364,368,365.400
1657,364,364,368,364,368,365.400
1658,368,364,364,364,368,365.867
1659,368,368,364,364,368,365.933
1660,368,368,368,364,368,366.200
1661,368,368,368,364,368,366.600
1662,368,368,368,364,368,366.733
1663,368,368,368,364,368,367.067
1664,368,364,368,364,368,367.067
1665,368,368,368,364,368,367.267
1666,368,368,368,364,368,367.733
1667,368,368,368,364,368,367.933
1668,368,368,368,368,368,368.000
1669,368,372,368,368,372,368.133
1670,372,368,372,368,372,368.400
1671,372,368,368,368,372,368.800
1672,368,372,368,368,372,368.267
1673,372,368,372,368,372,369.133
1674,368,368,368,368,372,369.400
1675,368,372,368,368,372,369.333
1676,372,372,372,368,372,369.333
1677,372,368,372,368,372,371.000
1678,372,368,372,368,372,370.600
1679,372,372,372,368,372,370.067
1680,372,372,372,368,372,371.000
1681,368,368,372,368,372,370.200
1682,372,372,372,368,372,371.267
1683,372,372,372,368,372,370.933
1684,372,372,372,372,372,372.000
1685,372,372,372,372,372,372.000
1686,372,372,372,372,372,372.000
1687,372,372,372,372,376,372.333
1688,372,372,376,372,376,372.533
1689,376,372,372,372,376,372.400
1690,372,376,372,372,376,372.800
1691,372,376,376,372,376,373.600
1692,376,372,376,372,376,373.267
1693,376,372,372,372,376,373.000
1694,372,376,372,372,376,374.000
1695,372,376,376,372,376,374.000
1696,376,372,376,372,376,374.000
1697,372,376,372,372,376,374.333
1698,372,376,372,372,376,374.933
1699,376,372,376,372,376,374.933
1700,376,376,376,372,376,375.267
1701,376,376,376,372,376,375.200
1702,376,376,372,372,376,375.400
1703,376,376,376,372,376,375.733
1704,376,376,376,376,376,376.000
1705,376,376,376,376,380,376.200
1706,376,376,376,376,380,376.400
1707,376,376,380,376,380,376.933
1708,380,376,376,376,380,376.933
1709,376,380,376,376,380,377.267
1710,376,380,380,376,380,377.667
1711,380,380,380,376,380,377.667
1712,380,380,380,376,380,378.067
1713,376,376,380,376,380,377.733
1714,376,376,376,376,380,378.333
1715,380,376,376,376,380,378.533
1716,376,380,376,376,380,378.533
1717,380,380,380,376,380,379.333
1718,380,380,380,376,380,379.000
1719,380,380,380,376,380,379.533
1720,380,380,380,376,380,379.867
1721,380,380,376,376,380,379.867
1722,380,380,380,380,380,380.000
1723,380,380,380,380,384,380.200
1724,380,384,380,380,384,380.667
1725,380,380,380,380,384,380.533
1726,384,380,384,380,384,380.933
1727,384,380,380,380,384,381.067
1728,380,384,380,380,384,381.733
1729,384,384,380,380,384,381.533
1730,380,380,384,380,384,382.067
1731,380,384,380,380,384,382.267
1732,380,384,384,380,384,382.000
1733,384,380,384,380,384,382.200
1734,384,380,380,380,384,382.867
1735,384,384,380,380,384,383.267
1736,384,384,384,380,384,383.200
1737,380,384,384,380,384,383.400
1738,384,384,384,380,384,383.400
1739,384,384,384,380,384,383.667
1740,384,384,384,380,384,383.933
1741,388,384,384,384,388,384.400
1742,384,384,384,384,388,384.600
1743,384,388,384,384,388,385.000
1744,384,388,388,384,388,384.600
1745,384,384,388,384,388,384.800
1746,388,384,384,384,388,385.333
1747,384,384,384,384,388,385.800
1748,388,384,384,384,388,385.267
1749,384,388,384,384,388,386.067
1750,384,388,388,384,388,386.400
1751,384,384,388,384,388,386.467
1752,384,388,388,384,388,386.267
1753,388,384,388,384,388,386.733
1754,388,384,384,384,388,387.000
1755,388,388,384,384,388,387.267
1756,384,388,388,384,388,387.400
1757,388,388,388,384,388,387.733
1758,388,388,388,388,388,388.000
1759,388,388,388,388,392,388.067
1760,388,388,392,388,392,388.133
1761,388,388,388,388,392,388.400
1762,388,388,388,388,392,389.067
1763,388,388,388,388,392,389.067
1764,388,392,392,388,392,389.133
1765,388,392,392,388,392,389.400
1766,388,392,392,388,392,389.467
1767,392,388,392,388,392,390.000
1768,392,388,388,388,392,390.000
1769,392,388,388,388,392,390.600
1770,388,392,388,388,392,390.467
1771,392,392,392,388,392,390.533
1772,392,392,392,388,392,390.533
1773,392,392,392,388,392,390.933
1774,392,392,392,388,392,391.467
1775,392,392,392,392,392,392.000
1776,392,392,392,388,392,391.800
1777,392,392,392,392,392,392.000
1778,392,392,392,392,396,392.200
1779,392,396,392,392,396,392.400
1780,396,392,396,392,396,392.800
1781,392,392,392,392,396,392.667
1782,396,392,392,392,396,393.733
1783,396,396,396,392,396,393.000
1784,392,392,392,392,396,393.600
1785,392,392,392,392,396,393.733
1786,392,396,396,392,396,393.933
1787,396,392,396,392,396,394.200
1788,392,392,396,392,396,394.467
1789,396,396,396,392,396,395.200
1790,396,396,392,392,396,395.333
1791,396,392,396,392,396,395.200
1792,396,396,396,392,396,395.400
1793,396,396,396,392,396,395.867
1794,396,396,396,392,396,395.667
1795,396,396,396,396,400,396.067
1796,396,396,396,396,400,396.267
1797,396,396,396,396,400,396.467
1798,396,396,396,396,400,396.800
1799,396,396,396,396,400,397.333
1800,400,396,396,396,400,396.933
1801,396,400,400,396,400,397.200
1802,396,396,400,396,400,397.533
1803,400,400,396,396,400,397.733
1804,396,400,400,396,400,398.067
1805,396,396,400,396,400,398.000
1806,400,396,396,396,400,398.133
1807,400,400,396,396,400,398.733
1808,396,400,400,396,400,399.000
1809,400,396,400,396,400,398.933
1810,400,400,400,396,400,399.133
1811,400,400,400,396,400,399.667
1812,400,400,400,396,400,399.800
1813,404,400,400,400,404,400.133
1814,400,400,400,400,404,400.600
1815,400,400,400,400,404,400.533
1816,400,400,400,400,404,400.600
1817,404,400,400,400,404,400.733
1818,404,404,400,400,404,401.800
1819,400,400,404,400,404,401.000
1820,404,404,400,400,404,401.600
1821,404,400,404,400,404,401.533
1822,400,400,400,400,404,402.000
1823,400,404,404,400,404,402.000
1824,404,400,404,400,404,402.133
1825,404,404,400,400,404,403.000
1826,404,400,400,400,404,402.733
1827,400,404,400,400,404,403.067
1828,404,404,404,400,404,403.333
1829,400,404,404,400,404,403.533
1830,404,404,404,404,404,404.000
1831,404,404,404,404,404,404.000
1832,404,404,404,404,408,404.333
1833,408,404,404,404,408,404.400
1834,404,404,404,404,408,404.733
1835,404,404,404,404,408,405.400
1836,404,404,404,404,408,405.133
1837,408,408,404,404,408,405.667
1838,404,408,404,404,408,405.333
1839,404,404,408,404,408,405.733
1840,408,408,404,404,408,406.333
1841,404,404,408,404,408,406.067
1842,408,408,404,404,408,406.333
1843,404,408,408,404,408,406.467
1844,404,408,408,404,408,406.933
1845,408,408,408,404,408,407.067
1846,404,404,408,404,408,407.467
1847,408,408,404,404,408,407.600
1848,408,408,408,404,408,407.800
1849,408,408,408,408,408,408.000
1850,408,408,408,408,412,408.200
1851,408,408,408,408,412,408.467
1852,408,408,408,408,412,408.867
1853,408,408,408,408,412,408.933
1854,412,408,408,408,412,409.067
1855,408,408,408,408,412,409.667
1856,408,412,408,408,412,409.467
1857,412,412,412,408,412,410.000
1858,408,408,412,408,412,410.067
1859,412,412,408,408,412,410.333
1860,412,412,412,408,412,410.267
1861,412,412,412,408,412,410.667
1862,412,408,412,408,412,410.667
1863,412,412,408,408,412,411.467
1864,412,412,408,408,412,411.400
1865,412,408,412,408,412,411.467
1866,412,412,412,408,412,411.800
1867,412,412,412,408,412,411.933
1868,412,412,412,412,416,412.200
1869,416,412,412,412,416,412.533
1870,416,412,412,412,416,412.800
1871,416,412,412,412,416,412.733
1872,412,412,412,412,416,413.000
1873,416,412,412,412,416,413.467
1874,416,416,412,412,416,413.467
1875,412,416,416,412,416,413.800
1876,416,416,416,412,416,413.800
1877,416,412,416,412,416,414.000
1878,416,412,412,412,416,414.600
1879,412,416,412,412,416,414.333
1880,412,416,416,412,416,414.667
1881,412,416,416,412,416,414.933
1882,412,416,416,412,416,415.533
1883,412,416,416,412,416,415.467
1884,416,412,416,412,416,415.467
1885,416,416,416,416,416,416.000
1886,416,416,416,416,420,416.267
1887,416,416,416,416,420,416.333
1888,416,416,416,416,420,416.600
1889,416,420,416,416,420,416.933
1890,416,420,416,416,420,416.867
1891,420,416,416,416,420,417.600
1892,420,420,420,416,420,417.667
1893,420,416,416,416,420,417.867
1894,416,416,416,416,420,417.800
1895,416,420,420,416,420,418.667
1896,420,416,420,416,420,418.267
1897,420,420,416,416,420,418.600
1898,420,420,420,416,420,419.067
1899,420,420,416,416,420,419.000
1900,420,420,420,416,420,419.133
1901,420,420,420,416,420,419.533
1902,420,420,420,416,420,419.867
1903,420,420,420,416,420,419.933
1904,420,420,420,420,420,420.000
1905,420,420,420,420,424,420.067
1906,420,420,420,420,424,420.600
1907,424,420,424,420,424,420.533
1908,420,420,420,420,424,420.733
1909,424,420,420,420,424,421.000
1910,420,424,424,420,424,421.267
1911,420,424,424,420,424,421.467
1912,424,424,424,420,424,421.933
1913,420,424,424,420,424,421.733
1914,424,420,424,420,424,421.867
1915,424,424,420,420,424,422.200
1916,424,420,424,420,424,423.000
1917,424,424,424,420,424,422.867
1918,420,424,424,420,424,422.933
1919,424,424,424,420,424,423.600
1920,424,424,424,420,424,423.667
1921,424,424,424,420,424,423.867
1922,424,424,424,424,428,424.067
1923,428,424,424,424,428,424.400
1924,424,428,424,424,428,424.867
1925,424,428,428,424,428,424.733
1926,424,424,424,424,428,425.467
1927,428,428,428,424,428,425.333
1928,428,428,428,424,428,425.200
1929,428,424,428,424,428,425.933
1930,428,428,424,424,428,426.067
1931,424,428,428,424,428,426.000
1932,428,428,428,424,428,426.333
1933,424,428,428,424,428,426.333
1934,428,424,428,424,428,426.733
1935,428,428,424,424,428,426.867
1936,428,428,428,424,428,427.533
1937,428,428,428,424,428,427.533
1938,428,428,428,424,428,427.600
1939,428,428,428,424,428,427.800
1940,428,428,428,428,432,428.067
1941,428,428,428,428,432,428.200
1942,432,428,428,428,432,428.467
1943,432,428,428,428,432,428.400
1944,428,428,428,428,432,428.933
1945,432,428,432,428,432,428.667
1946,428,432,428,428,432,429.400
1947,428,432,432,428,432,429.600
1948,432,428,432,428,432,429.800
1949,432,432,428,428,432,430.400
1950,432,428,432,428,432,430.133
1951,428,432,432,428,432,430.533
1952,432,432,432,428,432,430.800
1953,432,432,432,428,432,430.600
1954,432,432,432,428,432,431.400
1955,428,432,432,428,432,431.267
1956,432,432,432,428,432,431.467
1957,432,432,432,432,432,432.000
1958,432,432,432,432,436,432.200
1959,432,436,432,432,436,432.200
1960,432,432,436,432,436,432.600
1961,432,432,432,432,436,432.933
1962,432,432,432,432,436,433.000
1963,432,432,432,432,436,433.000
1964,432,432,432,432,436,433.133
1965,432,436,432,432,436,433.800
1966,436,432,432,432,436,433.667
1967,432,436,432,432,436,434.133
1968,432,432,436,432,436,434.267
1969,436,432,432,432,436,433.933
1970,432,432,432,432,436,434.667
1971,432,432,432,432,436,434.467
1972,436,436,436,432,436,435.400
1973,436,432,432,432,436,435.267
1974,432,436,436,432,436,435.333
1975,436,436,436,432,436,435.667
1976,436,436,436,432,436,435.933
1977,436,436,436,436,440,436.200
1978,436,436,436,436,440,436.200
1979,436,436,436,436,440,436.467
1980,436,436,436,436,440,436.800
1981,436,436,436,436,440,436.733
1982,436,436,436,436,440,437.533
1983,436,436,436,436,440,437.467
1984,440,436,436,436,440,437.600
1985,436,436,436,436,440,437.800
1986,436,440,436,436,440,438.000
1987,436,440,440,436,440,438.467
1988,436,436,440,436,440,438.667
1989,436,436,436,436,440,438.800
1990,436,436,436,436,440,439.400
1991,436,440,436,436,440,438.867
1992,440,436,440,436,440,439.467
1993,440,440,440,436,440,439.467
1994,440,440,440,440,440,440.000
1995,440,440,440,440,444,440.067
1996,440,440,440,440,444,440.333
1997,440,440,440,440,444,440.667
1998,440,440,440,440,444,440.733
1999,440,440,440,440,444,441.267
2000,440,440,440,440,444,441.067
2001,440,440,440,440,444,441.333
2002,440,444,440,440,444,441.733
2003,440,440,444,440,444,441.667
2004,444,444,440,440,444,442.000
2005,440,444,444,440,444,442.400
2006,444,444,440,440,444,443.000
2007,444,444,444,440,444,442.333
2008,444,444,444,440,444,443.133
2009,444,444,444,440,444,443.267
2010,440,440,444,440,444,443.467
2011,444,444,444,440,444,443.733
2012,444,444,444,440,444,443.800
2013,444,444,444,444,448,444.067
2014,444,444,444,444,448,444.533
2015,444,444,444,444,448,444.467
2016,444,448,444,444,448,444.600
2017,444,444,444,444,448,444.933
2018,444,444,444,444,448,445.200
2019,448,444,448,444,448,445.533
2020,444,448,444,444,448,445.533
2021,448,444,448,444,448,446.000
2022,444,444,448,444,448,446.467
2023,444,448,448,444,448,446.067
2024,448,448,448,444,448,446.600
2025,448,448,448,444,448,447.200
2026,448,444,448,444,448,447.267
2027,448,448,448,444,448,447.333
2028,448,448,444,444,448,447.600
2029,444,448,448,444,448,447.667
2030,448,448,448,444,448,447.933
2031,448,448,448,448,452,448.133
2032,448,448,452,448,452,448.333
2033,452,448,448,448,452,448.667
2034,452,448,448,448,452,448.800
2035,452,448,448,448,452,448.667
2036,448,452,448,448,452,448.667
2037,452,452,452,448,452,449.267
2038,452,452,448,448,452,450.067
2039,448,448,452,448,452,450.533
2040,452,452,448,448,452,450.467
2041,452,452,452,448,452,450.067
2042,452,448,452,448,452,450.467
2043,452,452,448,448,452,450.067
2044,448,452,452,448,452,450.733
2045,452,452,452,448,452,451.467
2046,452,452,452,448,452,451.667
2047,452,452,452,448,452,451.733
2048,452,452,452,448,452,451.733
2049,452,452,452,452,456,452.200
2050,456,452,452,452,456,452.333
2051,452,452,452,452,456,452.533
2052,452,452,452,452,456,453.200
2053,452,452,452,452,456,452.800
2054,456,452,452,452,456,453.267
2055,456,452,452,452,456,453.267
2056,452,452,452,452,456,453.600
2057,456,452,452,452,456,453.933
2058,456,452,452,452,456,454.133
2059,452,452,452,452,456,454.133
2060,452,452,452,452,456,454.267
2061,456,452,452,452,456,454.400
2062,452,456,452,452,456,454.733
2063,456,456,456,452,456,455.133
2064,456,456,456,452,456,455.533
2065,456,456,456,452,456,455.800
2066,456,452,456,452,456,455.800
2067,456,456,456,456,460,456.133
2068,456,456,456,456,460,456.400
2069,456,456,456,456,460,456.267
2070,456,456,456,456,460,456.800
2071,456,460,456,456,460,457.067
2072,456,456,460,456,460,456.933
2073,456,456,456,456,460,457.600
2074,456,456,456,456,460,457.733
2075,456,456,456,456,460,458.200
2076,456,460,456,456,460,458.267
2077,456,460,460,456,460,457.800
2078,456,456,460,456,460,458.267
2079,460,460,456,456,460,458.400
2080,460,460,460,456,460,459.133
2081,460,460,460,456,460,459.467
2082,460,456,456,456,460,459.733
2083,460,460,456,456,460,459.667
2084,460,460,460,456,460,459.867
2085,460,460,460,460,464,460.133
2086,460,460,460,460,464,460.333
2087,460,464,460,460,464,460.333
2088,460,460,460,460,464,460.733
2089,460,460,460,460,464,461.267
2090,464,464,464,460,464,461.267
2091,460,464,464,460,464,461.533
2092,460,460,464,460,464,461.533
2093,464,460,464,460,464,462.067
2094,464,460,460,460,464,461.667
2095,460,464,460,460,464,462.133
2096,464,464,464,460,464,462.600
2097,464,464,464,460,464,462.467
2098,464,464,464,460,464,462.600
2099,464,464,464,460,464,463.067
2100,464,460,464,460,464,463.467
2101,464,464,464,460,464,463.600
2102,464,464,464,460,464,463.667
2103,464,464,464,464,468,464.067
2104,464,464,464,464,468,464.267
2105,468,464,464,464,468,464.600
2106,468,464,464,464,468,464.800
2107,464,464,464,464,468,464.867
2108,468,464,468,464,468,465.200
2109,468,464,464,464,468,465.467
2110,464,468,464,464,468,465.267
2111,464,464,468,464,468,465.867
2112,468,464,464,464,468,466.067
2113,468,468,464,464,468,465.800
2114,464,468,468,464,468,466.733
2115,468,468,468,464,468,466.467
2116,468,468,468,464,468,466.867
2117,468,468,468,464,468,467.067
2118,468,468,468,464,468,467.400
2119,464,464,468,464,468,467.467
2120,468,468,468,464,468,467.667
2121,468,468,468,468,468,468.000
2122,468,468,468,468,472,468.200
2123,468,468,468,468,472,468.200
2124,468,468,468,468,472,469.067
2125,472,472,468,468,472,468.800
2126,468,468,472,468,472,469.067
2127,472,468,472,468,472,469.467
2128,468,472,468,468,472,469.000
2129,468,468,472,468,472,470.267
2130,472,468,468,468,472,470.133
2131,472,468,468,468,472,469.667
2132,472,472,468,468,472,470.133
2133,472,472,472,468,472,470.733
2134,472,472,472,468,472,470.533
2135,472,472,472,468,472,470.933
2136,472,472,472,468,472,471.400
2137,472,468,472,468,472,471.533
2138,472,468,472,468,472,471.733
2139,472,472,472,468,472,471.933
2140,472,472,472,472,476,472.200
2141,472,472,472,472,476,472.067
2142,476,472,476,472,476,472.467
2143,476,472,472,472,476,472.533
2144,472,472,472,472,476,473.067
2145,472,472,472,472,476,473.000
2146,472,472,472,472,476,473.200
2147,472,472,472,472,476,473.733
2148,472,476,476,472,476,473.800
2149,476,472,476,472,476,474.067
2150,476,476,472,472,476,474.333
2151,476,472,476,472,476,474.333
2152,472,472,472,472,476,474.800
2153,476,476,476,472,476,474.933
2154,472,476,476,472,476,475.267
2155,472,476,476,472,476,475.267
2156,472,472,476,472,476,475.533
2157,476,476,476,472,476,475.933
2158,476,476,476,476,476,476.000
2159,476,476,476,476,480,476.267
2160,476,476,476,476,480,476.333
2161,476,476,480,476,480,476.533
2162,476,480,476,476,480,476.933
2163,476,476,480,476,480,477.267
2164,480,476,476,476,480,477.533
2165,480,476,480,476,480,477.867
2166,476,476,476,476,480,478.267
2167,480,480,476,476,480,478.467
2168,476,480,480,476,480,478.467
2169,480,480,480,476,480,478.467
2170,480,480,476,476,480,479.133
2171,480,480,480,476,480,479.333
2172,480,480,480,476,480,479.467
2173,476,480,480,476,480,479.600
2174,480,480,480,476,480,479.800
2175,480,480,480,476,480,479.800
2176,480,480,480,480,484,480.133
2177,480,484,480,480,484,480.400
2178,480,480,484,480,484,480.733
2179,480,480,480,480,484,480.800
2180,480,480,480,480,484,481.000
2181,484,484,480,480,484,481.133
2182,480,484,484,480,484,481.200
2183,480,484,484,480,484,481.800
2184,484,480,484,480,484,481.867
2185,480,484,480,480,484,482.000
2186,484,480,484,480,484,482.400
2187,484,480,484,480,484,482.733
2188,484,484,484,480,484,482.867
2189,484,484,484,480,484,482.933
2190,484,484,484,480,484,483.600
2191,484,484,484,480,484,483.467
2192,484,484,484,480,484,483.467
2193,484,484,484,480,484,483.867
2194,484,484,484,484,488,484.067
2195,484,484,484,484,488,484.267
2196,484,484,484,484,488,484.733
2197,484,484,484,484,488,485.267
2198,488,484,484,484,488,485.133
2199,488,488,488,484,488,485.400
2200,488,484,488,484,488,485.467
2201,484,484,484,484,488,485.933
2202,488,488,484,484,488,485.667
2203,484,488,488,484,488,485.667
2204,484,488,488,484,488,486.267
2205,488,488,488,484,488,487.000
2206,488,488,488,484,488,486.867
2207,488,484,488,484,488,486.667
2208,488,488,488,484,488,487.267
2209,488,488,488,484,488,487.200
2210,488,488,488,484,488,487.333
2211,488,488,488,484,488,487.867
2212,488,488,488,488,492,488.267
2213,488,488,488,488,492,488.200
2214,488,488,488,488,492,488.267
2215,488,492,488,488,492,489.000
2216,492,488,492,488,492,488.600
2217,488,492,492,488,492,489.267
2218,488,488,492,488,492,489.533
2219,488,488,488,488,492,489.533
2220,492,488,488,488,492,489.333
2221,492,492,488,488,492,489.733
2222,492,488,492,488,492,490.267
2223,492,492,488,488,492,490.600
2224,488,492,492,488,492,490.533
2225,492,492,492,488,492,490.600
2226,492,492,492,488,492,491.133
2227,492,492,492,488,492,491.067
2228,492,492,492,488,492,491.533
2229,492,492,492,488,492,491.867
2230,492,492,492,492,492,492.000
2231,492,492,492,492,496,492.267
2232,492,492,496,492,496,492.533
2233,492,496,496,492,496,492.600
2234,496,496,496,492,496,492.867
2235,492,492,492,492,496,493.267
2236,492,492,492,492,496,492.933
2237,492,492,492,492,496,493.667
2238,492,492,496,492,496,494.067
2239,492,492,492,492,496,494.000
2240,496,492,492,492,496,494.267
2241,496,496,492,492,496,494.533
2242,496,496,496,492,496,494.733
2243,496,496,496,492,496,494.800
2244,496,496,496,492,496,495.267
2245,492,492,496,492,496,495.400
2246,496,496,496,492,496,495.667
2247,496,496,496,492,496,495.933
2248,496,496,496,496,496,496.000
2249,496,496,496,496,500,496.200
2250,496,496,496,496,500,496.400
2251,500,500,496,496,500,496.400
2252,496,496,500,496,500,497.200
2253,496,496,496,496,500,496.400
2254,500,496,496,496,500,497.000
2255,496,496,496,496,500,497.400
2256,496,496,496,496,500,497.800
2257,496,496,496,496,500,497.667
2258,500,500,496,496,500,498.533
2259,500,500,500,496,500,498.267
2260,500,500,500,496,500,498.667
2261,500,496,500,496,500,498.733
2262,500,496,500,496,500,498.933
2263,496,496,500,496,500,499.267
2264,500,496,500,496,500,499.200
2265,500,500,500,496,500,499.667
2266,500,500,500,500,500,500.000
2267,500,500,500,500,504,500.200
2268,500,500,500,500,504,500.733
2269,500,500,500,500,504,500.600
2270,500,500,504,500,504,501.067
2271,500,500,504,500,504,500.800
2272,500,500,500,500,504,501.667
2273,500,504,500,500,504,501.200
2274,500,504,504,500,504,502.000
2275,504,500,504,500,504,502.267
2276,504,504,504,500,504,502.400
2277,504,504,504,500,504,502.800
2278,504,504,504,500,504,502.533
2279,504,504,504,500,504,502.867
2280,504,504,504,500,504,502.667
2281,500,504,500,500,504,503.533
2282,500,500,504,500,504,503.533
2283,504,504,504,500,504,503.667
2284,504,504,504,500,504,503.933
2285,504,504,504,504,504,504.000
2286,504,508,504,504,508,504.600
2287,508,504,508,504,508,504.667
2288,504,504,504,504,508,505.000
2289,504,504,508,504,508,504.600
2290,504,504,504,504,508,505.467
2291,508,508,504,504,508,505.800
2292,504,504,508,504,508,505.800
2293,508,504,504,504,508,505.867
2294,508,504,508,504,508,506.400
2295,508,508,504,504,508,506.400
2296,508,504,508,504,508,506.333
2297,504,504,508,504,508,507.133
2298,508,508,508,504,508,507.200
2299,504,508,504,504,508,507.600
2300,504,504,508,504,508,507.667
2301,508,504,508,504,508,507.800
2302,508,508,508,508,512,508.067
2303,508,508,508,508,512,508.133
2304,508,508,512,508,512,508.533
2305,512,508,508,508,512,508.667
2306,508,512,508,508,512,508.867
2307,508,508,512,508,512,509.333
2308,508,508,508,508,512,509.267
2309,508,508,508,508,512,509.533
2310,508,512,508,508,512,509.933
2311,508,512,512,508,512,510.000
2312,512,508,512,508,512,509.933
2313,512,512,508,508,512,510.600
2314,508,512,512,508,512,510.533
2315,508,512,508,508,512,510.867
2316,512,512,512,508,512,511.267
2317,512,512,512,508,512,511.533
2318,512,512,512,508,512,511.867
2319,512,512,512,508,512,511.933
2320,512,512,512,512,516,512.200
2321,512,512,512,512,516,512.333
2322,512,512,512,512,516,513.000
2323,512,512,512,512,516,512.733
2324,512,512,512,512,516,513.200
2325,516,512,512,512,516,513.000
2326,512,516,516,512,516,513.333
2327,516,512,516,512,516,513.867
2328,516,512,512,512,516,513.800
2329,512,516,512,512,516,514.000
2330,516,516,516,512,516,514.133
2331,512,512,516,512,516,514.600
2332,516,516,512,512,516,514.200
2333,516,516,516,512,516,514.933
2334,512,516,516,512,516,515.333
2335,516,512,516,512,516,515.400
2336,516,516,516,512,516,515.933
2337,516,516,512,512,516,515.800
2338,516,516,516,516,520,516.067
2339,516,516,516,516,520,516.333
2340,516,516,516,516,520,517.200
2341,516,516,516,516,520,516.933
2342,520,516,516,516,520,516.933
2343,520,516,520,516,520,517.200
2344,516,516,520,516,520,517.333
2345,516,516,516,516,520,517.733
2346,520,520,520,516,520,518.333
2347,520,516,520,516,520,518.467
2348,516,516,520,516,520,518.067
2349,520,516,516,516,520,518.867
2350,520,520,516,516,520,518.867
2351,516,516,520,516,520,518.733
2352,520,520,516,516,520,519.333
2353,520,520,520,516,520,519.400
2354,520,520,520,516,520,519.800
2355,520,520,520,516,520,519.733
2356,520,520,520,520,524,520.067
2357,520,520,520,520,524,520.067
2358,520,520,524,520,524,520.867
2359,520,520,520,520,524,520.867
2360,524,524,524,520,524,521.200
2361,520,524,524,520,524,521.200
2362,524,520,524,520,524,521.600
2363,524,524,524,520,524,521.733
2364,520,520,524,520,524,521.867
2365,520,520,520,520,524,522.067
2366,520,524,520,520,524,522.267
2367,524,524,524,520,524,522.600
2368,520,524,524,520,524,523.067
2369,524,524,524,520,524,523.200
2370,524,524,524,520,524,523.400
2371,524,524,524,520,524,523.467
2372,524,524,524,520,524,523.467
2373,524,524,524,520,524,523.867
2374,524,524,524,524,524,524.000
2375,524,524,524,524,528,524.200
2376,524,524,524,524,528,524.733
2377,528,524,524,524,528,524.867
2378,528,528,524,524,528,524.600
2379,528,524,524,524,528,525.000
2380,528,528,524,524,528,525.467
2381,524,528,528,524,528,525.800
2382,524,524,528,524,528,525.467
2383,528,528,524,524,528,526.267
2384,528,524,528,524,528,526.600
2385,528,528,528,524,528,526.400
2386,528,528,528,524,528,526.600
2387,524,528,528,524,528,527.067
2388,528,528,528,524,528,527.267
2389,524,528,528,524,528,527.200
2390,528,528,528,524,528,527.667
2391,528,528,528,524,528,527.800
2392,528,528,528,528,532,528.067
2393,528,528,528,528,532,528.133
2394,528,528,528,528,532,528.667
2395,528,528,528,528,532,528.400
2396,528,528,528,528,532,528.867
2397,528,528,528,528,532,529.000
2398,528,528,528,528,532,529.200
2399,528,528,528,528,532,529.600
2400,532,528,528,528,532,530.000
2401,528,532,532,528,532,530.333
2402,528,528,532,528,532,530.467
2403,532,532,528,528,532,530.133
2404,532,528,532,528,532,530.667
2405,528,532,528,528,532,530.333
2406,532,528,532,528,532,531.333
2407,532,532,528,528,532,531.600
2408,532,532,532,528,532,531.667
2409,532,532,532,528,532,531.867
2410,532,532,532,532,532,532.000
2411,532,532,532,532,536,532.133
2412,532,532,532,532,536,532.400
2413,532,532,532,532,536,532.667
2414,532,532,536,532,536,532.467
2415,532,532,532,532,536,533.400
2416,532,532,532,532,536,533.267
2417,536,536,532,532,536,533.400
2418,536,532,536,532,536,533.600
2419,532,536,532,532,536,533.667
2420,536,532,536,532,536,534.333
2421,532,532,532,532,536,534.267
2422,536,536,532,532,536,534.467
2423,532,536,536,532,536,534.533
2424,536,536,536,532,536,534.733
2425,532,532,536,532,536,535.267
2426,536,536,536,532,536,535.400
2427,536,536,536,532,536,535.800
2428,536,536,536,532,536,535.933
2429,540,536,540,536,540,536.200
2430,536,540,536,536,540,536.333
2431,536,536,536,536,540,536.333
2432,536,536,536,536,540,536.733
2433,536,536,540,536,540,536.867
2434,536,536,536,536,540,537.133
2435,536,540,536,536,540,537.733
2436,540,536,536,536,540,537.867
2437,536,536,536,536,540,537.600
2438,536,536,536,536,540,538.133
2439,540,540,536,536,540,538.733
2440,540,536,540,536,540,538.333
2441,540,536,536,536,540,538.667
2442,540,540,536,536,540,539.067
2443,540,536,540,536,540,539.400
2444,540,540,540,536,540,539.400
2445,540,540,540,536,540,539.667
2446,540,540,540,536,540,539.867
2447,540,540,540,540,544,540.067
2448,540,540,540,540,544,540.267
2449,544,540,540,540,544,540.400
2450,540,540,540,540,544,540.933
2451,540,540,544,540,544,541.000
2452,544,540,540,540,544,541.200
2453,540,540,540,540,544,541.600
2454,540,540,540,540,544,541.800
2455,540,544,540,540,544,542.000
2456,544,544,544,540,544,541.933
2457,540,540,544,540,544,541.867
2458,540,544,544,540,544,542.600
2459,544,540,544,540,544,542.733
2460,544,544,544,540,544,542.867
2461,544,540,544,540,544,542.800
2462,544,544,544,540,544,543.400
2463,544,544,544,540,544,543.800
2464,544,544,540,540,544,543.667
2465,544,544,544,544,544,544.000
2466,544,544,544,544,548,544.400
2467,544,544,544,544,548,544.400
2468,544,544,544,544,548,544.600
2469,544,544,544,544,548,544.733
2470,544,544,544,544,548,545.333
2471,544,548,548,544,548,545.333
2472,548,544,548,544,548,545.333
2473,548,544,544,544,548,545.667
2474,544,544,544,544,548,545.600
2475,548,548,544,544,548,546.333
2476,544,544,548,544,548,546.600
2477,548,548,544,544,548,546.667
2478,548,548,548,544,548,547.133
2479,548,548,548,544,548,547.000
2480,548,548,548,544,548,546.800
2481,548,548,548,544,548,547.533
2482,548,548,548,544,548,547.667
2483,548,548,548,548,548,548.000
2484,548,548,548,548,552,548.267
2485,548,548,548,548,552,548.467
2486,548,552,548,548,552,548.667
2487,548,548,548,548,552,548.667
2488,548,548,552,548,552,548.867
2489,548,548,548,548,552,548.933
2490,548,548,548,548,552,549.467
2491,548,548,552,548,552,549.533
2492,552,548,548,548,552,549.867
2493,548,552,548,548,552,549.533
2494,548,552,552,548,552,550.667
2495,548,548,552,548,552,550.800
2496,552,552,552,548,552,550.533
2497,552,552,552,548,552,551.000
2498,552,548,552,548,552,551.000
2499,552,552,552,548,552,551.200
2500,552,552,552,548,552,551.467
2501,552,552,552,552,552,552.000
2502,552,552,552,552,556,552.200
2503,556,552,552,552,556,552.400
2504,552,556,552,552,556,552.533
2505,552,552,552,552,556,552.733
2506,552,552,552,552,556,552.600
2507,556,556,556,552,556,552.933
2508,552,552,552,552,556,553.533
2509,552,552,552,552,556,553.333
2510,556,556,552,552,556,554.200
2511,556,556,556,552,556,554.333
2512,552,556,556,552,556,554.533
2513,556,552,552,552,556,554.200
2514,556,556,556,552,556,554.200
2515,556,556,556,552,556,555.400
2516,556,552,556,552,556,555.133
2517,556,556,556,552,556,555.600
2518,556,556,556,552,556,555.733
2519,556,556,556,556,556,556.000
2520,556,556,556,556,560,556.267
2521,556,556,560,556,560,556.333
2522,556,560,556,556,560,556.867
2523,556,556,556,556,560,556.733
2524,560,556,556,556,560,557.067
2525,556,560,560,556,560,557.267
2526,556,556,560,556,560,557.267
2527,556,556,556,556,560,557.467
2528,560,556,556,556,560,557.933
2529,556,560,556,556,560,558.400
2530,560,560,556,556,560,558.600
2531,556,556,560,556,560,557.933
2532,560,556,556,556,560,558.867
2533,556,560,560,556,560,558.933
2534,560,556,560,556,560,559.067
2535,560,560,560,556,560,559.667
2536,560,560,560,556,560,559.800
2537,560,560,560,560,560,560.000
2538,560,560,564,560,564,560.200
2539,560,560,560,560,564,560.200
2540,560,560,560,560,564,560.600
2541,560,560,560,560,564,560.800
2542,560,564,560,560,564,561.133
2543,560,560,564,560,564,560.933
2544,560,560,560,560,564,561.933
2545,560,560,560,560,564,562.000
2546,560,560,564,560,564,562.000
2547,564,560,560,560,564,562.133
2548,560,560,560,560,564,562.467
2549,560,564,560,560,564,562.133
2550,564,564,564,560,564,562.667
2551,560,560,564,560,564,562.867
2552,564,564,564,560,564,563.600
2553,564,564,564,560,564,563.467
2554,564,564,560,560,564,563.867
2555,564,564,564,560,564,563.933
2556,564,564,564,564,568,564.133
2557,564,564,564,564,568,564.267
2558,564,564,564,564,568,564.267
2559,568,564,564,564,568,564.667
2560,564,564,564,564,568,565.067
2561,564,564,568,564,568,565.400
2562,568,564,564,564,568,565.467
2563,564,564,568,564,568,566.067
2564,564,564,564,564,568,566.133
2565,564,564,568,564,568,566.067
2566,568,564,564,564,568,566.133
2567,568,568,564,564,568,566.267
2568,568,564,568,564,568,567.000
2569,564,568,564,564,568,566.867
2570,568,564,568,564,568,567.400
2571,568,564,564,564,568,567.733
2572,568,568,568,564,568,567.733
2573,568,568,568,564,568,567.800
2574,568,568,568,568,572,568.200
2575,568,568,568,568,572,568.200
2576,568,568,568,568,572,568.267
2577,572,568,568,568,572,568.400
2578,568,568,568,568,572,568.867
2579,568,568,568,568,572,569.133
2580,568,568,568,568,572,569.467
2581,568,568,568,568,572,569.533
2582,568,572,572,568,572,570.000
2583,568,572,572,568,572,570.133
2584,572,568,572,568,572,570.667
2585,568,568,568,568,572,570.733
2586,572,568,572,568,572,570.733
2587,568,572,568,568,572,570.933
2588,568,572,572,568,572,570.867
2589,572,572,568,568,572,571.333
2590,572,572,572,568,572,571.667
2591,572,572,568,568,572,571.933
2592,572,572,572,572,576,572.200
2593,576,572,572,572,576,572.400
2594,572,576,572,572,576,572.467
2595,572,572,572,572,576,572.667
2596,572,576,572,572,576,572.733
2597,572,572,572,572,576,573.200
2598,572,572,576,572,576,573.400
2599,576,572,572,572,576,573.200
2600,576,572,572,572,576,573.733
2601,572,576,572,572,576,573.933
2602,572,572,576,572,576,574.067
2603,572,576,572,572,576,574.600
2604,576,572,576,572,576,575.067
2605,572,572,572,572,576,574.533
2606,576,572,572,572,576,574.733
2607,576,576,576,572,576,575.267
2608,576,576,572,572,576,575.400
2609,576,576,576,572,576,575.667
2610,576,576,576,576,576,576.000
2611,576,576,576,576,580,576.400
2612,576,576,576,576,580,576.600
2613,580,576,576,576,580,576.600
2614,576,576,576,576,580,576.933
2615,576,576,580,576,580,577.000
2616,576,580,576,576,580,577.533
2617,576,580,580,576,580,577.667
2618,580,580,576,576,580,577.867
2619,576,580,580,576,580,578.067
2620,580,576,580,576,580,578.067
2621,580,580,576,576,580,577.933
2622,576,576,580,576,580,578.400
2623,580,580,576,576,580,578.867
2624,580,580,580,576,580,578.600
2625,580,580,580,576,580,579.133
2626,580,580,580,576,580,579.467
2627,580,580,580,576,580,579.867
2628,580,580,580,580,580,580.000
2629,580,580,580,580,584,580.133
2630,580,580,580,580,584,580.667
2631,580,580,580,580,584,580.667
2632,580,580,580,580,584,581.000
2633,580,584,584,580,584,581.267
2634,584,580,584,580,584,581.133
2635,584,580,580,580,584,581.467
2636,584,584,580,580,584,582.133
2637,580,580,584,580,584,581.800
2638,580,584,580,580,584,581.933
2639,580,584,584,580,584,582.200
2640,580,584,584,580,584,582.667
2641,584,580,584,580,584,582.467
2642,584,584,584,580,584,583.333
2643,584,584,584,580,584,583.400
2644,584,584,584,580,584,583.800
2645,584,584,584,580,584,583.667
2646,584,584,588,584,588,584.067
2647,584,584,584,584,588,584.067
2648,584,584,584,584,588,584.667
2649,588,584,584,584,588,584.667
2650,588,588,584,584,588,585.000
2651,584,588,584,584,588,585.067
2652,584,584,588,584,588,585.267
2653,588,584,584,584,588,586.067
2654,584,588,584,584,588,585.267
2655,588,584,588,584,588,585.800
2656,588,584,584,584,588,586.133
2657,588,588,584,584,588,586.533
2658,588,588,588,584,588,586.800
2659,588,584,588,584,588,586.667
2660,588,588,588,584,588,587.600
2661,588,588,588,584,588,587.200
2662,588,584,588,584,588,587.600
2663,588,588,588,584,588,587.667
2664,588,588,588,588,588,588.000
2665,588,588,588,588,592,588.200
2666,588,588,592,588,592,588.400
2667,588,588,592,588,592,588.733
2668,592,588,588,588,592,588.867
2669,588,592,588,588,592,589.600
2670,588,592,592,588,592,589.400
2671,588,588,592,588,592,589.200
2672,588,592,588,588,592,589.733
2673,588,588,592,588,592,590.467
2674,588,592,588,588,592,590.200
2675,592,592,592,588,592,590.667
2676,592,592,592,588,592,591.000
2677,592,588,588,588,592,590.667
2678,588,588,592,588,592,590.867
2679,592,592,592,588,592,591.333
2680,592,592,592,588,592,591.667
2681,592,592,592,592,592,592.000
2682,592,592,592,592,592,592.000
2683,592,592,592,592,596,592.267
2684,592,592,592,592,596,592.467
2685,592,592,592,592,596,592.600
2686,592,592,592,592,596,592.800
2687,592,592,592,592,596,593.200
2688,592,592,592,592,596,593.267
2689,596,592,592,592,596,593.333
2690,592,592,592,592,596,593.600
2691,596,592,592,592,596,594.200
2692,596,592,592,592,596,594.400
2693,592,596,592,592,596,594.133
2694,592,596,596,592,596,594.733
2695,592,596,596,592,596,594.600
2696,596,596,596,592,596,595.133
2697,596,592,596,592,596,595.067
2698,596,596,596,592,596,595.400
2699,596,596,596,592,596,595.800
2700,596,596,596,596,596,596.000
2701,596,596,596,596,600,596.067
2702,596,596,596,596,600,596.333
2703,596,596,596,596,600,596.933
2704,596,596,596,596,600,597.067
2705,596,596,596,596,600,596.867
2706,596,596,596,596,600,597.267
2707,596,596,596,596,600,597.467
2708,596,600,600,596,600,597.800
2709,596,600,600,596,600,598.133
2710,600,596,600,596,600,598.067
2711,600,596,596,596,600,598.267
2712,600,596,600,596,600,598.467
2713,600,600,596,596,600,599.267
2714,596,600,600,596,600,599.267
2715,600,600,596,596,600,599.133
2716,600,600,596,596,600,599.600
2717,600,600,600,596,600,599.533
2718,600,600,600,596,600,599.933
2719,600,600,600,600,604,600.333
2720,600,600,600,600,604,600.467
2721,600,600,600,600,604,600.667
2722,600,600,604,600,604,600.600
2723,600,604,604,600,604,601.200
2724,600,600,604,600,604,601.667
2725,600,600,600,600,604,601.467
2726,604,600,600,600,604,601.333
2727,600,600,600,600,604,602.000
2728,600,600,600,600,604,602.400
2729,604,604,600,600,604,602.333
2730,600,604,604,600,604,602.667
2731,604,600,604,600,604,603.000
2732,604,600,600,600,604,602.867
2733,604,600,604,600,604,603.067
2734,604,604,604,600,604,603.267
2735,604,604,604,600,604,603.667
2736,604,604,604,600,604,603.933
2737,604,604,604,604,608,604.267
2738,604,604,604,604,608,604.133
2739,604,604,604,604,608,604.667
2740,608,604,604,604,608,604.533
2741,604,608,604,604,608,605.200
2742,604,604,604,604,608,605.867
2743,604,604,604,604,608,605.467
2744,604,608,604,604,608,605.733
2745,604,608,608,604,608,606.067
2746,608,608,608,604,608,605.800
2747,608,608,608,604,608,606.133
2748,604,608,608,604,608,606.667
2749,604,608,608,604,608,607.067
2750,604,604,608,604,608,607.000
2751,608,608,608,604,608,607.200
2752,608,608,604,604,608,607.533
2753,608,608,608,604,608,607.733
2754,608,608,608,604,608,607.733
2755,608,608,608,608,608,608.000
2756,608,608,608,608,612,608.333
2757,608,608,608,608,612,608.267
2758,612,608,608,608,612,608.667
2759,608,612,608,608,612,609.000
2760,608,612,608,608,612,609.533
2761,608,608,612,608,612,609.200
2762,612,608,608,608,612,610.133
2763,612,612,608,608,612,609.800
2764,612,612,612,608,612,609.867
2765,612,608,608,608,612,610.267
2766,612,612,608,608,612,610.867
2767,612,612,612,608,612,610.733
2768,608,612,612,608,612,610.400
2769,612,612,612,608,612,611.467
2770,612,612,612,608,612,611.600
2771,612,612,612,608,612,611.600
2772,612,612,612,608,612,611.933
2773,612,612,612,612,616,612.067
2774,612,612,612,612,616,612.333
2775,612,612,612,612,616,612.333
2776,616,612,612,612,616,612.600
2777,616,612,612,612,616,613.000
2778,612,612,612,612,616,613.067
2779,612,612,612,612,616,613.667
2780,616,616,612,612,616,613.533
2781,612,616,616,612,616,613.667
2782,612,612,616,612,616,614.533
2783,616,612,612,612,616,614.333
2784,616,612,612,612,616,614.600
2785,616,612,616,612,616,614.733
2786,616,612,612,612,616,615.067
2787,616,616,616,612,616,615.267
2788,616,616,616,612,616,615.600
2789,612,612,616,612,616,615.667
2790,616,612,612,612,616,615.800
2791,616,616,616,616,620,616.067
2792,616,616,616,616,620,616.200
2793,616,616,616,616,620,616.333
2794,616,616,616,616,620,616.800
2795,616,616,620,616,620,617.133
2796,616,616,620,616,620,616.800
2797,616,616,616,616,620,617.400
2798,616,616,620,616,620,617.600
2799,616,620,616,616,620,617.800
2800,616,620,620,616,620,618.400
2801,616,616,620,616,620,618.267
2802,616,620,616,616,620,618.467
2803,616,616,620,616,620,618.467
2804,620,616,616,616,620,618.667
2805,620,616,616,616,620,619.333
2806,616,620,616,616,620,619.200
2807,620,620,620,616,620,619.733
2808,616,620,620,616,620,619.867
2809,620,620,620,620,620,620.000
2810,620,620,620,620,624,620.267
2811,620,620,620,620,624,620.267
2812,624,620,620,620,624,620.867
2813,620,620,620,620,624,620.733
2814,620,620,620,620,624,621.600
2815,620,620,624,620,624,621.000
2816,624,620,624,620,624,621.600
2817,620,620,620,620,624,621.667
2818,620,624,620,620,624,622.067
2819,624,624,624,620,624,622.200
2820,620,624,624,620,624,622.467
2821,620,624,624,620,624,623.133
2822,624,624,624,620,624,622.733
2823,624,624,624,620,624,623.200
2824,624,620,624,620,624,623.400
2825,624,624,624,620,624,623.667
2826,620,624,624,620,624,623.467
2827,624,624,624,624,624,624.000
2828,624,624,624,624,628,624.267
2829,624,624,624,624,628,624.333
2830,624,624,624,624,628,624.867
2831,628,624,624,624,628,624.733
2832,628,624,624,624,628,625.267
2833,624,624,624,624,628,625.067
2834,624,624,624,624,628,625.400
2835,628,624,628,624,628,626.200
2836,628,628,624,624,628,626.400
2837,628,628,628,624,628,625.933
2838,628,628,628,624,628,626.400
2839,628,624,628,624,628,626.467
2840,628,628,628,624,628,627.133
2841,624,628,628,624,628,626.867
2842,628,628,628,624,628,627.333
2843,628,628,628,624,628,627.800
2844,628,628,628,624,628,627.800
2845,628,628,628,624,628,627.867
2846,628,628,628,628,632,628.200
2847,628,628,628,628,632,628.200
2848,628,628,628,628,632,628.400
2849,628,628,632,628,632,628.867
2850,628,628,628,628,632,628.667
2851,628,632,628,628,632,629.600
2852,628,628,628,628,632,629.400
2853,632,632,628,628,632,629.267
2854,632,632,632,628,632,630.333
2855,632,628,632,628,632,629.733
2856,628,632,632,628,632,630.400
2857,632,628,632,628,632,630.133
2858,628,632,628,628,632,630.800
2859,632,628,632,628,632,630.600
2860,632,632,628,628,632,631.267
2861,632,632,632,628,632,631.333
2862,632,632,632,628,632,631.600
2863,632,632,632,628,632,631.800
2864,632,632,632,632,636,632.200
2865,632,632,632,632,636,632.400
2866,632,632,636,632,636,632.533
2867,632,632,632,632,636,632.733
2868,636,632,632,632,636,633.400
2869,632,632,632,632,636,632.933
2870,632,636,632,632,636,633.733
2871,632,636,636,632,636,633.467
2872,632,636,636,632,636,633.933
2873,636,636,636,632,636,633.667
2874,632,632,636,632,636,634.400
2875,636,632,632,632,636,634.733
2876,632,636,636,632,636,634.667
2877,632,636,636,632,636,634.867
2878,632,636,632,632,636,635.200
2879,632,636,636,632,636,635.533
2880,636,636,636,632,636,635.600
2881,636,636,636,636,636,636.000
2882,636,636,636,636,636,636.000
2883,636,636,636,636,640,636.333
2884,636,636,636,636,640,636.467
2885,636,636,636,636,640,637.000
2886,636,640,636,636,640,637.200
2887,636,636,640,636,640,637.333
2888,640,636,636,636,640,637.400
2889,640,636,636,636,640,637.667
2890,640,640,636,636,640,638.200
2891,636,640,640,636,640,638.067
2892,640,640,640,636,640,638.267
2893,640,640,640,636,640,638.600
2894,640,640,640,636,640,638.733
2895,640,640,640,636,640,639.067
2896,640,636,640,636,640,638.867
2897,636,640,636,636,640,639.800
2898,640,640,640,636,640,639.533
2899,640,640,640,636,640,639.867
2900,640,640,640,640,640,640.000
2901,640,640,640,640,644,640.267
2902,640,644,640,640,644,640.800
2903,644,640,640,640,644,640.467
2904,640,640,640,640,644,640.933
2905,640,640,640,640,644,641.133
2906,640,640,640,640,644,641.333
2907,644,640,640,640,644,641.467
2908,644,640,640,640,644,642.000
2909,644,644,640,640,644,641.800
2910,644,644,644,640,644,641.800
2911,644,644,644,640,644,642.733
2912,644,644,644,640,644,642.600
2913,640,644,644,640,644,642.800
2914,644,640,644,640,644,642.867
2915,644,644,640,640,644,643.467
2916,640,644,644,640,644,643.467
2917,644,644,644,640,644,643.467
2918,644,644,644,640,644,643.867
2919,644,644,644,644,644,644.000
2920,644,648,648,644,648,644.467
2921,644,644,644,644,648,644.600
2922,644,644,648,644,648,644.733
2923,644,644,644,644,648,644.800
2924,644,644,644,644,648,645.067
2925,644,648,644,644,648,645.600
2926,648,648,648,644,648,645.533
2927,648,648,648,644,648,645.800
2928,644,648,648,644,648,645.733
2929,648,644,648,644,648,646.267
2930,648,644,648,644,648,646.333
2931,648,648,644,644,648,646.800
2932,648,648,648,644,648,646.800
2933,648,648,648,644,648,647.000
2934,648,648,648,644,648,647.667
2935,648,648,648,644,648,647.800
2936,648,648,648,648,652,648.067
2937,648,648,648,648,652,648.333
2938,652,648,648,648,652,648.333
2939,648,648,648,648,652,648.600
2940,648,648,648,648,652,648.933
2941,648,648,648,648,652,649.000
2942,648,648,648,648,652,649.333
2943,652,648,648,648,652,649.733
2944,652,648,648,648,652,650.067
2945,652,648,648,648,652,650.067
2946,648,648,648,648,652,650.267
2947,648,648,652,648,652,650.000
2948,652,652,648,648,652,651.000
2949,648,648,652,648,652,650.933
2950,652,652,648,648,652,651.267
2951,648,652,652,648,652,651.467
2952,652,648,648,648,652,651.600
2953,652,648,652,648,652,651.600
2954,648,652,652,648,652,651.733
2955,652,652,652,652,656,652.067
2956,652,652,652,652,656,652.267
2957,652,652,652,652,656,652.333
2958,652,652,652,652,656,652.600
2959,652,652,652,652,656,653.333
2960,652,652,652,652,656,653.067
2961,652,652,656,652,656,653.267
2962,652,652,652,652,656,653.600
2963,652,656,652,652,656,653.800
2964,652,656,656,652,656,654.533
2965,656,656,656,652,656,654.000
2966,652,656,656,652,656,654.667
2967,656,656,652,652,656,654.733
2968,652,652,656,652,656,654.533
2969,656,652,652,652,656,655.333
2970,656,656,652,652,656,655.400
2971,652,656,652,652,656,655.800
2972,656,656,652,652,656,655.933
2973,656,656,656,656,656,656.000
2974,656,656,656,656,660,656.600
2975,656,656,656,656,660,656.467
2976,656,656,656,656,660,656.933
2977,660,656,656,656,660,656.933
2978,656,660,656,656,660,657.200
2979,656,656,660,656,660,657.867
2980,660,660,660,656,660,658.200
2981,660,660,660,656,660,658.200
2982,660,660,660,656,660,658.067
2983,656,660,660,656,660,658.200
2984,660,660,660,656,660,658.600
2985,656,660,660,656,660,658.800
2986,660,660,660,656,660,659.400
2987,660,660,660,656,660,659.333
2988,660,660,660,656,660,659.200
2989,660,660,660,656,660,659.467
2990,660,660,660,656,660,659.933
2991,660,660,660,660,660,660.000
2992,660,660,660,660,664,660.133
2993,664,660,660,660,664,660.733
2994,660,664,660,660,664,661.333
2995,664,660,664,660,664,660.867
2996,664,660,660,660,664,661.733
2997,664,660,664,660,664,661.800
2998,664,660,660,660,664,661.533
2999,664,664,660,660,664,661.733
3000,664,664,664,660,664,662.267
3001,664,664,664,660,664,662.067
3002,664,664,664,660,664,662.533
3003,664,664,664,660,664,662.867
3004,664,660,664,660,664,663.067
3005,664,664,660,660,664,663.000
3006,664,664,664,660,664,663.267
3007,664,664,664,660,664,663.733
3008,664,664,664,660,664,663.733
3009,664,664,664,664,668,664.067
3010,664,664,668,664,668,664.533
3011,668,664,664,664,668,664.400
3012,664,664,668,664,668,664.600
3013,664,664,664,664,668,664.800
3014,664,664,664,664,668,665.267
3015,664,668,664,664,668,665.600
3016,668,664,668,664,668,665.667
3017,668,664,664,664,668,665.600
3018,668,668,664,664,668,665.933
3019,668,668,668,664,668,666.067
3020,664,668,668,664,668,666.667
3021,668,668,668,664,668,666.600
3022,664,668,668,664,668,666.867
3023,664,668,668,664,668,667.000
3024,664,668,668,664,668,667.133
3025,668,668,668,664,668,667.733
3026,668,668,668,664,668,667.733
3027,668,668,668,668,672,668.133
3028,672,668,668,668,672,668.333
3029,668,672,668,668,672,668.533
3030,668,668,672,668,672,668.867
3031,668,668,668,668,672,668.733
3032,672,668,668,668,672,669.200
3033,668,668,668,668,672,669.533
3034,668,668,668,668,672,669.067
3035,672,668,668,668,672,669.667
3036,672,672,668,668,672,669.733
3037,672,672,672,668,672,670.400
3038,672,672,672,668,672,670.933
3039,672,668,672,668,672,671.000
3040,672,672,668,668,672,671.400
3041,672,668,672,668,672,670.600
3042,672,672,668,668,672,671.267
3043,668,672,672,668,672,671.733
3044,672,672,672,672,672,672.000
3045,672,672,672,672,672,672.000
3046,672,672,676,672,676,672.467
3047,676,676,672,672,676,672.667
3048,672,672,672,672,676,672.733
3049,672,672,672,672,676,673.067
3050,672,676,672,672,676,673.200
3051,672,676,676,672,676,673.733
3052,672,676,676,672,676,673.333
3053,676,672,676,672,676,673.667
3054,676,676,672,672,676,674.333
3055,676,672,676,672,676,674.067
3056,672,676,672,672,676,674.333
3057,676,672,676,672,676,674.733
3058,672,676,676,672,676,674.933
3059,672,676,672,672,676,674.800
3060,676,672,676,672,676,675.400
3061,676,676,676,672,676,675.600
3062,676,676,672,672,676,675.800
3063,676,676,676,676,676,676.000
3064,676,676,676,676,680,676.267
3065,676,676,676,676,680,676.600
3066,676,676,676,676,680,676.733
3067,676,676,676,676,680,676.867
3068,676,676,676,676,680,677.200
3069,676,676,676,676,680,677.000
3070,676,680,676,676,680,677.400
3071,680,680,680,676,680,677.867
3072,676,680,680,676,680,678.133
3073,680,676,680,676,680,678.267
3074,676,680,676,676,680,678.000
3075,676,676,680,676,680,678.867
3076,676,676,676,676,680,678.667
3077,676,680,676,676,680,679.133
3078,676,680,680,676,680,679.267
3079,680,680,680,676,680,679.733
3080,680,680,680,676,680,679.667
3081,680,680,680,676,680,679.867
3082,680,680,680,680,684,680.133
3083,680,680,680,680,684,680.533
3084,680,680,684,680,684,680.533
3085,680,680,680,680,684,680.467
3086,680,680,680,680,684,680.933
3087,684,680,680,680,684,681.400
3088,684,680,684,680,684,681.733
3089,684,680,680,680,684,681.333
3090,680,684,684,680,684,682.200
3091,684,680,684,680,684,682.733
3092,684,684,680,680,684,682.333
3093,680,684,684,680,684,682.867
3094,684,684,684,680,684,683.133
3095,684,680,680,680,684,683.467
3096,684,684,680,680,684,683.133
3097,684,684,684,680,684,683.600
3098,684,684,684,680,684,683.933
3099,684,684,684,684,684,684.000
3100,684,684,684,684,688,684.467
3101,684,684,684,684,688,684.667
3102,684,684,684,684,688,685.133
3103,684,684,684,684,688,684.533
3104,684,688,684,684,688,685.133
3105,684,688,688,684,688,685.133
3106,684,684,688,684,688,685.600
3107,688,684,688,684,688,685.867
3108,684,684,684,684,688,686.400
3109,688,688,688,684,688,686.200
3110,688,688,688,684,688,686.200
3111,684,688,688,684,688,686.400
3112,684,688,684,684,688,687.000
3113,684,688,688,684,688,686.867
3114,688,688,684,684,688,687.400
3115,688,688,688,684,688,687.667
3116,688,688,688,684,688,687.467
3117,688,688,688,688,688,688.000
3118,688,688,688,688,692,688.133
3119,688,688,688,688,692,688.400
3120,688,688,692,688,692,688.800
3121,688,688,692,688,692,689.000
3122,692,692,688,688,692,689.467
3123,688,688,688,688,692,689.200
3124,688,692,688,688,692,689.867
3125,688,688,692,688,692,689.667
3126,692,692,688,688,692,690.267
3127,692,692,692,688,692,689.800
3128,688,688,688,688,692,690.467
3129,692,692,688,688,692,690.800
3130,692,692,692,688,692,690.933
3131,692,692,692,688,692,691.267
3132,692,692,692,688,692,691.400
3133,692,692,692,688,692,691.733
3134,692,692,692,688,692,691.533
3135,692,692,692,692,692,692.000
3136,692,692,692,692,692,692.000
3137,692,696,692,692,696,692.267
3138,692,692,696,692,696,692.533
3139,696,692,692,692,696,692.667
3140,696,692,692,692,696,692.867
3141,692,692,692,692,696,693.133
3142,692,696,692,692,696,693.600
3143,696,692,696,692,696,693.533
3144,692,692,692,692,696,694.133
3145,692,696,692,692,696,694.467
3146,696,696,696,692,696,694.200
3147,696,692,696,692,696,694.667
3148,692,692,696,692,696,694.400
3149,692,696,692,692,696,695.200
3150,692,696,696,692,696,695.333
3151,696,696,696,692,696,695.600
3152,696,696,696,692,696,695.467
3153,696,696,696,692,696,695.867
3154,696,696,696,696,700,696.133
3155,696,696,696,696,700,696.067
3156,696,696,696,696,700,696.400
3157,696,696,700,696,700,696.867
3158,696,700,696,696,700,696.933
3159,700,696,696,696,700,696.733
3160,696,696,696,696,700,697.533
3161,696,696,696,696,700,697.133
3162,700,696,696,696,700,698.000
3163,700,696,700,696,700,697.933
3164,696,696,696,696,700,697.867
3165,696,696,700,696,700,698.600
3166,700,696,696,696,700,698.933
3167,700,696,696,696,700,699.200
3168,700,700,696,696,700,699.000
3169,700,700,700,696,700,699.667
3170,700,700,700,696,700,699.667
3171,700,700,700,696,700,699.533
3172,700,700,700,700,700,700.000
3173,700,700,700,700,704,700.067
3174,700,700,704,700,704,700.200
3175,700,700,700,700,704,700.600
3176,700,700,700,700,704,700.933
3177,700,700,700,700,704,701.467
3178,700,700,700,700,704,701.000
3179,704,700,700,700,704,701.200
3180,700,700,700,700,704,702.067
3181,700,700,700,700,704,702.067
3182,700,700,700,700,704,702.133
3183,704,700,700,700,704,702.533
3184,700,700,704,700,704,702.733
3185,704,704,700,700,704,702.733
3186,704,704,704,700,704,703.133
3187,704,700,704,700,704,703.333
3188,700,704,700,700,704,703.933
3189,704,700,704,700,704,703.600
3190,704,704,704,704,704,704.000
3191,704,704,704,704,708,704.133
3192,704,704,704,704,708,704.267
3193,704,704,704,704,708,704.600
3194,704,704,704,704,708,704.733
3195,704,708,704,704,708,705.200
3196,708,704,708,704,708,705.267
3197,704,704,704,704,708,705.333
3198,704,704,704,704,708,705.600
3199,704,708,708,704,708,706.333
3200,704,704,708,704,708,706.533
3201,704,708,708,704,708,706.467
3202,708,708,708,704,708,706.867
3203,708,704,708,704,708,706.600
3204,708,704,704,704,708,706.733
3205,708,708,704,704,708,707.400
3206,708,708,708,704,708,707.800
3207,708,708,708,704,708,707.733
3208,708,708,708,708,708,708.000
3209,708,708,708,708,712,708.067
3210,708,708,708,708,712,708.533
3211,708,708,708,708,712,708.333
3212,712,712,708,708,712,708.933
3213,708,712,712,708,712,709.133
3214,708,712,712,708,712,709.133
3215,712,708,712,708,712,709.333
3216,712,708,712,708,712,709.600
3217,708,712,708,708,712,710.333
3218,712,712,712,708,712,710.400
3219,712,712,712,708,712,710.867
3220,712,712,708,708,712,710.400
3221,712,712,708,708,712,711.067
3222,712,712,712,708,712,710.933
3223,712,708,712,708,712,711.267
3224,712,712,708,708,712,711.333
3225,712,712,712,708,712,711.667
3226,712,712,712,712,712,712.000
3227,712,712,712,712,716,712.133
3228,716,716,712,712,716,712.400
3229,712,716,716,712,716,712.733
3230,712,712,716,712,716,712.733
3231,716,712,712,712,716,712.733
3232,716,716,712,712,716,713.200
3233,712,716,716,712,716,713.467
3234,716,712,716,712,716,713.600
3235,716,716,712,712,716,714.067
3236,712,716,716,712,716,714.600
3237,716,712,716,712,716,714.733
3238,716,712,716,712,716,714.200
3239,716,716,716,712,716,714.600
3240,716,716,716,712,716,715.000
3241,712,712,716,712,716,715.067
3242,716,716,716,712,716,715.400
3243,716,716,716,712,716,715.800
3244,716,716,716,712,716,715.800
3245,716,716,716,716,716,716.000
3246,716,716,720,716,720,716.267
3247,716,720,716,716,720,717.000
3248,716,716,716,716,720,716.733
3249,720,716,716,716,720,716.733
3250,720,716,716,716,720,717.400
3251,716,720,716,716,720,717.400
3252,720,716,720,716,720,718.000
3253,720,716,716,716,720,717.933
3254,716,720,716,716,720,718.000
3255,720,720,720,716,720,718.600
3256,720,716,720,716,720,718.200
3257,720,716,720,716,720,718.733
3258,716,720,720,716,720,718.800
3259,720,716,720,716,720,719.400
3260,716,720,720,716,720,719.333
3261,720,720,720,716,720,719.600
3262,720,720,720,716,720,719.733
3263,720,720,720,720,724,720.133
3264,724,720,720,720,724,720.400
3265,720,720,720,720,724,720.533
3266,720,720,720,720,724,721.000
3267,720,720,720,720,724,720.533
3268,724,720,720,720,724,721.133
3269,720,720,720,720,724,721.533
3270,720,724,720,720,724,721.867
3271,724,720,724,720,724,722.000
3272,724,720,720,720,724,721.933
3273,724,720,720,720,724,722.133
3274,720,724,720,720,724,722.267
3275,724,724,724,720,724,722.533
3276,720,724,724,720,724,723.200
3277,724,724,724,720,724,723.267
3278,724,724,724,720,724,723.400
3279,724,724,724,720,724,723.800
3280,724,724,724,720,724,723.867
3281,724,724,724,724,728,724.333
3282,724,724,724,724,728,724.333
3283,724,724,728,724,728,724.667
3284,724,724,724,724,728,724.667
3285,724,728,724,724,728,725.133
3286,724,724,728,724,728,725.200
3287,724,728,724,724,728,725.133
3288,724,728,728,724,728,725.867
3289,724,728,728,724,728,725.533
3290,724,728,728,724,728,726.333
3291,728,724,728,724,728,726.133
3292,728,728,724,724,728,726.333
3293,728,724,728,724,728,726.067
3294,724,728,724,724,728,726.667
3295,728,728,728,724,728,727.133
3296,728,728,728,724,728,727.067
3297,728,728,728,724,728,727.667
3298,728,728,728,724,728,727.867
3299,728,728,728,728,732,728.133
3300,728,728,728,728,732,728.133
3301,728,728,728,728,732,728.400
3302,728,728,728,728,732,728.800
3303,728,728,732,728,732,728.800
3304,728,732,728,728,732,729.400
3305,732,732,732,728,732,729.333
3306,732,732,732,728,732,729.867
3307,732,728,732,728,732,729.600
3308,728,732,732,728,732,730.133
3309,732,732,732,728,732,730.533
3310,728,732,732,728,732,730.533
3311,728,732,732,728,732,730.800
3312,732,732,732,728,732,730.800
3313,728,732,732,728,732,731.333
3314,732,728,732,728,732,731.333
3315,732,732,732,728,732,731.733
3316,732,732,732,728,732,731.933
3317,732,732,732,732,736,732.133
3318,732,732,736,732,736,732.133
3319,732,732,732,732,736,732.400
3320,732,732,736,732,736,732.400
3321,736,732,732,732,736,732.933
3322,736,732,736,732,736,733.000
3323,736,736,732,732,736,733.200
3324,732,736,736,732,736,733.600
3325,736,736,736,732,736,733.933
3326,736,732,736,732,736,733.600
3327,736,736,732,732,736,733.667
3328,736,736,736,732,736,734.800
3329,736,736,732,732,736,734.867
3330,736,736,736,732,736,734.733
3331,736,736,736,732,736,735.133
3332,736,736,736,732,736,735.533
3333,736,736,736,732,736,735.267
3334,736,736,736,732,736,735.800
3335,736,736,736,736,736,736.000
3336,736,736,736,736,740,736.200
3337,736,736,736,736,740,736.267
3338,736,736,736,736,740,736.667
3339,736,736,740,736,740,736.333
3340,740,740,736,736,740,737.333
3341,736,740,740,736,740,737.400
3342,740,736,736,736,740,737.600
3343,736,736,736,736,740,737.533
3344,740,740,736,736,740,737.800
3345,736,740,740,736,740,738.467
3346,740,740,740,736,740,738.267
3347,740,740,740,736,740,738.667
3348,740,740,736,736,740,738.800
3349,736,736,740,736,740,739.267
3350,740,740,736,736,740,739.067
3351,740,740,740,736,740,739.400
3352,740,740,740,736,740,739.867
3353,740,740,740,736,740,739.933
3354,740,740,740,740,744,740.067
3355,744,740,740,740,744,740.333
3356,740,740,740,740,744,741.133
3357,740,740,740,740,744,740.733
3358,740,740,740,740,744,741.333
3359,740,740,740,740,744,741.467
3360,740,740,744,740,744,741.733
3361,744,740,740,740,744,742.133
3362,744,740,744,740,744,742.133
3363,744,740,740,740,744,742.133
3364,740,744,740,740,744,742.467
3365,740,744,744,740,744,742.533
3366,740,744,744,740,744,743.067
3367,744,740,740,740,744,743.133
3368,744,744,744,740,744,743.600
3369,744,744,744,740,744,743.400
3370,744,740,740,740,744,743.667
3371,744,744,744,740,744,743.867
3372,744,744,744,744,748,744.200
3373,744,744,744,744,748,744.533
3374,744,744,744,744,748,745.067
3375,744,748,744,744,748,744.933
3376,744,744,744,744,748,745.067
3377,744,744,744,744,748,745.000
3378,748,748,744,744,748,745.400
3379,744,744,748,744,748,745.733
3380,744,744,744,744,748,745.933
3381,748,744,748,744,748,746.267
3382,748,748,744,744,748,746.333
3383,744,748,748,744,748,746.667
3384,744,744,748,744,748,746.333
3385,748,748,744,744,748,747.067
3386,748,748,744,744,748,747.400
3387,744,744,748,744,748,747.467
3388,748,748,748,744,748,747.533
3389,748,748,748,748,748,748.000
3390,748,748,748,748,752,748.200
3391,748,748,748,748,752,748.200
3392,752,748,748,748,752,748.800
3393,752,748,748,748,752,748.800
3394,748,748,748,748,752,749.067
3395,752,748,748,748,752,748.800
3396,748,752,752,748,752,749.333
3397,748,748,748,748,752,749.467
3398,748,752,752,748,752,750.000
3399,752,748,752,748,752,749.600
3400,752,752,748,748,752,750.400
3401,748,748,748,748,752,750.867
3402,752,748,748,748,752,750.600
3403,752,752,752,748,752,751.000
3404,748,752,752,748,752,751.400
3405,752,752,752,748,752,751.400
3406,752,752,752,748,752,751.333
3407,752,752,752,752,752,752.000
3408,752,752,752,752,756,752.333
3409,752,752,752,752,756,752.467
3410,752,756,752,752,756,752.600
3411,752,752,756,752,756,752.867
3412,752,752,752,752,756,753.267
3413,756,752,752,752,756,752.867
3414,756,756,752,752,756,753.400
3415,756,756,752,752,756,753.267
3416,752,756,756,752,756,754.333
3417,752,756,756,752,756,753.933
3418,752,756,756,752,756,754.333
3419,756,752,756,752,756,755.067
3420,756,756,756,752,756,755.067
3421,756,756,756,752,756,755.133
3422,756,756,756,752,756,755.000
3423,756,756,756,752,756,755.533
3424,756,756,756,752,756,755.667
3425,756,756,756,752,756,755.800
3426,756,756,756,756,760,756.133
3427,756,756,756,756,760,756.400
3428,756,756,756,756,760,756.333
3429,756,756,756,756,760,756.867
3430,756,756,756,756,760,757.267
3431,760,756,756,756,760,757.400
3432,756,756,760,756,760,756.800
3433,760,756,756,756,760,757.400
3434,760,756,756,756,760,757.733
3435,760,756,756,756,760,757.400
3436,760,756,756,756,760,758.067
3437,760,760,760,756,760,758.800
3438,760,760,760,756,760,758.800
3439,760,760,756,756,760,758.867
3440,756,756,760,756,760,759.000
3441,760,760,760,756,760,759.533
3442,760,760,760,756,760,759.133
3443,760,760,760,756,760,759.667
3444,760,760,760,760,764,760.067
3445,760,760,764,760,764,760.067
3446,760,760,760,760,764,760.267
3447,760,760,760,760,764,760.733
3448,760,764,764,760,764,761.400
3449,760,760,764,760,764,761.133
3450,760,760,760,760,764,761.200
3451,760,760,760,760,764,761.867
3452,760,764,760,760,764,761.933
3453,760,764,764,760,764,761.733
3454,764,764,764,760,764,762.067
3455,760,764,764,760,764,762.733
3456,764,760,764,760,764,762.600
3457,764,764,764,760,764,763.000
3458,764,764,764,760,764,763.533
3459,764,764,764,760,764,763.733
3460,764,764,764,760,764,763.267
3461,764,764,764,760,764,763.867
3462,764,764,764,764,768,764.200
3463,764,764,764,764,768,764.267
3464,768,764,764,764,768,764.533
3465,768,764,764,764,768,764.533
3466,764,764,764,764,768,765.333
3467,764,764,764,764,768,765.400
3468,764,764,764,764,768,765.067
3469,768,768,764,764,768,765.933
3470,764,764,768,764,768,765.333
3471,768,764,764,764,768,766.200
3472,768,768,764,764,768,766.333
3473,764,768,768,764,768,766.333
3474,768,764,768,764,768,766.467
3475,768,764,768,764,768,767.333
3476,764,768,768,764,768,767.533
3477,768,764,764,764,768,767.467
3478,768,764,768,764,768,767.733
3479,768,768,764,764,768,767.867
3480,768,768,768,768,768,768.000
3481,768,768,768,768,772,768.267
3482,768,768,768,768,772,768.533
3483,768,768,768,768,772,768.267
3484,768,768,768,768,772,769.133
3485,768,768,772,768,772,769.267
3486,768,768,768,768,772,769.267
3487,768,768,768,768,772,769.800
3488,768,768,768,768,772,769.533
3489,772,768,768,768,772,770.000
3490,772,768,768,768,772,770.467
3491,768,772,768,768,772,770.467
3492,768,768,772,768,772,770.600
3493,772,772,768,768,772,770.800
3494,772,768,772,768,772,771.067
3495,772,772,768,768,772,771.000
3496,768,772,772,768,772,771.600
3497,772,772,772,768,772,771.800
3498,772,772,772,772,772,772.000
3499,772,772,772,772,776,772.133
3500,772,772,772,772,776,772.067
3501,776,772,776,772,776,772.667
3502,772,776,772,772,776,772.800
3503,772,776,772,772,776,772.933
3504,772,772,772,772,776,773.467
3505,772,772,772,772,776,773.733
3506,772,772,772,772,776,772.733
3507,772,776,776,772,776,774.000
3508,776,772,776,772,776,773.800
3509,772,776,772,772,776,774.400
3510,776,776,776,772,776,774.733
3511,772,776,776,772,776,775.200
3512,776,772,776,772,776,775.067
3513,776,776,772,772,776,775.133
3514,776,776,776,772,776,775.733
3515,776,776,776,772,776,775.733
3516,776,776,776,776,776,776.000
3517,780,776,776,776,780,776.067
3518,776,776,776,776,780,776.133
3519,776,776,780,776,780,776.800
3520,780,776,776,776,780,776.533
3521,776,776,776,776,780,777.000
3522,776,776,776,776,780,777.333
3523,780,776,776,776,780,777.200
3524,776,776,780,776,780,777.467
3525,776,776,776,776,780,777.933
3526,780,780,776,776,780,778.200
3527,780,776,780,776,780,778.067
3528,780,776,776,776,780,778.667
3529,780,780,776,776,780,778.667
3530,780,780,780,776,780,778.600
3531,776,780,780,776,780,779.200
3532,780,780,780,776,780,779.267
3533,780,780,780,776,780,779.867
3534,780,780,780,776,780,779.800
3535,780,780,784,780,784,780.067
3536,784,780,780,780,784,780.200
3537,780,784,780,780,784,780.600
3538,780,780,780,780,784,780.267
3539,780,780,780,780,784,780.800
3540,784,784,780,780,784,781.067
3541,780,784,784,780,784,781.333
3542,780,780,784,780,784,781.933
3543,784,780,780,780,784,781.400
3544,780,784,780,780,784,781.933
3545,780,780,784,780,784,782.467
3546,784,784,784,780,784,782.533
3547,784,784,784,780,784,782.867
3548,784,784,784,780,784,782.933
3549,784,780,784,780,784,783.200
3550,784,784,784,780,784,783.333
3551,784,784,784,780,784,783.800
3552,784,784,784,780,784,783.867
3553,784,784,784,784,784,784.000
3554,784,788,784,784,788,784.400
3555,784,788,784,784,788,784.467
3556,784,784,784,784,788,784.533
3557,788,788,784,784,788,785.333
3558,788,788,788,784,788,785.267
3559,784,784,788,784,788,785.800
3560,784,784,784,784,788,785.267
3561,784,784,784,784,788,785.600
3562,784,788,784,784,788,786.133
3563,788,784,788,784,788,786.467
3564,788,788,788,784,788,786.200
3565,788,788,788,784,788,786.600
3566,784,788,784,784,788,787.067
3567,788,784,788,784,788,787.000
3568,788,788,788,784,788,787.533
3569,784,788,788,784,788,787.733
3570,788,788,788,784,788,787.800
3571,788,788,788,788,792,788.067
3572,788,788,788,788,792,788.200
3573,788,792,788,788,792,788.667
3574,788,788,792,788,792,788.733
3575,788,788,792,788,792,789.067
3576,788,788,788,788,792,789.333
3577,788,788,788,788,792,789.400
3578,788,792,788,788,792,789.733
3579,788,788,788,788,792,789.600
3580,788,792,792,788,792,789.933
3581,792,792,792,788,792,790.267
3582,788,792,792,788,792,790.533
3583,792,792,792,788,792,791.067
3584,792,792,792,788,792,790.867
3585,792,792,792,788,792,791.067
3586,792,792,792,788,792,791.200
3587,792,792,792,788,792,791.467
3588,792,792,792,788,792,791.600
3589,792,792,792,792,792,792.000
3590,796,792,792,792,796,792.200
3591,792,796,792,792,796,792.333
3592,792,792,792,792,796,792.733
3593,792,796,792,792,796,792.533
3594,792,796,796,792,796,793.000
3595,792,792,796,792,796,793.533
3596,796,796,796,792,796,793.333
3597,796,792,796,792,796,793.600
3598,796,796,792,792,796,794.067
3599,796,796,796,792,796,794.600
3600,796,796,796,792,796,795.000
3601,796,796,796,792,796,794.800
3602,796,796,796,792,796,795.000
3603,796,796,796,792,796,794.933
3604,796,792,796,792,796,794.933
3605,796,796,792,792,796,795.333
3606,796,796,796,792,796,795.867
3607,796,796,796,796,796,796.000
3608,796,796,796,796,800,796.133
3609,796,800,800,796,800,796.600
3610,800,800,800,796,800,796.600
3611,796,796,800,796,800,797.133
3612,800,796,796,796,800,796.933
3613,800,796,796,796,800,797.200
3614,796,800,796,796,800,797.400
3615,800,796,800,796,800,797.667
3616,800,800,796,796,800,797.733
3617,800,796,800,796,800,798.267
3618,796,800,800,796,800,798.400
3619,800,800,800,796,800,798.600
3620,800,800,800,796,800,798.933
3621,796,800,800,796,800,799.067
3622,800,800,800,796,800,799.133
3623,800,800,800,796,800,799.000
3624,800,800,800,796,800,799.467
3625,800,800,800,796,800,799.933
3626,800,800,800,800,804,800.067
3627,800,800,800,800,804,800.400
3628,800,800,800,800,804,800.467
3629,800,800,800,800,804,800.867
3630,800,800,800,800,804,800.867
3631,800,800,804,800,804,801.067
3632,800,804,800,800,804,801.467
3633,804,804,804,800,804,801.933
3634,800,804,804,800,804,802.267
3635,804,800,804,800,804,801.800
3636,804,800,804,800,804,802.133
3637,804,804,800,800,804,802.267
3638,804,804,804,800,804,802.800
3639,804,804,804,800,804,803.333
3640,804,804,804,800,804,803.200
3641,804,804,800,800,804,803.333
3642,804,800,804,800,804,803.600
3643,804,804,804,800,804,803.867
3644,804,804,804,804,808,804.067
3645,804,804,804,804,808,804.400
3646,804,804,804,804,808,804.667
3647,804,804,804,804,808,804.733
3648,804,808,808,804,808,805.067
3649,808,804,804,804,808,805.267
3650,808,808,804,804,808,805.400
3651,808,808,804,804,808,805.400
3652,804,804,808,804,808,806.067
3653,808,804,804,804,808,805.733
3654,804,804,804,804,808,806.533
3655,808,804,804,804,808,806.733
3656,808,804,804,804,808,806.667
3657,808,808,804,804,808,806.467
3658,808,808,808,804,808,807.267
3659,804,808,808,804,808,807.467
3660,808,804,808,804,808,807.667
3661,808,808,808,804,808,807.933
3662,808,808,808,808,808,808.000
3663,808,808,808,808,812,808.133
3664,808,808,808,808,812,808.467
3665,808,808,808,808,812,808.600
3666,808,808,808,808,812,808.467
3667,808,808,812,808,812,809.333
3668,808,808,808,808,812,809.400
3669,808,812,808,808,812,809.600
3670,808,808,812,808,812,809.400
3671,808,812,808,808,812,809.933
3672,808,808,812,808,812,810.467
3673,808,812,808,808,812,810.933
3674,808,812,812,808,812,811.200
3675,808,808,812,808,812,811.267
3676,812,812,812,808,812,810.933
3677,808,812,812,808,812,810.867
3678,812,812,812,808,812,811.600
3679,812,812,812,808,812,811.800
3680,812,812,812,812,816,812.200
3681,812,812,812,812,816,812.533
3682,812,812,812,812,816,812.800
3683,816,812,812,812,816,812.467
3684,812,816,812,812,816,812.867
3685,812,816,812,812,816,813.067
3686,816,812,812,812,816,813.667
3687,812,816,812,812,816,813.333
3688,816,812,816,812,816,813.933
3689,812,812,812,812,816,813.933
3690,816,812,812,812,816,814.333
3691,816,816,812,812,816,814.600
3692,812,816,816,812,816,814.667
3693,816,812,812,812,816,814.667
3694,816,816,816,812,816,815.533
3695,816,816,812,812,816,815.400
3696,816,816,816,812,816,815.400
3697,816,816,816,812,816,815.800
3698,816,816,816,816,816,816.000
3699,816,816,816,816,820,816.200
3700,816,816,816,816,820,816.667
3701,820,816,820,816,820,816.933
3702,816,816,820,816,820,816.800
3703,816,820,816,816,820,817.067
3704,816,816,820,816,820,817.600
3705,816,820,820,816,820,817.067
3706,816,816,820,816,820,817.867
3707,816,816,820,816,820,818.000
3708,820,820,816,816,820,818.600
3709,816,816,820,816,820,818.533
3710,820,816,816,816,820,818.667
3711,816,820,816,816,820,819.067
3712,816,820,820,816,820,819.000
3713,820,816,820,816,820,819.467
3714,820,820,816,816,820,819.600
3715,820,820,820,816,820,819.667
3716,820,820,820,820,824,820.200
3717,820,820,820,820,824,820.600
3718,824,820,820,820,824,820.600
3719,820,820,820,820,824,820.733
3720,820,820,820,820,824,821.267
3721,820,820,820,820,824,821.467
3722,820,820,820,820,824,821.400
3723,820,820,820,820,824,821.667
3724,820,820,820,820,824,821.733
3725,824,824,820,820,824,822.133
3726,820,820,824,820,824,822.400
3727,820,820,820,820,824,822.533
3728,820,820,824,820,824,823.133
3729,820,824,820,820,824,822.533
3730,820,824,824,820,824,823.533
3731,820,824,824,820,824,823.400
3732,824,824,824,820,824,823.667
3733,824,824,824,820,824,823.733
3734,824,824,824,824,828,824.133
3735,824,824,824,824,828,824.133
3736,824,824,824,824,828,824.600
3737,824,828,824,824,828,824.800
3738,824,824,824,824,828,824.733
3739,824,824,824,824,828,824.733
3740,824,824,824,824,828,825.200
3741,824,824,824,824,828,825.800
3742,828,824,824,824,828,825.667
3743,824,824,824,824,828,826.133
3744,824,824,824,824,828,826.667
3745,824,824,824,824,828,826.400
3746,828,824,824,824,828,826.733
3747,828,828,828,824,828,826.867
3748,828,828,828,824,828,826.933
3749,828,824,824,824,828,827.267
3750,828,828,828,824,828,827.400
3751,828,828,828,824,828,827.600
3752,828,828,828,828,832,828.067
3753,828,828,828,828,832,828.267
3754,828,828,828,828,832,828.467
3755,828,828,828,828,832,828.533
3756,828,828,828,828,832,829.067
3757,828,828,828,828,832,828.867
3758,828,832,832,828,832,829.267
3759,828,832,832,828,832,829.533
3760,828,828,832,828,832,829.667
3761,828,832,828,828,832,830.200
3762,828,832,832,828,832,830.600
3763,828,828,832,828,832,830.467
3764,832,828,832,828,832,830.600
3765,828,832,832,828,832,830.733
3766,828,832,828,828,832,830.933
3767,832,828,832,828,832,831.267
3768,832,832,828,828,832,831.467
3769,832,832,832,828,832,831.933
3770,832,832,832,832,832,832.000
3771,832,832,832,832,836,832.333
3772,832,832,832,832,836,832.533
3773,832,836,832,832,836,832.267
3774,832,832,832,832,836,832.867
3775,832,836,832,832,836,832.867
3776,836,832,832,832,836,833.000
3777,832,832,832,832,836,833.133
3778,836,832,832,832,836,833.800
3779,836,836,836,832,836,834.133
3780,832,836,836,832,836,834.400
3781,832,832,832,832,836,834.000
3782,836,836,832,832,836,834.667
3783,836,832,836,832,836,835.267
3784,832,832,832,832,836,834.933
3785,836,836,836,832,836,835.333
3786,836,836,836,832,836,835.533
3787,836,836,836,832,836,835.600
3788,836,836,836,836,836,836.000
3789,840,836,836,836,840,836.200
3790,836,836,836,836,840,836.667
3791,836,836,836,836,840,836.267
3792,840,836,836,836,840,836.933
3793,836,836,836,836,840,836.933
3794,836,840,836,836,840,837.733
3795,836,836,840,836,840,837.133
3796,840,840,836,836,840,838.000
3797,836,840,840,836,840,838.200
3798,836,836,840,836,840,837.733
3799,840,840,836,836,840,838.000
3800,840,840,840,836,840,838.867
3801,836,840,840,836,840,838.800
3802,836,836,836,836,840,839.000
3803,836,840,840,836,840,839.467
3804,840,840,840,836,840,839.867
3805,840,840,840,836,840,839.800
3806,840,840,840,836,840,839.867
3807,844,840,840,840,844,840.400
3808,840,840,840,840,844,840.133
3809,840,840,840,840,844,840.533
3810,840,840,844,840,844,840.467
3811,840,840,840,840,844,840.933
3812,840,840,840,840,844,841.133
3813,844,840,840,840,844,841.400
3814,844,844,840,840,844,841.600
3815,840,840,844,840,844,842.333
3816,844,840,844,840,844,842.333
3817,844,844,840,840,844,842.933
3818,840,840,844,840,844,842.333
3819,844,844,840,840,844,842.667
3820,844,844,844,840,844,843.200
3821,844,844,840,840,844,843.333
3822,840,844,844,840,844,843.600
3823,844,844,844,840,844,843.533
3824,844,844,844,840,844,843.800
3825,844,844,844,844,844,844.000
3826,844,844,844,844,848,844.600
3827,844,844,844,844,848,844.667
3828,844,844,844,844,848,844.733
3829,844,844,844,844,848,845.400
3830,844,844,844,844,848,845.533
3831,844,844,844,844,848,845.800
3832,844,844,844,844,848,845.733
3833,844,848,844,844,848,845.733
3834,848,848,848,844,848,846.667
3835,844,844,848,844,848,846.733
3836,848,848,844,844,848,846.933
3837,844,844,848,844,848,847.400
3838,844,844,848,844,848,846.933
3839,844,844,848,844,848,847.333
