x,R,G,B,min_over_frames_G,max_over_frames_G,mean_over_frames_G,mean_over_frames_and_rows_G
0,0,0,0,0,0,0.000,0.000
1,0,0,0,0,0,0.000,0.000
2,0,0,0,0,0,0.000,0.000
3,0,0,0,0,0,0.000,0.000
4,0,0,0,0,0,0.000,0.000
5,0,0,0,0,0,0.000,0.000
6,0,0,0,0,0,0.000,0.000
7,0,0,0,0,0,0.000,0.000
8,0,0,0,0,0,0.000,0.000
9,0,0,0,0,0,0.000,0.000
10,0,0,0,0,0,0.000,0.000
11,0,0,0,0,0,0.000,0.000
12,0,0,0,0,0,0.000,0.000
13,0,0,0,0,0,0.000,0.000
14,0,0,0,0,0,0.000,0.000
15,0,0,0,0,0,0.000,0.000
16,0,0,0,0,0,0.000,0.000
17,0,0,0,0,0,0.000,0.000
18,0,0,0,0,0,0.000,0.000
19,0,0,0,0,0,0.000,0.000
20,0,0,0,0,0,0.000,0.000
21,0,0,0,0,0,0.000,0.000
22,0,0,0,0,0,0.000,0.000
23,0,0,0,0,0,0.000,0.000
24,0,0,0,0,0,0.000,0.000
25,0,0,0,0,0,0.000,0.000
26,0,0,0,0,0,0.000,0.000
27,0,0,0,0,0,0.000,0.000
28,0,0,0,0,0,0.000,0.000
29,0,0,0,0,0,0.000,0.000
30,0,0,0,0,0,0.000,0.000
31,0,0,0,0,0,0.000,0.000
32,0,0,0,0,0,0.000,0.000
33,0,0,0,0,0,0.000,0.000
34,0,0,0,0,0,0.000,0.000
35,0,0,0,0,0,0.000,0.000
36,0,0,0,0,0,0.000,0.000
37,0,0,0,0,0,0.000,0.000
38,0,0,0,0,0,0.000,0.000
39,0,0,0,0,0,0.000,0.000
40,0,0,0,0,0,0.000,0.000
41,0,0,0,0,0,0.000,0.000
42,0,0,0,0,0,0.000,0.000
43,0,0,0,0,0,0.000,0.000
44,4,0,4,0,4,0.533,0.946
45,0,0,0,0,4,0.933,0.940
46,0,0,0,0,4,1.333,0.940
47,0,0,0,0,4,0.733,0.938
48,0,0,0,0,4,0.800,0.940
49,0,0,4,0,4,0.800,0.937
50,0,4,0,0,4,0.800,0.945
51,4,0,4,0,4,0.400,0.933
52,0,0,0,0,4,1.200,0.941
53,0,0,0,0,4,0.733,0.949
54,0,4,0,0,4,0.667,0.937
55,0,0,4,0,4,0.933,0.939
56,0,0,0,0,4,0.867,0.941
57,0,4,0,0,4,1.133,0.946
58,4,0,0,0,4,0.800,0.933
59,0,4,4,0,4,1.267,0.945
60,4,0,0,0,4,1.067,0.940
61,0,0,0,0,4,0.867,0.943
62,0,0,0,0,4,0.933,0.941
63,0,0,0,0,4,0.867,0.943
64,0,0,0,0,4,1.067,0.937
65,0,4,0,0,4,0.867,0.931
66,0,0,4,0,4,0.867,0.935
67,4,4,0,0,4,0.800,0.940
68,0,0,0,0,4,1.000,0.930
69,4,0,0,0,4,0.667,0.941
70,4,0,0,0,4,0.733,0.940
71,0,0,4,0,4,1.267,0.940
72,0,0,0,0,4,0.933,0.931
73,0,0,0,0,4,0.533,0.937
74,0,0,0,0,4,0.800,0.939
75,4,0,0,0,4,0.800,0.934
76,0,4,0,0,4,0.800,0.941
77,4,0,4,0,4,0.933,0.936
78,0,4,0,0,4,1.267,0.943
79,0,0,0,0,4,0.800,0.932
80,0,4,4,0,4,0.933,0.949
81,0,0,4,0,4,0.733,0.939
82,0,0,0,0,4,0.800,0.934
83,0,0,0,0,4,0.867,0.943
84,0,0,0,0,4,0.600,0.933
85,0,0,0,0,4,0.800,0.940
86,4,0,0,0,4,0.933,0.945
87,0,0,0,0,4,1.200,0.935
88,4,0,0,0,4,0.400,0.936
89,0,0,0,0,4,0.933,0.937
90,4,0,0,0,4,0.533,0.937
91,0,0,0,0,4,0.800,0.932
92,0,0,0,0,4,0.800,0.937
93,0,0,4,0,4,0.933,0.937
94,0,0,0,0,4,0.933,0.936
95,0,0,4,0,4,0.600,0.946
96,0,0,0,0,4,1.200,0.932
97,0,0,0,0,4,1.000,0.931
98,0,4,0,0,4,2.067,2.000
99,0,4,4,0,4,2.200,1.997
100,0,0,4,0,4,1.933,2.001
101,0,4,0,0,4,1.867,2.002
102,0,0,4,0,4,1.933,2.000
103,0,0,0,0,4,2.333,1.998
104,0,4,0,0,4,1.733,2.001
105,4,0,4,0,4,1.867,2.007
106,0,0,0,0,4,1.867,2.002
107,0,0,0,0,4,1.667,2.001
108,4,4,0,0,4,2.267,1.998
109,4,0,4,0,4,1.867,1.998
110,0,4,0,0,4,2.267,2.007
111,4,4,4,0,4,2.200,1.999
112,0,4,4,0,4,1.800,2.006
113,0,4,4,0,4,2.000,1.995
114,0,0,4,0,4,2.067,2.002
115,4,0,0,0,4,1.800,1.991
116,4,0,0,0,4,2.333,1.998
117,0,4,0,0,4,1.933,2.005
118,4,0,4,0,4,2.400,1.999
119,0,4,0,0,4,1.667,1.999
120,0,4,4,0,4,1.800,1.991
121,4,4,4,0,4,1.867,2.001
122,0,4,4,0,4,2.133,1.998
123,0,4,4,0,4,1.867,2.000
124,0,0,4,0,4,2.267,2.008
125,4,4,0,0,4,2.000,2.000
126,0,4,4,0,4,1.867,2.004
127,4,4,4,0,4,1.733,1.999
128,4,0,4,0,4,2.133,2.001
129,4,0,0,0,4,1.733,1.997
130,4,0,0,0,4,2.733,2.004
131,0,4,0,0,4,2.200,1.993
132,0,0,4,0,4,1.467,2.005
133,0,4,0,0,4,1.867,2.005
134,4,0,4,0,4,2.000,1.993
135,0,0,0,0,4,1.600,2.003
136,4,4,0,0,4,1.933,1.997
137,4,4,4,0,4,1.933,2.002
138,4,4,4,0,4,2.000,2.001
139,4,0,4,0,4,2.400,2.000
140,4,4,0,0,4,1.800,1.996
141,0,0,4,0,4,2.067,1.989
142,4,4,0,0,4,1.933,1.997
143,4,4,4,0,4,2.667,1.996
144,4,4,4,0,4,3.000,3.000
145,0,4,4,0,4,3.333,3.003
146,4,0,0,0,4,3.067,3.001
147,4,4,4,0,4,2.667,2.999
148,4,0,4,0,4,3.333,2.995
149,0,4,4,0,4,2.867,3.005
150,4,4,4,0,4,3.200,2.993
151,0,0,4,0,4,2.733,2.997
152,4,4,0,0,4,3.000,2.995
153,4,0,4,0,4,2.733,3.006
154,4,4,4,0,4,2.933,3.002
155,4,0,4,0,4,3.333,3.003
156,0,4,0,0,4,2.867,3.002
157,4,0,4,0,4,3.133,2.994
158,0,4,0,0,4,3.000,2.997
159,4,4,4,0,4,2.933,2.994
160,4,4,0,0,4,2.800,3.005
161,0,0,4,0,4,3.000,3.007
162,4,0,0,0,4,3.000,2.998
163,0,4,0,0,4,2.733,3.000
164,4,0,4,0,4,3.400,2.995
165,0,4,4,0,4,3.400,2.999
166,4,0,4,0,4,3.200,3.004
167,0,4,0,0,4,2.800,3.006
168,4,4,4,0,4,3.200,3.002
169,4,0,4,0,4,2.800,3.003
170,4,0,4,0,4,2.533,3.006
171,0,0,4,0,4,2.733,3.001
172,0,4,0,0,4,2.867,2.998
173,4,4,0,0,4,2.667,2.996
174,0,4,4,0,4,2.467,3.005
175,4,4,4,0,4,2.867,2.995
176,0,4,0,0,4,2.867,2.999
177,4,0,4,0,4,3.000,3.013
178,4,0,0,0,4,2.600,2.994
179,0,0,0,0,4,2.600,2.998
180,0,4,4,0,4,3.000,3.007
181,0,4,0,0,4,2.667,2.997
182,4,0,4,0,4,3.200,2.995
183,4,4,0,0,4,3.067,3.003
184,4,4,4,0,4,2.733,2.997
185,4,0,4,0,4,2.867,2.995
186,4,4,4,4,4,4.000,3.938
187,4,4,4,4,4,4.000,3.937
188,4,4,4,4,4,4.000,3.938
189,4,4,4,0,4,3.867,3.937
190,4,4,4,0,4,3.933,3.937
191,4,4,4,4,4,4.000,3.938
192,4,4,4,0,4,3.867,3.937
193,4,4,4,4,4,4.000,3.939
194,4,4,4,0,4,3.933,3.936
195,4,4,4,4,4,4.000,3.938
196,4,4,4,0,4,3.867,3.936
197,4,4,4,0,4,3.933,3.937
198,4,4,4,0,4,3.933,3.937
199,4,4,4,0,4,3.933,3.940
200,4,4,4,4,4,4.000,3.939
201,4,4,4,0,4,3.933,3.936
202,4,4,4,0,4,3.933,3.938
203,4,4,4,0,4,3.933,3.937
204,4,4,4,0,4,3.867,3.936
205,4,4,4,0,4,3.933,3.938
206,4,4,4,0,4,3.933,3.938
207,4,4,4,0,4,3.933,3.934
208,4,4,4,0,4,3.867,3.937
209,4,4,4,0,4,3.933,3.938
210,4,4,4,4,4,4.000,3.937
211,4,4,4,0,4,3.933,3.936
212,4,4,4,4,4,4.000,3.936
213,4,4,4,4,4,4.000,3.939
214,4,4,4,4,4,4.000,3.939
215,4,4,4,0,4,3.933,3.936
216,4,4,4,0,4,3.867,3.940
217,4,4,4,4,4,4.000,3.939
218,4,4,4,0,4,3.933,3.939
219,4,4,4,4,4,4.000,3.939
220,4,4,4,4,4,4.000,3.939
221,4,4,4,4,4,4.000,3.936
222,4,4,4,0,4,3.800,3.939
223,4,4,4,0,4,3.867,3.937
224,4,4,4,4,4,4.000,3.936
225,4,4,4,4,4,4.000,3.940
226,8,8,4,4,8,5.067,5.002
227,4,4,8,4,8,5.067,4.998
228,4,4,4,4,8,4.800,5.003
229,4,8,8,4,8,5.067,5.000
230,4,4,4,4,8,5.267,5.006
231,4,4,8,4,8,5.200,4.995
232,8,4,4,4,8,5.267,4.988
233,4,8,4,4,8,4.933,5.004
234,8,4,8,4,8,5.467,4.991
235,4,8,4,4,8,4.933,5.005
236,8,8,4,4,8,5.133,5.004
237,4,4,8,4,8,5.200,4.997
238,4,4,4,4,8,5.133,5.001
239,8,4,4,4,8,4.867,4.997
240,4,8,4,4,8,5.000,4.995
241,4,4,4,4,8,5.200,4.996
242,4,4,8,4,8,5.400,5.013
243,8,4,4,4,8,4.933,5.012
244,4,4,4,4,8,5.067,4.991
245,8,4,8,4,8,4.867,5.001
246,8,4,4,4,8,4.800,5.001
247,4,4,4,4,8,4.867,4.994
248,4,8,4,4,8,5.200,5.006
249,4,4,4,4,8,5.200,5.010
250,8,4,4,4,8,5.200,5.001
251,4,8,4,4,8,5.333,4.993
252,4,4,8,4,8,4.800,5.000
253,4,4,4,4,8,4.933,5.002
254,4,4,4,4,8,5.067,5.006
255,4,4,4,4,8,5.000,5.002
256,4,4,4,4,8,4.867,5.000
257,4,8,8,4,8,4.933,5.002
258,8,4,8,4,8,5.267,5.005
259,4,4,4,4,8,5.133,4.992
260,4,4,4,4,8,4.933,4.999
261,8,4,8,4,8,5.133,5.006
262,4,4,4,4,8,4.733,4.996
263,4,4,4,4,8,4.867,4.998
264,4,4,4,4,8,5.800,5.996
265,8,4,4,4,8,6.200,5.992
266,4,8,4,4,8,6.400,6.002
267,8,8,8,4,8,6.000,6.001
268,8,4,8,4,8,5.867,5.987
269,4,4,4,4,8,5.800,6.004
270,4,4,4,4,8,5.800,5.999
271,4,4,4,4,8,5.667,6.005
272,4,8,4,4,8,5.933,5.996
273,8,8,8,4,8,6.000,6.001
274,8,8,8,4,8,5.667,5.994
275,4,4,8,4,8,6.067,6.000
276,8,8,4,4,8,6.267,5.995
277,8,8,8,4,8,5.733,6.006
278,4,4,8,4,8,6.000,6.008
279,4,8,4,4,8,5.867,6.009
280,4,8,8,4,8,5.400,6.000
281,4,4,8,4,8,6.467,6.008
282,4,8,4,4,8,6.200,6.007
283,8,8,8,4,8,5.867,6.011
284,8,8,8,4,8,6.133,5.989
285,4,4,8,4,8,6.000,5.993
286,4,4,4,4,8,5.867,5.999
287,4,4,4,4,8,5.867,6.001
288,4,8,4,4,8,6.000,5.999
289,8,8,8,4,8,6.333,5.994
290,8,8,8,4,8,6.000,5.998
291,8,4,8,4,8,5.800,5.989
292,4,8,4,4,8,5.933,5.998
293,8,4,8,4,8,5.800,5.986
294,8,8,4,4,8,5.867,5.998
295,4,4,8,4,8,5.733,5.991
296,8,8,4,4,8,6.200,6.000
297,8,4,8,4,8,5.933,6.001
298,4,4,4,4,8,6.133,5.994
299,8,8,4,4,8,6.133,6.004
300,8,4,8,4,8,6.333,5.991
301,8,8,4,4,8,6.200,6.001
302,8,4,8,4,8,6.400,6.994
303,4,8,4,4,8,7.000,6.996
304,8,4,8,4,8,6.933,7.002
305,8,4,8,4,8,7.133,6.996
306,8,8,4,4,8,7.200,7.003
307,8,8,8,4,8,7.333,6.999
308,4,8,8,4,8,7.067,7.003
309,8,4,8,4,8,6.467,7.002
310,4,8,8,4,8,7.000,7.008
311,8,4,8,4,8,6.933,7.003
312,4,8,8,4,8,7.067,6.992
313,8,8,8,4,8,7.200,7.001
314,4,8,8,4,8,7.400,7.004
315,4,8,4,4,8,6.800,6.993
316,8,4,8,4,8,7.067,7.001
317,8,8,8,4,8,6.733,7.007
318,8,8,8,4,8,7.267,6.991
319,4,8,8,4,8,7.267,6.995
320,8,8,8,4,8,6.933,7.006
321,4,8,8,4,8,7.267,6.993
322,8,8,8,4,8,6.733,6.985
323,8,4,8,4,8,7.467,7.006
324,8,8,8,4,8,6.867,7.001
325,8,8,4,4,8,6.667,6.992
326,4,4,4,4,8,7.067,6.996
327,8,8,8,4,8,6.933,7.001
328,8,8,4,4,8,7.333,6.995
329,8,8,8,4,8,7.267,6.989
330,8,4,4,4,8,6.867,7.002
331,8,8,8,4,8,6.667,7.004
332,8,4,8,4,8,7.067,6.989
333,4,8,4,4,8,6.667,7.002
334,8,4,8,4,8,6.933,7.003
335,8,8,8,4,8,7.267,7.002
336,4,8,8,4,8,7.200,7.003
337,8,8,8,4,8,6.933,7.002
338,8,8,8,8,8,8.000,7.938
339,8,8,8,4,8,7.867,7.938
340,8,8,8,4,8,7.800,7.939
341,8,8,8,4,8,7.933,7.938
342,8,8,8,4,8,7.933,7.936
343,8,8,8,4,8,7.867,7.938
344,8,8,8,8,8,8.000,7.937
345,8,8,8,4,8,7.867,7.937
346,8,8,8,4,8,7.933,7.935
347,8,8,8,4,8,7.933,7.937
348,8,8,8,4,8,7.867,7.938
349,8,8,8,8,8,8.000,7.936
350,8,8,8,4,8,7.933,7.937
351,8,8,8,4,8,7.933,7.939
352,8,8,8,4,8,7.867,7.940
353,8,8,8,8,8,8.000,7.936
354,8,8,8,8,8,8.000,7.937
355,8,8,8,4,8,7.867,7.938
356,8,8,8,4,8,7.933,7.938
357,8,8,8,8,8,8.000,7.936
358,8,8,8,4,8,7.933,7.937
359,8,8,8,8,8,8.000,7.938
360,8,8,8,4,8,7.800,7.937
361,8,8,8,8,8,8.000,7.939
362,8,8,4,4,8,7.867,7.937
363,8,8,8,4,8,7.933,7.937
364,8,8,8,4,8,7.867,7.936
365,8,8,8,4,8,7.933,7.936
366,8,8,8,4,8,7.867,7.940
367,8,8,8,8,8,8.000,7.938
368,8,8,8,8,8,8.000,7.935
369,8,8,8,4,8,7.933,7.937
370,8,8,8,8,8,8.000,7.936
371,8,8,8,4,8,7.933,7.937
372,8,8,8,8,8,8.000,7.940
373,8,8,8,4,8,7.933,7.938
374,8,8,8,8,8,8.000,7.938
375,8,8,12,8,12,9.267,8.997
376,8,12,8,8,12,9.000,8.999
377,8,8,12,8,12,9.067,8.999
378,8,12,12,8,12,9.333,8.991
379,12,8,12,8,12,8.800,9.000
380,8,8,12,8,12,8.667,9.001
381,8,8,8,8,12,9.133,8.999
382,8,8,8,8,12,9.200,8.994
383,8,8,8,8,12,9.200,9.002
384,8,12,8,8,12,9.200,9.004
385,8,8,12,8,12,8.533,8.998
386,12,12,8,8,12,8.533,8.994
387,8,8,8,8,12,8.933,9.001
388,12,8,8,8,12,9.067,8.999
389,8,8,8,8,12,8.667,9.002
390,8,8,8,8,12,8.933,8.996
391,8,12,8,8,12,8.933,8.996
392,8,8,8,8,12,9.067,9.000
393,8,12,8,8,12,8.800,9.001
394,12,8,12,8,12,8.800,8.993
395,8,12,8,8,12,9.000,9.000
396,12,8,8,8,12,9.000,8.996
397,8,8,8,8,12,8.467,8.995
398,8,8,8,8,12,8.933,8.998
399,8,12,8,8,12,9.200,9.001
400,8,12,8,8,12,8.867,8.998
401,12,8,8,8,12,8.933,9.001
402,8,8,12,8,12,9.000,9.001
403,12,8,8,8,12,9.067,9.000
404,8,8,8,8,12,8.733,9.001
405,12,8,8,8,12,8.933,8.988
406,8,12,12,8,12,9.333,9.004
407,8,8,12,8,12,8.867,8.993
408,8,12,8,8,12,9.000,9.000
409,12,8,8,8,12,9.067,9.001
410,12,8,8,8,12,9.000,8.996
411,8,12,12,8,12,9.933,9.997
412,12,8,12,8,12,9.933,10.000
413,8,8,8,8,12,10.200,9.999
414,8,8,8,8,12,10.067,9.994
415,8,12,8,8,12,9.933,9.995
416,12,8,12,8,12,10.200,10.012
417,12,12,8,8,12,10.267,9.997
418,12,8,12,8,12,10.000,10.000
419,8,8,8,8,12,10.133,9.999
420,8,8,8,8,12,9.933,10.002
421,8,8,8,8,12,10.467,9.997
422,12,12,8,8,12,10.067,9.997
423,12,8,12,8,12,10.267,10.001
424,8,8,8,8,12,10.267,10.003
425,12,12,8,8,12,10.267,9.993
426,8,12,12,8,12,9.600,10.008
427,12,8,12,8,12,9.867,10.004
428,12,8,8,8,12,9.600,10.003
429,8,8,8,8,12,10.400,9.995
430,8,8,8,8,12,10.067,9.993
431,8,12,8,8,12,9.933,9.999
432,12,8,12,8,12,9.467,9.994
433,8,12,8,8,12,10.200,9.986
434,12,8,12,8,12,9.733,10.006
435,8,8,8,8,12,9.867,10.007
436,8,12,8,8,12,10.000,10.001
437,8,8,12,8,12,10.400,10.008
438,8,12,8,8,12,10.600,10.004
439,12,8,12,8,12,10.467,9.999
440,8,8,8,8,12,10.333,10.007
441,8,12,8,8,12,9.667,10.007
442,12,8,12,8,12,9.867,10.002
443,12,12,8,8,12,9.733,9.995
444,8,12,12,8,12,9.600,9.996
445,8,8,12,8,12,10.067,9.997
446,12,12,8,8,12,11.333,10.938
447,8,12,12,8,12,11.000,10.945
448,12,12,12,8,12,10.400,10.938
449,8,12,8,8,12,10.800,10.945
450,12,12,12,8,12,10.800,10.927
451,12,12,8,8,12,10.400,10.938
452,8,8,8,8,12,10.867,10.933
453,12,12,12,8,12,10.733,10.942
454,12,12,12,8,12,10.867,10.934
455,12,12,8,8,12,10.933,10.934
456,12,12,12,8,12,11.067,10.939
457,12,8,12,8,12,10.600,10.937
458,12,8,8,8,12,10.600,10.939
459,12,8,12,8,12,10.800,10.934
460,12,12,8,8,12,10.800,10.940
461,12,12,12,8,12,10.933,10.943
462,8,12,12,8,12,11.133,10.938
463,12,12,8,8,12,10.933,10.941
464,12,8,12,8,12,10.600,10.934
465,12,12,8,8,12,11.133,10.938
466,12,12,12,8,12,11.067,10.939
467,8,12,12,8,12,11.000,10.944
468,8,12,12,8,12,10.933,10.937
469,8,8,12,8,12,10.933,10.938
470,12,12,8,8,12,10.667,10.932
471,8,12,12,8,12,10.667,10.938
472,12,12,12,8,12,11.067,10.943
473,12,12,12,8,12,11.067,10.933
474,8,12,12,8,12,11.000,10.929
475,12,12,12,8,12,10.600,10.939
476,12,12,12,8,12,10.867,10.930
477,12,12,12,8,12,10.867,10.934
478,12,12,12,8,12,10.933,10.938
479,8,12,8,8,12,10.733,10.944
480,12,8,8,8,12,11.067,10.937
481,12,8,12,8,12,11.133,10.927
482,12,12,12,8,12,11.933,11.938
483,12,12,12,12,12,12.000,11.938
484,12,12,12,8,12,11.867,11.937
485,12,12,12,8,12,11.933,11.936
486,12,12,12,8,12,11.933,11.941
487,12,12,12,12,12,12.000,11.936
488,12,12,12,8,12,11.867,11.937
489,12,12,12,8,12,11.933,11.936
490,12,12,12,8,12,11.933,11.938
491,12,12,12,8,12,11.933,11.936
492,12,12,12,8,12,11.933,11.939
493,12,12,12,12,12,12.000,11.937
494,12,12,12,12,12,12.000,11.938
495,12,12,12,12,12,12.000,11.937
496,12,8,12,8,12,11.867,11.938
497,12,12,12,12,12,12.000,11.937
498,12,12,12,12,12,12.000,11.941
499,12,12,12,8,12,11.933,11.939
500,12,12,12,8,12,11.933,11.940
501,12,12,12,8,12,11.867,11.938
502,12,12,12,8,12,11.933,11.938
503,12,12,12,12,12,12.000,11.939
504,12,12,12,8,12,11.933,11.939
505,12,12,12,12,12,12.000,11.936
506,12,12,12,8,12,11.933,11.939
507,12,12,12,12,12,12.000,11.937
508,12,12,12,8,12,11.933,11.936
509,12,12,12,8,12,11.933,11.938
510,12,12,12,8,12,11.867,11.938
511,12,12,12,8,12,11.933,11.939
512,12,12,12,8,12,11.933,11.938
513,12,12,12,12,12,12.000,11.937
514,12,12,12,8,12,11.933,11.935
515,12,12,12,8,12,11.867,11.937
516,12,12,12,8,12,11.867,11.937
517,12,12,12,12,16,12.933,12.933
518,12,12,12,12,16,12.800,12.940
519,12,12,12,12,16,13.067,12.940
520,12,12,12,12,16,12.933,12.939
521,12,12,12,12,16,12.733,12.936
522,12,12,12,12,16,13.267,12.942
523,12,12,12,12,16,12.800,12.938
524,12,12,12,12,16,13.067,12.931
525,12,12,12,12,16,12.733,12.937
526,12,16,12,12,16,13.267,12.939
527,12,12,12,12,16,12.933,12.939
528,12,12,12,12,16,12.600,12.938
529,12,16,12,12,16,13.133,12.941
530,12,12,12,12,16,12.800,12.938
531,12,12,12,12,16,13.133,12.934
532,12,12,12,12,16,12.867,12.936
533,12,12,12,12,16,12.800,12.932
534,12,16,12,12,16,13.333,12.937
535,12,12,12,12,16,12.667,12.937
536,16,16,12,12,16,12.933,12.940
537,12,16,16,12,16,13.267,12.936
538,12,12,12,12,16,13.000,12.933
539,16,12,12,12,16,12.600,12.936
540,12,12,12,12,16,12.933,12.940
541,12,12,12,12,16,13.000,12.943
542,12,12,12,12,16,12.800,12.926
543,12,12,12,12,16,12.800,12.937
544,16,16,12,12,16,13.200,12.933
545,12,12,16,12,16,13.200,12.938
546,16,16,12,12,16,13.000,12.937
547,16,12,16,12,16,12.600,12.938
548,12,12,12,12,16,13.133,12.943
549,16,16,12,12,16,13.067,12.932
550,12,12,16,12,16,12.733,12.938
551,12,16,12,12,16,13.200,12.928
552,12,12,16,12,16,14.133,13.942
553,16,16,12,12,16,14.000,13.941
554,16,12,16,12,16,13.733,13.934
555,12,16,12,12,16,13.933,13.936
556,16,16,16,12,16,14.133,13.940
557,16,12,16,12,16,13.267,13.945
558,12,12,12,12,16,13.867,13.944
559,16,16,12,12,16,14.400,13.938
560,12,12,16,12,16,14.600,13.943
561,16,12,12,12,16,14.067,13.937
562,12,12,12,12,16,13.800,13.935
563,16,16,12,12,16,13.867,13.934
564,12,12,16,12,16,13.600,13.940
565,16,12,12,12,16,13.600,13.933
566,16,16,12,12,16,13.867,13.939
567,12,12,16,12,16,14.200,13.939
568,16,16,12,12,16,13.667,13.935
569,12,16,16,12,16,14.133,13.949
570,16,12,16,12,16,13.933,13.945
571,12,12,12,12,16,13.867,13.947
572,16,12,12,12,16,14.267,13.943
573,16,12,12,12,16,14.000,13.942
574,12,16,12,12,16,13.867,13.949
575,12,12,16,12,16,13.600,13.940
576,16,12,12,12,16,13.867,13.945
577,12,12,12,12,16,13.667,13.935
578,12,12,12,12,16,14.333,13.943
579,12,16,12,12,16,14.133,13.937
580,16,12,12,12,16,14.000,13.943
581,12,12,12,12,16,13.533,13.928
582,12,16,12,12,16,14.133,13.930
583,16,12,16,12,16,13.467,13.936
584,12,16,12,12,16,14.267,13.934
585,16,12,16,12,16,13.867,13.937
586,16,12,16,12,16,13.867,13.944
587,12,12,12,12,16,13.800,13.943
588,12,12,12,12,16,14.867,14.939
589,12,16,12,12,16,15.133,14.933
590,12,12,16,12,16,14.933,14.937
591,16,12,16,12,16,14.733,14.940
592,16,16,12,12,16,15.200,14.941
593,12,12,16,12,16,15.333,14.942
594,16,12,16,12,16,15.200,14.937
595,16,16,12,12,16,15.133,14.946
596,16,16,16,12,16,14.867,14.935
597,12,12,16,12,16,15.000,14.943
598,12,16,12,12,16,14.800,14.946
599,16,16,16,12,16,15.333,14.931
600,12,16,12,12,16,15.000,14.940
601,16,12,16,12,16,15.333,14.938
602,16,16,16,12,16,15.333,14.933
603,12,16,16,12,16,15.000,14.943
604,12,16,16,12,16,15.000,14.942
605,16,12,16,12,16,14.800,14.943
606,16,12,12,12,16,15.200,14.932
607,12,16,16,12,16,15.067,14.931
608,16,12,12,12,16,14.667,14.939
609,16,16,12,12,16,14.533,14.939
610,12,16,16,12,16,15.467,14.943
611,12,16,12,12,16,15.000,14.932
612,16,16,16,12,16,14.933,14.942
613,16,12,16,12,16,14.867,14.934
614,16,16,12,12,16,15.067,14.933
615,16,16,16,12,16,15.067,14.935
616,12,16,16,12,16,14.733,14.937
617,16,12,16,12,16,15.000,14.937
618,12,16,12,12,16,14.667,14.926
619,16,16,12,12,16,14.867,14.940
620,16,16,16,12,16,14.800,14.932
621,16,16,16,12,16,15.067,14.931
622,16,16,16,16,16,16.000,15.938
623,16,16,16,12,16,15.867,15.936
624,16,16,16,12,16,15.933,15.938
625,16,16,16,12,16,15.867,15.937
626,16,16,16,12,16,15.867,15.940
627,16,16,16,16,16,16.000,15.938
628,16,16,16,16,16,16.000,15.938
629,16,16,16,12,16,15.800,15.939
630,16,16,16,16,16,16.000,15.938
631,16,16,16,12,16,15.933,15.937
632,16,16,16,12,16,15.933,15.936
633,16,16,16,12,16,15.867,15.933
634,16,16,16,16,16,16.000,15.937
635,16,16,16,12,16,15.933,15.938
636,16,16,16,16,16,16.000,15.936
637,16,16,16,12,16,15.867,15.936
638,16,16,16,16,16,16.000,15.937
639,16,16,16,16,16,16.000,15.937
640,16,16,16,16,16,16.000,15.938
641,16,16,16,16,16,16.000,15.935
642,16,16,16,12,16,15.933,15.938
643,16,16,16,12,16,15.933,15.937
644,16,16,16,12,16,15.933,15.937
645,12,16,16,12,16,15.933,15.939
646,16,16,16,16,16,16.000,15.936
647,16,16,16,12,16,15.933,15.938
648,16,16,16,12,16,15.933,15.937
649,16,16,16,12,16,15.933,15.937
650,16,16,16,12,16,15.867,15.940
651,16,16,16,12,16,15.933,15.935
652,16,16,16,16,16,16.000,15.937
653,16,16,16,16,16,16.000,15.937
654,16,16,16,12,16,15.933,15.937
655,16,16,16,16,16,16.000,15.937
656,16,16,16,16,16,16.000,15.936
657,16,16,16,16,20,17.133,17.007
658,16,16,16,16,20,17.133,17.000
659,16,16,16,16,20,17.133,17.002
660,16,20,16,16,20,16.933,17.004
661,20,16,16,16,20,16.867,16.999
662,20,16,20,16,20,17.000,16.996
663,20,16,16,16,20,17.000,17.003
664,16,16,20,16,20,17.333,16.999
665,16,16,16,16,20,16.933,17.003
666,16,16,16,16,20,16.800,16.999
667,16,20,20,16,20,16.800,17.002
668,16,20,16,16,20,17.000,16.995
669,16,16,16,16,20,16.867,16.989
670,20,20,16,16,20,16.933,16.999
671,16,16,16,16,20,17.200,17.001
672,16,20,20,16,20,17.133,16.994
673,16,16,20,16,20,16.533,16.998
674,16,16,16,16,20,17.400,16.995
675,16,20,16,16,20,17.267,16.988
676,16,16,20,16,20,17.000,16.998
677,20,20,16,16,20,17.000,17.003
678,20,16,16,16,20,17.000,17.004
679,16,16,16,16,20,16.867,17.006
680,20,16,16,16,20,16.733,17.001
681,16,16,16,16,20,17.000,17.000
682,20,20,16,16,20,16.933,16.996
683,16,16,16,16,20,17.067,16.998
684,16,20,16,16,20,17.333,17.003
685,20,16,16,16,20,17.000,17.000
686,16,16,16,16,20,16.867,16.997
687,20,16,16,16,20,16.733,16.998
688,16,16,16,16,20,16.533,17.009
689,16,20,16,16,20,16.867,16.998
690,16,20,16,16,20,17.333,16.998
691,16,20,20,16,20,17.467,17.002
692,20,16,20,16,20,17.800,17.940
693,16,16,16,16,20,17.333,17.947
694,20,20,16,16,20,17.667,17.937
695,16,20,20,16,20,17.800,17.935
696,16,20,20,16,20,17.867,17.948
697,16,16,20,16,20,18.133,17.938
698,16,20,16,16,20,18.000,17.932
699,20,20,20,16,20,18.200,17.945
700,20,20,20,16,20,17.867,17.940
701,20,16,20,16,20,18.267,17.928
702,20,20,16,16,20,18.333,17.934
703,16,20,20,16,20,18.000,17.944
704,16,20,20,16,20,18.200,17.937
705,16,16,20,16,20,17.867,17.930
706,20,16,16,16,20,17.933,17.938
707,20,20,16,16,20,18.067,17.939
708,20,16,20,16,20,17.933,17.932
709,16,16,16,16,20,18.067,17.928
710,16,20,16,16,20,18.000,17.939
711,20,16,20,16,20,17.867,17.942
712,20,20,16,16,20,17.733,17.939
713,20,16,20,16,20,18.000,17.935
714,16,16,16,16,20,17.867,17.940
715,20,20,16,16,20,17.800,17.939
716,20,20,20,16,20,18.333,17.939
717,20,16,20,16,20,17.600,17.940
718,16,20,16,16,20,18.200,17.944
719,20,16,20,16,20,18.267,17.938
720,20,20,16,16,20,18.333,17.933
721,20,20,20,16,20,18.200,17.936
722,16,16,20,16,20,18.333,17.949
723,16,20,16,16,20,18.267,17.935
724,20,20,20,16,20,18.333,17.940
725,16,16,16,16,20,17.867,17.936
726,20,20,20,16,20,19.400,18.937
727,20,20,20,16,20,19.133,18.935
728,20,20,20,16,20,19.000,18.939
729,20,16,20,16,20,19.333,18.942
730,20,20,20,16,20,18.933,18.934
731,20,20,20,16,20,19.000,18.940
732,20,16,20,16,20,19.133,18.938
733,20,20,16,16,20,19.133,18.938
734,20,20,16,16,20,19.200,18.941
735,20,20,20,16,20,19.133,18.936
736,20,16,20,16,20,19.000,18.937
737,20,16,16,16,20,18.867,18.942
738,20,20,20,16,20,19.267,18.944
739,16,16,20,16,20,18.867,18.942
740,20,20,20,16,20,18.867,18.943
741,20,20,20,16,20,19.200,18.939
742,16,20,20,16,20,18.800,18.937
743,20,20,20,16,20,18.733,18.943
744,20,16,20,16,20,18.867,18.934
745,20,20,16,16,20,19.533,18.934
746,16,16,20,16,20,18.867,18.944
747,16,20,16,16,20,19.000,18.936
748,20,20,20,16,20,19.133,18.936
749,16,20,20,16,20,18.800,18.934
750,20,20,20,16,20,18.267,18.941
751,20,16,20,16,20,19.200,18.931
752,20,20,20,16,20,19.200,18.948
753,20,16,20,16,20,18.800,18.939
754,16,16,20,16,20,19.000,18.940
755,20,20,20,16,20,19.333,18.936
756,16,20,20,16,20,18.800,18.932
757,20,20,20,16,20,18.733,18.931
758,20,20,16,16,20,18.933,18.932
759,20,20,20,16,20,18.867,18.950
760,20,16,20,16,20,19.000,18.949
761,20,20,20,16,20,19.933,19.936
762,20,20,20,16,20,19.867,19.938
763,20,20,20,16,20,19.867,19.936
764,20,20,20,16,20,19.867,19.938
765,20,20,20,16,20,19.933,19.937
766,20,20,20,20,20,20.000,19.936
767,20,20,20,16,20,19.867,19.937
768,20,20,20,16,20,19.867,19.939
769,20,20,20,16,20,19.933,19.937
770,16,20,20,16,20,19.933,19.936
771,20,20,20,16,20,19.867,19.940
772,20,20,20,16,20,19.867,19.938
773,20,20,20,20,20,20.000,19.938
774,20,20,20,16,20,19.933,19.937
775,20,20,20,20,20,20.000,19.937
776,20,20,20,16,20,19.800,19.937
777,20,20,20,16,20,19.933,19.937
778,20,20,20,16,20,19.867,19.938
779,20,20,20,16,20,19.933,19.935
780,20,20,20,16,20,19.933,19.937
781,20,20,20,16,20,19.933,19.936
782,20,20,20,20,20,20.000,19.939
783,20,20,20,20,20,20.000,19.935
784,20,20,20,16,20,19.933,19.937
785,20,20,20,16,20,19.867,19.937
786,20,20,20,20,20,20.000,19.939
787,20,20,20,20,20,20.000,19.936
788,20,20,20,16,20,19.867,19.936
789,20,20,20,20,20,20.000,19.936
790,20,20,20,20,20,20.000,19.939
791,20,20,20,16,20,19.867,19.935
792,20,20,16,20,20,20.000,19.939
793,20,20,20,20,20,20.000,19.936
794,20,20,20,16,20,19.933,19.936
795,20,20,20,20,20,20.000,19.937
796,20,20,20,20,24,21.200,20.947
797,20,20,20,20,24,21.000,20.936
798,24,20,20,20,24,21.067,20.940
799,20,20,24,20,24,21.067,20.934
800,20,20,20,20,24,21.133,20.931
801,20,20,24,20,24,21.067,20.940
802,20,24,20,20,24,21.267,20.943
803,20,20,24,20,24,20.800,20.936
804,20,20,20,20,24,21.133,20.941
805,24,20,24,20,24,21.067,20.929
806,20,24,20,20,24,21.133,20.933
807,20,24,24,20,24,20.600,20.948
808,20,20,20,20,24,20.667,20.945
809,20,20,24,20,24,21.133,20.937
810,20,24,20,20,24,21.333,20.934
811,20,24,20,20,24,20.733,20.934
812,24,20,20,20,24,21.000,20.936
813,20,20,20,20,24,21.000,20.929
814,20,24,20,20,24,20.733,20.950
815,20,20,20,20,24,20.667,20.941
816,24,20,20,20,24,20.867,20.931
817,24,20,20,20,24,21.200,20.934
818,20,24,20,20,24,20.533,20.937
819,20,20,20,20,24,21.333,20.936
820,24,20,20,20,24,20.800,20.932
821,24,24,20,20,24,21.333,20.934
822,20,20,20,20,24,20.933,20.942
823,20,20,24,20,24,20.933,20.929
824,24,20,20,20,24,21.133,20.933
825,20,20,20,20,24,20.933,20.942
826,20,20,20,20,24,21.000,20.931
827,20,20,20,20,24,20.800,20.937
828,24,20,20,20,24,21.200,20.933
829,20,20,20,20,24,20.867,20.937
830,20,20,20,20,24,21.067,20.943
831,24,24,24,20,24,21.267,21.939
832,20,24,24,20,24,21.733,21.940
833,20,20,24,20,24,22.267,21.932
834,20,20,20,20,24,21.600,21.939
835,24,24,20,20,24,22.067,21.929
836,20,24,24,20,24,22.333,21.937
837,20,20,24,20,24,21.667,21.933
838,24,24,20,20,24,22.000,21.950
839,20,24,24,20,24,22.267,21.933
840,20,24,24,20,24,22.000,21.943
841,24,20,24,20,24,21.533,21.939
842,20,20,24,20,24,21.533,21.937
843,20,20,20,20,24,22.000,21.937
844,20,24,20,20,24,21.867,21.940
845,20,20,20,20,24,21.867,21.941
846,20,20,20,20,24,21.733,21.937
847,20,24,20,20,24,22.067,21.943
848,24,24,24,20,24,21.600,21.936
849,24,24,24,20,24,21.933,21.938
850,20,24,24,20,24,22.133,21.930
851,20,24,24,20,24,22.400,21.928
852,24,24,24,20,24,21.800,21.932
853,24,24,24,20,24,21.933,21.935
854,20,24,24,20,24,22.267,21.932
855,24,20,24,20,24,21.467,21.944
856,24,20,20,20,24,22.000,21.931
857,24,24,20,20,24,22.333,21.937
858,24,20,24,20,24,21.667,21.942
859,20,20,20,20,24,21.867,21.937
860,20,24,20,20,24,22.000,21.938
861,24,24,24,20,24,22.333,21.941
862,20,24,20,20,24,21.533,21.947
863,20,24,24,20,24,22.133,21.938
864,24,20,24,20,24,21.933,21.940
865,24,24,20,20,24,22.800,22.940
866,24,20,24,20,24,22.867,22.934
867,24,24,24,20,24,23.200,22.930
868,24,24,24,20,24,23.400,22.946
869,24,24,24,20,24,22.867,22.938
870,24,24,24,20,24,23.333,22.940
871,24,20,20,20,24,22.867,22.940
872,24,24,24,20,24,23.133,22.943
873,24,20,20,20,24,23.400,22.937
874,24,24,20,20,24,23.067,22.933
875,24,24,24,20,24,23.000,22.931
876,20,24,24,20,24,22.600,22.934
877,24,20,24,20,24,22.867,22.942
878,24,20,24,20,24,22.867,22.930
879,24,24,24,20,24,23.000,22.946
880,24,24,24,20,24,23.267,22.935
881,20,24,24,20,24,22.667,22.935
882,24,24,24,20,24,22.800,22.933
883,20,24,24,20,24,23.133,22.935
884,24,24,20,20,24,22.933,22.939
885,24,20,24,20,24,22.333,22.935
886,24,24,20,20,24,22.933,22.940
887,20,24,20,20,24,23.267,22.930
888,20,24,24,20,24,22.867,22.938
889,24,24,24,20,24,23.200,22.940
890,24,24,24,20,24,22.933,22.946
891,24,24,24,20,24,22.800,22.942
892,24,20,20,20,24,22.800,22.939
893,24,20,24,20,24,22.667,22.939
894,24,24,20,20,24,23.533,22.935
895,20,24,24,20,24,22.933,22.935
896,24,24,24,20,24,23.133,22.939
897,24,24,24,20,24,22.533,22.947
898,24,24,24,20,24,22.800,22.937
899,24,24,24,20,24,22.933,22.941
900,24,20,24,20,24,22.667,22.944
901,24,24,24,20,24,23.933,23.937
902,24,24,24,20,24,23.933,23.939
903,24,24,24,20,24,23.867,23.937
904,24,24,24,24,24,24.000,23.937
905,24,24,24,24,24,24.000,23.935
906,24,24,24,24,24,24.000,23.937
907,24,24,24,24,24,24.000,23.938
908,24,24,24,24,24,24.000,23.936
909,24,24,24,20,24,23.933,23.937
910,24,24,24,20,24,23.933,23.937
911,24,24,24,20,24,23.867,23.937
912,24,24,24,24,24,24.000,23.937
913,24,24,24,20,24,23.867,23.936
914,24,24,24,20,24,23.933,23.938
915,24,24,24,20,24,23.867,23.941
916,24,24,24,24,24,24.000,23.939
917,24,24,24,20,24,23.867,23.939
918,24,24,24,20,24,23.933,23.937
919,24,24,24,24,24,24.000,23.936
920,24,24,24,24,24,24.000,23.938
921,24,24,24,24,24,24.000,23.938
922,24,24,24,20,24,23.933,23.937
923,24,24,24,24,24,24.000,23.939
924,24,24,24,20,24,23.933,23.940
925,24,24,24,24,24,24.000,23.934
926,24,24,24,20,24,23.933,23.936
927,24,24,24,24,24,24.000,23.940
928,24,24,24,24,24,24.000,23.940
929,24,24,24,24,24,24.000,23.937
930,24,24,24,20,24,23.867,23.938
931,24,24,24,24,24,24.000,23.938
932,24,24,24,20,24,23.933,23.940
933,24,24,24,20,24,23.867,23.935
934,24,20,24,20,24,23.867,23.937
935,24,24,24,20,24,23.933,23.941
936,24,24,24,24,28,24.933,24.940
937,24,24,24,24,28,24.667,24.941
938,28,28,24,24,28,24.667,24.937
939,24,24,24,24,28,24.800,24.947
940,24,24,24,24,28,25.267,24.933
941,28,24,24,24,28,24.867,24.936
942,28,24,28,24,28,24.600,24.937
943,24,24,24,24,28,25.133,24.937
944,24,24,24,24,28,25.200,24.941
945,28,24,28,24,28,24.533,24.940
946,24,24,24,24,28,25.067,24.943
947,24,24,24,24,28,24.933,24.940
948,28,24,28,24,28,24.533,24.938
949,24,24,24,24,28,24.600,24.939
950,24,24,24,24,28,25.133,24.937
951,24,24,24,24,28,25.267,24.938
952,24,24,24,24,28,24.800,24.946
953,24,24,24,24,28,24.933,24.942
954,24,28,28,24,28,25.067,24.945
955,24,24,24,24,28,24.733,24.936
956,24,24,28,24,28,25.000,24.937
957,24,24,24,24,28,25.200,24.948
958,24,24,24,24,28,24.600,24.944
959,24,24,28,24,28,24.867,24.942
960,24,28,24,24,28,24.800,24.943
961,24,24,24,24,28,25.200,24.938
962,24,28,24,24,28,24.733,24.935
963,24,24,28,24,28,24.667,24.935
964,28,24,24,24,28,25.533,24.939
965,24,24,24,24,28,24.600,24.940
966,24,24,24,24,28,25.000,24.937
967,24,28,24,24,28,24.467,24.938
968,24,24,24,24,28,25.400,24.940
969,24,24,28,24,28,24.867,24.930
970,28,28,24,24,28,24.867,24.934
971,28,28,28,24,28,25.800,25.938
972,28,24,28,24,28,25.933,25.928
973,28,28,24,24,28,26.200,25.950
974,24,28,28,24,28,26.067,25.940
975,28,24,28,24,28,25.933,25.939
976,24,24,24,24,28,25.667,25.931
977,28,28,24,24,28,25.600,25.929
978,24,24,28,24,28,25.733,25.936
979,28,28,24,24,28,25.867,25.935
980,28,28,28,24,28,26.200,25.935
981,28,24,28,24,28,26.067,25.942
982,24,28,24,24,28,26.133,25.933
983,24,28,28,24,28,25.600,25.938
984,28,28,28,24,28,26.133,25.943
985,28,24,28,24,28,26.200,25.938
986,24,28,24,24,28,25.733,25.933
987,28,24,28,24,28,26.000,25.933
988,28,28,24,24,28,26.133,25.938
989,24,28,28,24,28,26.000,25.948
990,28,28,28,24,28,25.933,25.925
991,28,28,28,24,28,26.467,25.937
992,24,24,28,24,28,25.600,25.934
993,24,28,24,24,28,26.133,25.945
994,28,24,28,24,28,25.867,25.932
995,24,28,24,24,28,26.400,25.945
996,28,24,28,24,28,25.867,25.947
997,28,28,24,24,28,26.133,25.950
998,24,28,28,24,28,26.067,25.940
999,28,24,28,24,28,25.600,25.945
1000,28,24,24,24,28,25.867,25.943
1001,28,28,24,24,28,25.733,25.936
1002,24,24,28,24,28,25.600,25.929
1003,28,24,24,24,28,25.733,25.934
1004,24,28,24,24,28,25.933,25.943
1005,28,28,28,24,28,26.067,25.943
1006,28,28,28,24,28,26.733,26.946
1007,28,24,28,24,28,27.000,26.941
1008,28,28,28,24,28,26.933,26.939
1009,24,24,28,24,28,26.533,26.934
1010,28,28,28,24,28,26.733,26.943
1011,28,28,28,24,28,27.067,26.940
1012,28,28,28,24,28,27.067,26.941
1013,24,28,24,24,28,26.733,26.937
1014,28,24,28,24,28,26.800,26.936
1015,28,28,24,24,28,27.333,26.947
1016,28,28,28,24,28,27.067,26.942
1017,24,28,28,24,28,27.267,26.946
1018,28,24,28,24,28,27.067,26.943
1019,24,28,28,24,28,27.200,26.945
1020,28,28,28,24,28,26.800,26.924
1021,28,28,28,24,28,26.800,26.933
1022,28,24,28,24,28,26.733,26.942
1023,28,28,28,24,28,27.267,26.940
1024,24,28,28,24,28,27.200,26.933
1025,28,24,28,24,28,26.600,26.935
1026,28,28,28,24,28,27.133,26.943
1027,28,28,28,24,28,26.733,26.931
1028,24,28,28,24,28,27.200,26.943
1029,28,24,28,24,28,26.400,26.935
1030,28,28,24,24,28,27.133,26.932
1031,24,28,28,24,28,26.800,26.937
1032,24,28,28,24,28,27.000,26.937
1033,28,28,28,24,28,27.000,26.932
1034,28,28,28,24,28,26.867,26.941
1035,24,28,24,24,28,27.133,26.940
1036,28,28,28,24,28,26.733,26.937
1037,28,28,28,24,28,27.267,26.933
1038,28,28,28,24,28,27.000,26.942
1039,24,28,24,24,28,27.067,26.946
1040,28,24,28,24,28,26.800,26.933
1041,28,28,28,24,28,27.867,27.938
1042,28,28,28,24,28,27.933,27.938
1043,28,28,28,24,28,27.867,27.936
1044,28,28,28,24,28,27.867,27.938
1045,28,28,28,24,28,27.800,27.938
1046,28,28,28,24,28,27.933,27.938
1047,28,28,28,24,28,27.933,27.937
1048,28,28,28,24,28,27.867,27.939
1049,28,28,28,24,28,27.933,27.938
1050,28,28,28,28,28,28.000,27.937
1051,28,28,28,24,28,27.867,27.936
1052,28,28,28,24,28,27.933,27.939
1053,28,28,28,28,28,28.000,27.938
1054,28,28,28,24,28,27.867,27.935
1055,28,28,28,24,28,27.867,27.936
1056,28,28,28,24,28,27.867,27.937
1057,24,28,28,28,28,28.000,27.937
1058,28,28,28,24,28,27.867,27.935
1059,24,28,28,28,28,28.000,27.939
1060,28,28,28,24,28,27.867,27.938
1061,28,28,28,24,28,27.933,27.937
1062,28,28,24,28,28,28.000,27.937
1063,28,28,28,24,28,27.933,27.938
1064,28,28,28,24,28,27.867,27.938
1065,28,28,28,24,28,27.933,27.937
1066,28,28,28,28,28,28.000,27.936
1067,28,28,28,24,28,27.933,27.937
1068,28,28,28,28,28,28.000,27.938
1069,28,28,28,24,28,27.867,27.937
1070,28,28,28,24,28,27.867,27.939
1071,28,28,28,24,28,27.933,27.938
1072,28,28,28,24,28,27.800,27.937
1073,28,28,28,24,28,27.933,27.938
1074,28,28,28,28,28,28.000,27.938
1075,28,28,28,24,28,27.867,27.938
1076,28,28,28,28,32,29.267,28.936
1077,28,28,28,28,32,28.667,28.931
1078,28,32,28,28,32,29.000,28.944
1079,28,32,32,28,32,28.667,28.938
1080,28,32,28,28,32,28.933,28.931
1081,32,32,32,28,32,28.933,28.941
1082,32,28,32,28,32,28.867,28.933
1083,32,32,28,28,32,29.200,28.935
1084,32,32,28,28,32,28.733,28.937
1085,28,28,28,28,32,28.600,28.939
1086,28,28,28,28,32,28.400,28.940
1087,28,32,28,28,32,28.733,28.930
1088,32,32,28,28,32,28.933,28.941
1089,32,28,28,28,32,29.133,28.936
1090,32,32,32,28,32,28.933,28.926
1091,32,32,28,28,32,29.000,28.935
1092,28,28,32,28,32,28.400,28.941
1093,32,28,32,28,32,28.533,28.936
1094,32,28,28,28,32,29.000,28.935
1095,28,28,28,28,32,28.600,28.941
1096,28,32,28,28,32,29.267,28.939
1097,32,32,28,28,32,29.133,28.936
1098,32,28,28,28,32,28.867,28.939
1099,28,32,28,28,32,28.733,28.929
1100,32,28,32,28,32,28.800,28.931
1101,32,28,28,28,32,29.000,28.933
1102,28,28,28,28,32,28.667,28.939
1103,28,32,28,28,32,29.200,28.935
1104,28,32,32,28,32,28.733,28.935
1105,28,28,32,28,32,28.933,28.938
1106,32,32,32,28,32,29.200,28.932
1107,32,28,32,28,32,28.600,28.935
1108,28,28,28,28,32,28.600,28.938
1109,32,28,32,28,32,29.200,28.941
1110,28,28,28,28,32,28.667,28.940
1111,28,32,28,28,32,28.800,28.937
1112,28,28,32,28,32,30.067,29.933
1113,32,32,28,28,32,30.000,29.945
1114,32,28,32,28,32,29.800,29.942
1115,28,32,28,28,32,30.067,29.930
1116,32,32,32,28,32,30.400,29.942
1117,28,32,32,28,32,29.867,29.949
1118,28,28,32,28,32,30.333,29.939
1119,28,28,28,28,32,29.533,29.933
1120,32,28,28,28,32,29.333,29.940
1121,32,32,28,28,32,29.867,29.936
1122,32,28,32,28,32,29.800,29.941
1123,32,32,28,28,32,29.867,29.942
1124,28,32,32,28,32,29.733,29.944
1125,32,28,32,28,32,29.467,29.949
1126,32,28,28,28,32,29.400,29.927
1127,28,28,28,28,32,30.200,29.943
1128,32,32,28,28,32,30.000,29.946
1129,28,28,32,28,32,30.267,29.931
1130,32,32,28,28,32,30.067,29.930
1131,28,28,32,28,32,30.133,29.938
1132,32,32,28,28,32,30.067,29.947
1133,32,28,32,28,32,30.000,29.927
1134,32,32,28,28,32,29.867,29.938
1135,28,32,32,28,32,30.333,29.940
1136,28,28,32,28,32,30.067,29.938
1137,28,32,28,28,32,30.000,29.944
1138,32,28,32,28,32,29.733,29.951
1139,28,28,28,28,32,30.133,29.931
1140,32,28,28,28,32,29.733,29.936
1141,32,28,28,28,32,29.867,29.950
1142,28,32,28,28,32,30.267,29.935
1143,28,32,32,28,32,30.067,29.937
1144,28,32,32,28,32,30.333,29.935
1145,32,28,32,28,32,30.067,29.927
1146,28,28,28,28,32,29.733,29.940
1147,32,28,28,28,32,29.400,29.949
1148,28,32,28,28,32,31.067,30.948
1149,32,32,32,28,32,30.800,30.935
1150,28,32,28,28,32,31.333,30.941
1151,32,32,32,28,32,31.200,30.931
1152,32,32,32,28,32,30.867,30.937
1153,32,32,32,28,32,30.933,30.943
1154,32,32,32,28,32,30.933,30.944
1155,28,32,32,28,32,30.933,30.938
1156,28,32,32,28,32,31.000,30.934
1157,28,32,32,28,32,31.133,30.935
1158,32,32,32,28,32,31.000,30.935
1159,32,32,32,28,32,30.267,30.941
1160,32,32,32,28,32,30.800,30.939
1161,32,32,28,28,32,31.400,30.940
1162,32,28,32,28,32,30.467,30.939
1163,32,32,32,28,32,31.067,30.939
1164,28,28,28,28,32,30.800,30.934
1165,32,32,28,28,32,30.800,30.940
1166,32,32,28,28,32,30.467,30.936
1167,32,32,28,28,32,30.800,30.945
1168,32,32,32,28,32,31.200,30.938
1169,32,28,32,28,32,30.267,30.942
1170,32,32,32,28,32,30.933,30.933
1171,32,32,32,28,32,30.733,30.938
1172,28,32,32,28,32,30.933,30.942
1173,32,28,32,28,32,30.333,30.934
1174,32,32,28,28,32,30.867,30.939
1175,32,32,32,28,32,30.867,30.934
1176,32,32,32,28,32,30.667,30.941
1177,32,32,32,28,32,31.000,30.936
1178,32,32,32,28,32,31.000,30.945
1179,28,32,32,28,32,30.867,30.934
1180,32,32,32,28,32,31.067,30.937
1181,32,32,32,28,32,30.467,30.949
1182,32,32,32,28,32,30.800,30.935
1183,32,32,32,28,32,31.933,31.940
1184,32,32,32,28,32,31.933,31.939
1185,32,32,32,28,32,31.867,31.939
1186,32,32,32,28,32,31.933,31.935
1187,32,32,32,32,32,32.000,31.936
1188,32,32,32,32,32,32.000,31.937
1189,32,32,32,28,32,31.867,31.939
1190,32,32,32,28,32,31.867,31.939
1191,32,32,32,32,32,32.000,31.939
1192,32,32,32,28,32,31.933,31.938
1193,32,32,32,32,32,32.000,31.938
1194,32,32,32,32,32,32.000,31.936
1195,32,32,32,32,32,32.000,31.939
1196,32,32,32,28,32,31.933,31.939
1197,32,32,32,28,32,31.933,31.938
1198,32,32,32,32,32,32.000,31.938
1199,32,32,32,28,32,31.933,31.938
1200,32,32,32,28,32,31.800,31.937
1201,32,32,32,28,32,31.867,31.937
1202,32,32,32,32,32,32.000,31.937
1203,32,32,32,32,32,32.000,31.940
1204,32,32,32,28,32,31.867,31.938
1205,32,32,32,32,32,32.000,31.938
1206,32,32,32,28,32,31.867,31.938
1207,32,32,32,28,32,31.933,31.938
1208,32,32,32,32,32,32.000,31.937
1209,32,32,28,28,32,31.800,31.938
1210,32,32,32,28,32,31.933,31.939
1211,32,32,32,28,32,31.867,31.937
1212,32,32,32,32,32,32.000,31.940
1213,32,32,32,32,32,32.000,31.938
1214,32,32,32,28,32,31.867,31.937
1215,32,32,32,28,32,31.867,31.937
1216,32,32,32,28,32,31.800,31.938
1217,32,32,32,28,32,31.867,31.936
1218,32,32,32,32,36,33.133,32.930
1219,32,32,32,32,36,32.867,32.944
1220,32,36,36,32,36,33.067,32.947
1221,32,32,32,32,36,32.733,32.922
1222,32,32,32,32,36,32.933,32.947
1223,32,36,32,32,36,32.533,32.939
1224,32,32,36,32,36,32.800,32.933
1225,32,32,32,32,36,32.667,32.931
1226,36,32,36,32,36,32.867,32.936
1227,36,36,32,32,36,32.800,32.940
1228,32,32,32,32,36,33.067,32.936
1229,32,32,32,32,36,32.867,32.938
1230,36,36,32,32,36,32.867,32.931
1231,32,32,32,32,36,32.933,32.933
1232,32,36,36,32,36,33.133,32.938
1233,36,32,36,32,36,32.733,32.934
1234,32,36,32,32,36,32.800,32.945
1235,32,32,32,32,36,33.133,32.929
1236,32,32,32,32,36,33.133,32.937
1237,36,32,32,32,36,33.067,32.937
1238,32,36,32,32,36,33.333,32.939
1239,32,36,32,32,36,33.133,32.933
1240,36,32,32,32,36,33.400,32.933
1241,32,32,32,32,36,33.067,32.941
1242,36,36,32,32,36,33.333,32.932
1243,32,32,36,32,36,32.867,32.937
1244,36,32,36,32,36,32.867,32.939
1245,32,32,32,32,36,32.867,32.942
1246,32,36,32,32,36,33.333,32.935
1247,32,32,36,32,36,33.067,32.932
1248,36,32,36,32,36,33.067,32.936
1249,36,36,32,32,36,32.867,32.934
1250,32,36,32,32,36,32.800,32.936
1251,32,32,36,32,36,32.933,32.938
1252,36,32,32,32,36,32.800,32.934
1253,32,36,32,32,36,32.933,32.939
1254,32,32,36,32,36,34.067,33.942
1255,36,36,32,32,36,33.800,33.936
1256,36,32,36,32,36,33.733,33.943
1257,32,36,32,32,36,34.667,33.942
1258,32,32,36,32,36,34.467,33.935
1259,36,32,32,32,36,33.733,33.943
1260,36,32,32,32,36,33.933,33.930
1261,32,32,32,32,36,33.667,33.936
1262,32,32,32,32,36,33.467,33.933
1263,36,32,32,32,36,34.000,33.941
1264,36,32,32,32,36,34.067,33.952
1265,36,32,32,32,36,34.267,33.933
1266,36,32,32,32,36,33.800,33.940
1267,36,36,32,32,36,34.000,33.941
1268,36,36,36,32,36,34.000,33.938
1269,32,32,36,32,36,34.200,33.945
1270,36,36,32,32,36,34.000,33.933
1271,32,32,36,32,36,34.200,33.932
1272,36,36,32,32,36,33.933,33.931
1273,32,32,36,32,36,34.133,33.926
1274,36,32,32,32,36,33.867,33.936
1275,32,36,32,32,36,33.800,33.932
1276,32,36,36,32,36,33.933,33.937
1277,32,32,36,32,36,33.933,33.934
1278,32,32,32,32,36,34.133,33.941
1279,32,36,32,32,36,33.733,33.942
1280,32,36,32,32,36,34.267,33.938
1281,32,32,36,32,36,34.200,33.931
1282,32,32,32,32,36,34.133,33.940
1283,32,36,32,32,36,34.133,33.940
1284,32,32,36,32,36,34.133,33.933
1285,36,32,32,32,36,33.600,33.936
1286,32,36,32,32,36,33.667,33.935
1287,36,32,36,32,36,33.533,33.946
1288,32,36,32,32,36,34.133,33.933
1289,36,36,36,32,36,33.467,33.928
1290,32,32,36,32,36,33.933,33.944
1291,32,36,32,32,36,35.000,34.935
1292,36,32,36,32,36,34.733,34.927
1293,36,36,32,32,36,34.667,34.933
1294,32,36,36,32,36,35.200,34.945
1295,32,36,36,32,36,35.133,34.938
1296,36,36,36,32,36,34.600,34.929
1297,36,36,36,32,36,35.133,34.945
1298,36,36,36,32,36,35.000,34.939
1299,36,36,36,32,36,35.000,34.927
1300,36,36,36,32,36,34.933,34.939
1301,36,36,36,32,36,35.333,34.941
1302,32,36,36,32,36,35.267,34.943
1303,36,36,36,32,36,34.933,34.938
1304,36,36,36,32,36,34.933,34.937
1305,36,36,36,32,36,35.200,34.934
1306,36,36,32,32,36,35.067,34.942
1307,36,36,36,32,36,34.667,34.937
1308,36,36,36,32,36,35.200,34.937
1309,36,36,32,32,36,34.933,34.935
1310,36,36,36,32,36,35.467,34.933
1311,36,36,36,32,36,34.933,34.942
1312,36,36,36,32,36,35.267,34.938
1313,36,32,36,32,36,34.867,34.942
1314,36,36,36,32,36,34.867,34.934
1315,36,36,36,32,36,35.200,34.938
1316,36,36,36,32,36,35.200,34.944
1317,36,36,36,32,36,35.267,34.942
1318,36,36,36,32,36,35.067,34.942
1319,36,36,36,32,36,35.200,34.944
1320,36,36,36,32,36,35.000,34.939
1321,36,36,36,32,36,35.000,34.936
1322,36,36,36,32,36,34.467,34.936
1323,32,36,36,32,36,35.067,34.944
1324,36,36,36,32,36,35.133,34.938
1325,36,36,36,32,36,34.800,34.932
1326,36,36,36,32,36,34.867,34.941
1327,36,36,36,36,36,36.000,35.939
1328,36,36,36,36,36,36.000,35.939
1329,36,36,36,32,36,35.800,35.936
1330,36,36,36,32,36,35.800,35.937
1331,36,36,36,36,36,36.000,35.938
1332,36,36,36,32,36,35.867,35.938
1333,36,36,36,36,36,36.000,35.937
1334,36,36,36,32,36,35.933,35.941
1335,36,36,36,32,36,35.867,35.938
1336,36,36,36,32,36,35.933,35.941
1337,36,36,36,36,36,36.000,35.937
1338,36,36,36,36,36,36.000,35.938
1339,36,36,36,36,36,36.000,35.940
1340,36,36,36,32,36,35.867,35.937
1341,36,36,36,32,36,35.933,35.936
1342,36,36,36,36,36,36.000,35.935
1343,36,36,36,32,36,35.933,35.938
1344,36,36,36,36,36,36.000,35.938
1345,36,36,36,36,36,36.000,35.937
1346,36,36,36,32,36,35.933,35.936
1347,36,36,36,32,36,35.800,35.938
1348,36,36,36,36,36,36.000,35.937
1349,36,36,36,36,36,36.000,35.939
1350,36,36,36,32,36,35.933,35.938
1351,36,36,36,32,36,35.867,35.936
1352,36,36,36,32,36,35.867,35.938
1353,36,36,36,36,36,36.000,35.936
1354,36,36,36,32,36,35.933,35.940
1355,36,36,36,32,36,35.933,35.941
1356,36,36,36,32,36,35.933,35.939
1357,36,36,36,36,36,36.000,35.940
1358,36,36,36,32,36,35.933,35.936
1359,36,36,36,32,36,35.867,35.937
1360,36,36,36,36,36,36.000,35.935
1361,36,36,36,36,36,36.000,35.939
1362,36,36,36,36,40,36.800,36.933
1363,36,36,36,36,40,36.733,36.944
1364,40,36,36,36,40,36.867,36.938
1365,36,36,36,36,40,36.933,36.943
1366,36,36,36,36,40,36.800,36.932
1367,36,36,40,36,40,37.333,36.941
1368,36,36,40,36,40,37.400,36.932
1369,36,36,36,36,40,37.333,36.940
1370,36,40,36,36,40,36.933,36.941
1371,36,36,40,36,40,36.667,36.938
1372,36,36,36,36,40,36.933,36.938
1373,36,36,36,36,40,37.000,36.938
1374,36,40,36,36,40,36.800,36.939
1375,36,36,36,36,40,37.067,36.930
1376,36,36,36,36,40,36.800,36.938
1377,36,36,36,36,40,37.333,36.942
1378,36,36,36,36,40,37.000,36.941
1379,36,36,36,36,40,36.800,36.933
1380,40,36,36,36,40,36.933,36.934
1381,36,40,40,36,40,36.800,36.937
1382,36,40,40,36,40,37.000,36.939
1383,36,36,36,36,40,36.867,36.933
1384,40,36,36,36,40,37.000,36.943
1385,36,40,36,36,40,36.800,36.931
1386,36,40,36,36,40,36.933,36.933
1387,36,36,36,36,40,37.000,36.933
1388,36,40,36,36,40,36.667,36.945
1389,36,40,36,36,40,37.267,36.938
1390,36,36,36,36,40,36.800,36.938
1391,40,36,36,36,40,36.667,36.939
1392,40,40,36,36,40,37.200,36.933
1393,36,36,36,36,40,36.733,36.938
1394,36,40,36,36,40,37.200,36.936
1395,40,36,40,36,40,36.600,36.934
1396,40,36,36,36,40,37.067,36.934
1397,40,36,36,36,40,37.067,36.936
1398,40,36,40,36,40,36.933,36.939
1399,40,36,40,36,40,37.933,38.004
1400,36,40,36,36,40,37.933,37.997
1401,36,40,40,36,40,37.667,37.995
1402,40,40,40,36,40,38.133,37.998
1403,40,36,40,36,40,38.267,38.005
1404,40,40,36,36,40,37.933,38.003
1405,40,40,40,36,40,38.067,37.996
1406,40,40,40,36,40,37.733,38.003
1407,36,36,40,36,40,37.667,37.999
1408,36,40,36,36,40,37.800,38.004
1409,40,40,40,36,40,37.800,38.001
1410,36,40,40,36,40,38.467,37.998
1411,40,40,40,36,40,37.933,38.005
1412,36,36,40,36,40,38.000,37.997
1413,36,40,36,36,40,38.000,38.003
1414,40,36,40,36,40,37.667,38.000
1415,40,40,36,36,40,37.400,37.991
1416,36,40,40,36,40,38.200,37.995
1417,40,36,40,36,40,38.267,38.000
1418,40,40,36,36,40,38.133,37.997
1419,40,40,40,36,40,37.667,37.997
1420,36,40,40,36,40,38.067,38.003
1421,40,40,40,36,40,38.200,37.997
1422,40,36,40,36,40,37.533,37.998
1423,40,40,36,36,40,38.467,38.009
1424,36,36,40,36,40,38.533,38.006
1425,40,40,36,36,40,37.933,38.001
1426,40,36,40,36,40,38.000,38.006
1427,40,36,36,36,40,37.600,37.999
1428,40,36,36,36,40,38.200,37.993
1429,36,40,36,36,40,37.867,37.999
1430,40,36,40,36,40,38.200,37.996
1431,36,36,36,36,40,38.067,38.011
1432,40,36,36,36,40,37.800,37.986
1433,40,40,36,36,40,37.867,38.002
1434,36,40,40,36,40,38.067,38.007
1435,40,36,40,36,40,37.600,38.001
1436,40,40,40,36,40,38.733,39.000
1437,40,36,40,36,40,39.200,38.995
1438,40,36,40,36,40,38.800,39.009
1439,40,36,40,36,40,38.933,38.988
1440,40,40,36,36,40,39.067,39.000
1441,36,40,40,36,40,38.933,39.003
1442,40,40,40,36,40,38.800,39.000
1443,40,36,40,36,40,39.267,38.999
1444,40,40,40,36,40,39.000,38.992
1445,36,40,40,36,40,39.133,38.999
1446,40,40,40,36,40,39.067,39.000
1447,36,40,40,36,40,39.133,39.011
1448,36,40,40,36,40,39.267,39.007
1449,36,40,40,36,40,38.867,38.999
1450,40,40,36,36,40,39.200,39.009
1451,40,40,40,36,40,39.133,38.998
1452,40,40,40,36,40,39.133,39.001
1453,36,40,40,36,40,38.733,38.995
1454,40,40,36,36,40,39.400,39.007
1455,40,40,36,36,40,39.400,39.007
1456,40,40,40,36,40,38.667,39.001
1457,40,40,40,36,40,39.000,39.001
1458,40,40,40,36,40,38.867,39.007
1459,40,40,36,36,40,39.400,39.011
1460,40,36,40,36,40,39.267,38.999
1461,40,36,40,36,40,39.267,39.000
1462,40,40,40,36,40,39.133,39.003
1463,40,40,36,36,40,38.867,38.999
1464,40,40,36,36,40,38.800,39.001
1465,40,40,36,36,40,39.133,39.002
1466,40,40,40,36,40,39.200,38.994
1467,40,36,40,36,40,39.200,38.997
1468,40,36,40,36,40,39.133,39.002
1469,40,36,40,36,40,38.467,39.003
1470,36,36,40,36,40,39.133,39.001
1471,36,40,36,36,40,39.000,39.003
1472,40,40,40,40,40,40.000,40.000
1473,40,40,40,40,40,40.000,40.000
1474,40,40,40,40,40,40.000,40.000
1475,40,40,40,40,40,40.000,40.000
1476,40,40,40,40,40,40.000,40.000
1477,40,40,40,40,40,40.000,40.000
1478,40,40,40,40,40,40.000,40.000
1479,40,40,40,40,40,40.000,40.000
1480,40,40,40,40,40,40.000,40.000
1481,40,40,40,40,40,40.000,40.000
1482,40,40,40,40,40,40.000,40.000
1483,40,40,40,40,40,40.000,40.000
1484,40,40,40,40,40,40.000,40.000
1485,40,40,40,40,40,40.000,40.000
1486,40,40,40,40,40,40.000,40.000
1487,40,40,40,40,40,40.000,40.000
1488,40,40,40,40,40,40.000,40.000
1489,40,40,40,40,40,40.000,40.000
1490,40,40,40,40,40,40.000,40.000
1491,40,40,40,40,40,40.000,40.000
1492,40,40,40,40,40,40.000,40.000
1493,40,40,40,40,40,40.000,40.000
1494,40,40,40,40,40,40.000,40.000
1495,40,40,40,40,40,40.000,40.000
1496,40,40,40,40,40,40.000,40.000
1497,40,40,40,40,40,40.000,40.000
1498,40,40,40,40,40,40.000,40.000
1499,40,40,40,40,40,40.000,40.000
1500,40,40,40,40,40,40.000,40.000
1501,40,40,40,40,40,40.000,40.000
1502,40,40,40,40,40,40.000,40.000
1503,40,40,40,40,40,40.000,40.000
1504,40,40,40,40,40,40.000,40.000
1505,40,40,40,40,40,40.000,40.000
1506,40,40,40,40,40,40.000,40.000
1507,40,40,40,40,40,40.000,40.000
1508,40,40,40,40,40,40.000,40.000
1509,44,40,40,40,44,40.867,40.941
1510,40,40,44,40,44,40.667,40.942
1511,40,40,44,40,44,41.000,40.948
1512,40,40,40,40,44,40.933,40.934
1513,40,40,40,40,44,41.067,40.940
1514,40,44,40,40,44,41.333,40.935
1515,40,40,40,40,44,41.133,40.933
1516,40,40,40,40,44,40.933,40.942
1517,40,44,40,40,44,41.267,40.937
1518,40,40,40,40,44,40.933,40.936
1519,40,40,40,40,44,41.000,40.939
1520,40,40,44,40,44,41.000,40.936
1521,40,44,40,40,44,41.067,40.942
1522,40,40,40,40,44,40.733,40.943
1523,40,40,40,40,44,41.000,40.938
1524,44,40,40,40,44,40.800,40.939
1525,40,40,40,40,44,40.933,40.945
1526,40,40,40,40,44,40.533,40.939
1527,44,40,40,40,44,41.133,40.938
1528,40,44,40,40,44,41.133,40.933
1529,40,40,40,40,44,41.267,40.942
1530,40,40,40,40,44,40.933,40.941
1531,44,40,40,40,44,40.867,40.936
1532,40,40,40,40,44,41.333,40.941
1533,40,40,44,40,44,40.867,40.942
1534,40,40,40,40,44,40.867,40.935
1535,40,40,40,40,44,41.133,40.932
1536,40,40,40,40,44,41.067,40.941
1537,40,44,40,40,44,41.133,40.951
1538,44,40,44,40,44,40.933,40.937
1539,40,40,40,40,44,41.133,40.936
1540,40,40,40,40,44,40.533,40.934
1541,40,40,40,40,44,41.067,40.943
1542,40,40,40,40,44,40.600,40.941
1543,40,40,40,40,44,41.000,40.943
1544,40,44,40,40,44,40.733,40.934
1545,40,40,44,40,44,40.600,40.932
1546,44,40,40,40,44,41.933,41.954
1547,44,40,40,40,44,41.600,41.947
1548,44,44,40,40,44,42.000,41.927
1549,44,40,44,40,44,41.667,41.937
1550,40,44,40,40,44,41.667,41.948
1551,40,40,44,40,44,41.733,41.934
1552,40,40,40,40,44,41.933,41.941
1553,40,40,40,40,44,41.667,41.930
1554,44,44,40,40,44,42.333,41.934
1555,40,40,44,40,44,41.667,41.940
1556,40,44,40,40,44,42.000,41.945
1557,44,40,44,40,44,41.600,41.937
1558,40,44,40,40,44,42.067,41.936
1559,40,40,44,40,44,42.000,41.944
1560,40,40,40,40,44,41.600,41.936
1561,44,44,40,40,44,41.800,41.948
1562,40,44,44,40,44,42.067,41.931
1563,40,44,44,40,44,41.933,41.946
1564,40,40,44,40,44,41.733,41.928
1565,44,44,40,40,44,42.200,41.937
1566,40,40,44,40,44,41.667,41.942
1567,44,44,40,40,44,41.933,41.922
1568,40,40,44,40,44,41.867,41.929
1569,40,44,40,40,44,42.067,41.942
1570,40,40,44,40,44,41.533,41.937
1571,44,40,40,40,44,42.067,41.944
1572,40,44,40,40,44,42.067,41.939
1573,44,40,40,40,44,41.933,41.940
1574,40,44,40,40,44,41.933,41.947
1575,44,40,44,40,44,41.733,41.925
1576,40,44,44,40,44,41.933,41.941
1577,40,40,44,40,44,41.800,41.940
1578,44,40,40,40,44,41.867,41.934
1579,44,44,40,40,44,41.800,41.933
1580,44,40,40,40,44,42.533,41.937
1581,40,44,40,40,44,41.667,41.942
1582,44,40,44,40,44,41.667,41.936
1583,40,44,40,40,44,43.000,42.929
1584,44,44,44,40,44,43.067,42.945
1585,44,44,44,40,44,42.800,42.938
1586,44,44,44,40,44,42.867,42.933
1587,40,40,44,40,44,43.067,42.930
1588,40,44,40,40,44,42.600,42.936
1589,44,40,44,40,44,42.667,42.937
1590,40,44,44,40,44,43.067,42.933
1591,44,44,44,40,44,43.067,42.932
1592,44,44,40,40,44,42.733,42.933
1593,44,44,44,40,44,43.400,42.945
1594,44,44,44,40,44,43.000,42.930
1595,44,44,44,40,44,43.267,42.936
1596,44,40,44,40,44,42.667,42.940
1597,40,44,44,40,44,43.067,42.940
1598,44,40,40,40,44,43.000,42.931
1599,40,44,40,40,44,42.733,42.942
1600,44,44,44,40,44,43.133,42.940
1601,44,44,40,40,44,43.267,42.934
1602,44,44,44,40,44,43.000,42.937
1603,44,40,44,40,44,43.200,42.931
1604,44,44,44,40,44,42.800,42.950
1605,44,44,44,40,44,43.000,42.932
1606,40,44,44,40,44,42.933,42.947
1607,44,40,44,40,44,42.800,42.932
1608,40,44,40,40,44,43.333,42.947
1609,44,40,44,40,44,42.800,42.944
1610,44,44,40,40,44,43.533,42.939
1611,44,44,44,40,44,43.267,42.943
1612,44,44,44,40,44,42.933,42.938
1613,40,44,44,40,44,43.000,42.940
1614,44,40,44,40,44,42.933,42.931
1615,44,44,40,40,44,43.267,42.936
1616,44,44,44,40,44,42.933,42.941
1617,40,44,44,40,44,42.933,42.937
1618,44,44,44,40,44,43.000,42.932
1619,40,44,44,40,44,43.200,42.940
1620,44,44,44,40,44,43.933,43.938
1621,44,44,44,44,44,44.000,43.938
1622,44,44,44,40,44,43.800,43.937
1623,44,44,44,40,44,43.867,43.937
1624,44,44,44,44,44,44.000,43.941
1625,44,44,44,44,44,44.000,43.938
1626,44,44,44,44,44,44.000,43.937
1627,44,44,44,44,44,44.000,43.936
1628,44,44,44,40,44,43.933,43.938
1629,44,44,44,44,44,44.000,43.938
1630,44,44,44,40,44,43.867,43.939
1631,44,44,44,44,44,44.000,43.940
1632,44,44,44,40,44,43.733,43.938
1633,44,44,44,40,44,43.800,43.935
1634,44,44,44,40,44,43.933,43.938
1635,44,44,44,40,44,43.933,43.938
1636,44,44,44,40,44,43.867,43.939
1637,44,44,44,40,44,43.933,43.938
1638,44,44,44,44,44,44.000,43.936
1639,44,44,44,40,44,43.933,43.937
1640,44,44,44,40,44,43.933,43.937
1641,44,44,44,40,44,43.933,43.936
1642,44,44,44,40,44,43.933,43.937
1643,44,44,44,40,44,43.867,43.938
1644,44,44,44,40,44,43.867,43.938
1645,44,44,44,44,44,44.000,43.938
1646,44,44,44,44,44,44.000,43.935
1647,44,44,44,40,44,43.933,43.939
1648,44,44,44,44,44,44.000,43.940
1649,44,44,44,40,44,43.867,43.939
1650,44,44,44,44,44,44.000,43.936
1651,44,44,44,44,44,44.000,43.935
1652,44,44,44,40,44,43.867,43.938
1653,44,44,44,40,44,43.933,43.938
1654,44,44,44,40,44,43.933,43.936
1655,44,44,44,44,44,44.000,43.936
1656,44,44,44,44,44,44.000,43.937
1657,44,44,48,44,48,45.533,44.935
1658,44,44,44,44,48,44.800,44.942
1659,44,44,44,44,48,44.933,44.928
1660,44,44,44,44,48,45.200,44.938
1661,44,48,44,44,48,44.933,44.937
1662,44,44,44,44,48,45.067,44.935
1663,44,48,44,44,48,44.667,44.935
1664,48,44,48,44,48,45.200,44.933
1665,44,44,48,44,48,45.000,44.942
1666,48,44,44,44,48,44.800,44.932
1667,44,44,44,44,48,45.267,44.939
1668,44,48,44,44,48,44.800,44.940
1669,44,44,44,44,48,45.067,44.938
1670,44,48,44,44,48,45.000,44.934
1671,48,48,44,44,48,45.000,44.935
1672,44,44,48,44,48,44.733,44.937
1673,48,44,44,44,48,45.333,44.931
1674,44,44,44,44,48,45.067,44.937
1675,44,44,48,44,48,44.733,44.943
1676,44,48,44,44,48,45.200,44.941
1677,44,44,48,44,48,45.267,44.945
1678,48,48,44,44,48,45.067,44.944
1679,44,48,44,44,48,44.667,44.940
1680,48,44,48,44,48,44.933,44.935
1681,48,48,44,44,48,45.000,44.936
1682,44,44,48,44,48,44.867,44.941
1683,44,44,44,44,48,44.733,44.944
1684,44,44,44,44,48,44.933,44.941
1685,44,48,44,44,48,45.000,44.937
1686,48,44,44,44,48,45.200,44.937
1687,44,44,44,44,48,45.000,44.938
1688,48,48,44,44,48,45.133,44.942
1689,48,44,48,44,48,44.867,44.938
1690,44,44,44,44,48,44.800,44.943
1691,48,48,44,44,48,45.067,44.938
1692,44,48,48,44,48,45.267,44.936
1693,44,44,44,44,48,45.000,44.939
1694,44,44,44,44,48,44.800,44.929
1695,48,48,48,44,48,46.467,46.009
1696,48,48,48,44,48,46.200,45.996
1697,48,44,48,44,48,45.400,46.004
1698,48,48,44,44,48,46.200,45.996
1699,44,44,48,44,48,46.133,45.999
1700,44,48,44,44,48,46.000,46.003
1701,48,44,48,44,48,45.400,46.008
1702,48,44,44,44,48,45.867,46.005
1703,44,44,44,44,48,46.333,45.993
1704,44,48,44,44,48,45.933,46.006
1705,48,48,48,44,48,45.800,46.004
1706,48,48,48,44,48,46.000,46.007
1707,44,44,48,44,48,46.000,45.997
1708,48,44,44,44,48,45.733,45.996
1709,48,44,44,44,48,46.333,45.997
1710,48,44,44,44,48,45.867,46.007
1711,48,48,44,44,48,45.800,46.006
1712,48,44,48,44,48,46.000,45.993
1713,48,48,44,44,48,46.000,45.991
1714,44,48,48,44,48,45.867,45.994
1715,48,44,48,44,48,45.933,45.993
1716,44,48,44,44,48,45.933,45.989
1717,48,48,48,44,48,45.800,45.998
1718,44,48,48,44,48,46.067,45.998
1719,44,44,48,44,48,46.133,46.002
1720,44,44,44,44,48,46.133,46.005
1721,48,44,44,44,48,46.133,46.001
1722,48,44,44,44,48,45.733,46.000
1723,48,48,44,44,48,46.000,45.994
1724,44,48,48,44,48,45.667,46.002
1725,44,48,48,44,48,45.867,46.001
1726,44,44,48,44,48,46.000,45.994
1727,44,44,44,44,48,45.400,46.002
1728,48,44,44,44,48,46.000,46.003
1729,44,44,44,44,48,45.933,46.005
1730,48,48,44,44,48,46.400,45.996
1731,48,44,48,44,48,46.067,46.004
1732,44,48,48,44,48,46.800,46.996
1733,48,44,48,44,48,46.733,46.991
1734,48,44,48,44,48,46.733,47.003
1735,48,44,44,44,48,46.733,47.000
1736,44,44,44,44,48,47.267,47.001
1737,44,48,44,44,48,47.200,47.003
1738,44,48,44,44,48,46.867,47.007
1739,44,44,48,44,48,46.733,47.004
1740,48,44,44,44,48,47.000,46.993
1741,48,48,48,44,48,47.200,47.003
1742,48,44,48,44,48,46.933,46.997
1743,44,44,44,44,48,47.000,47.000
1744,44,48,48,44,48,46.800,47.006
1745,44,48,48,44,48,47.000,47.001
1746,44,48,48,44,48,46.933,47.003
1747,48,48,48,44,48,47.133,46.999
1748,48,48,48,44,48,46.733,46.999
1749,44,44,48,44,48,46.800,46.998
1750,44,44,44,44,48,47.200,47.009
1751,48,48,48,44,48,46.800,46.997
1752,44,48,48,44,48,46.933,47.012
1753,44,48,48,44,48,46.467,47.001
1754,48,48,48,44,48,46.933,46.999
1755,48,48,44,44,48,47.333,46.995
1756,48,44,44,44,48,47.133,47.000
1757,48,48,44,44,48,46.867,46.993
1758,48,48,48,44,48,46.600,46.999
1759,44,48,48,44,48,47.267,47.005
1760,44,48,48,44,48,46.600,46.998
1761,48,48,48,44,48,47.000,47.002
1762,48,44,48,44,48,47.400,47.000
1763,48,44,44,44,48,47.067,46.992
1764,48,48,44,44,48,46.933,47.004
1765,48,48,44,44,48,46.800,46.996
1766,44,48,48,44,48,47.267,47.005
1767,48,48,44,44,48,46.867,46.998
1768,48,48,48,44,48,47.200,46.997
1769,48,48,48,44,48,46.933,46.999
1770,48,48,48,44,48,47.133,46.988
1771,48,48,48,48,48,48.000,48.000
1772,48,48,48,48,48,48.000,48.000
1773,48,48,48,48,48,48.000,48.000
1774,48,48,48,48,48,48.000,48.000
1775,48,48,48,48,48,48.000,48.000
1776,48,48,48,48,48,48.000,48.000
1777,48,48,48,48,48,48.000,48.000
1778,48,48,48,48,48,48.000,48.000
1779,48,48,48,48,48,48.000,48.000
1780,48,48,48,48,48,48.000,48.000
1781,48,48,48,48,48,48.000,48.000
1782,48,48,48,48,48,48.000,48.000
1783,48,48,48,48,48,48.000,48.000
1784,48,48,48,48,48,48.000,48.000
1785,48,48,48,48,48,48.000,48.000
1786,48,48,48,48,48,48.000,48.000
1787,48,48,48,48,48,48.000,48.000
1788,48,48,48,48,48,48.000,48.000
1789,48,48,48,48,48,48.000,48.000
1790,48,48,48,48,48,48.000,48.000
1791,48,48,48,48,48,48.000,48.000
1792,48,48,48,48,48,48.000,48.000
1793,48,48,48,48,48,48.000,48.000
1794,48,48,48,48,48,48.000,48.000
1795,48,48,48,48,48,48.000,48.000
1796,48,48,48,48,48,48.000,48.000
1797,48,48,48,48,48,48.000,48.000
1798,48,48,48,48,48,48.000,48.000
1799,48,48,48,48,48,48.000,48.000
1800,48,48,48,48,48,48.000,48.000
1801,48,48,48,48,48,48.000,48.000
1802,48,48,48,48,48,48.000,48.000
1803,48,48,48,48,48,48.000,48.000
1804,48,48,48,48,48,48.000,48.000
1805,48,48,48,48,48,48.000,48.000
1806,48,48,48,48,48,48.000,48.000
1807,48,48,48,48,48,48.000,48.000
1808,52,48,52,48,52,49.067,48.939
1809,48,48,48,48,52,48.667,48.929
1810,48,48,48,48,52,49.000,48.935
1811,48,48,48,48,52,48.867,48.939
1812,48,48,48,48,52,48.933,48.939
1813,52,48,52,48,52,49.267,48.930
1814,48,48,48,48,52,48.867,48.939
1815,52,48,48,48,52,49.000,48.943
1816,52,52,48,48,52,48.867,48.932
1817,48,48,48,48,52,49.067,48.931
1818,48,52,48,48,52,49.133,48.936
1819,48,52,52,48,52,49.067,48.933
1820,48,48,48,48,52,49.200,48.938
1821,48,48,48,48,52,49.133,48.938
1822,52,48,48,48,52,48.600,48.939
1823,48,48,48,48,52,49.133,48.940
1824,48,52,48,48,52,48.933,48.936
1825,48,48,48,48,52,48.600,48.934
1826,52,52,48,48,52,48.933,48.937
1827,48,48,52,48,52,48.933,48.944
1828,52,48,48,48,52,49.133,48.934
1829,52,48,52,48,52,48.733,48.936
1830,48,48,48,48,52,48.933,48.938
1831,48,48,48,48,52,48.933,48.937
1832,48,48,48,48,52,48.667,48.934
1833,48,52,52,48,52,48.867,48.935
1834,52,48,52,48,52,48.667,48.938
1835,48,52,52,48,52,48.733,48.929
1836,52,48,48,48,52,49.133,48.935
1837,48,48,48,48,52,48.933,48.935
1838,48,48,48,48,52,48.867,48.948
1839,48,48,48,48,52,48.800,48.941
1840,48,48,48,48,52,49.000,48.931
1841,48,48,48,48,52,48.867,48.938
1842,48,52,48,48,52,49.000,48.943
1843,52,48,48,48,52,49.000,48.935
1844,48,48,52,48,52,48.933,48.937
1845,52,48,52,48,52,48.933,48.945
1846,48,48,48,48,52,48.733,48.932
1847,48,48,48,48,52,50.133,50.013
1848,48,48,48,48,52,50.133,50.003
1849,52,48,48,48,52,50.067,49.998
1850,52,52,48,48,52,50.133,49.994
1851,52,52,52,48,52,49.933,50.002
1852,52,48,52,48,52,50.067,49.997
1853,48,52,48,48,52,49.667,50.000
1854,48,48,52,48,52,50.200,49.997
1855,48,48,48,48,52,49.867,49.998
1856,48,52,48,48,52,50.667,50.005
1857,48,52,52,48,52,50.667,50.001
1858,48,52,52,48,52,50.267,50.005
1859,52,52,52,48,52,50.000,50.002
1860,52,52,52,48,52,50.200,50.005
1861,52,52,52,48,52,50.133,49.996
1862,48,48,52,48,52,49.800,49.997
1863,48,52,48,48,52,49.667,50.005
1864,48,48,52,48,52,50.067,49.992
1865,48,48,48,48,52,50.067,50.005
1866,48,48,48,48,52,50.267,49.997
1867,52,52,48,48,52,50.200,49.997
1868,52,48,52,48,52,50.200,49.997
1869,48,48,48,48,52,50.533,49.995
1870,52,52,48,48,52,50.133,50.006
1871,48,48,52,48,52,50.067,49.994
1872,48,52,48,48,52,49.933,50.001
1873,52,48,52,48,52,49.867,49.994
1874,52,48,48,48,52,50.333,50.000
1875,52,52,48,48,52,49.600,50.000
1876,52,48,52,48,52,50.067,50.006
1877,52,48,48,48,52,50.067,50.002
1878,52,52,48,48,52,50.333,50.000
1879,48,52,52,48,52,49.800,50.002
1880,52,52,52,48,52,49.733,50.000
1881,48,48,52,48,52,49.667,50.000
1882,48,48,48,48,52,50.133,49.994
1883,48,48,48,48,52,49.800,50.000
1884,52,52,48,48,52,50.267,49.995
1885,52,52,52,48,52,50.933,50.940
1886,48,48,52,48,52,50.800,50.941
1887,52,52,52,48,52,51.067,50.937
1888,52,48,52,48,52,50.533,50.941
1889,52,52,48,48,52,50.933,50.936
1890,52,52,52,48,52,50.600,50.943
1891,48,52,52,48,52,51.000,50.934
1892,52,48,52,48,52,51.067,50.945
1893,48,52,48,48,52,51.067,50.943
1894,52,48,52,48,52,51.000,50.935
1895,52,52,52,48,52,51.000,50.934
1896,52,52,52,48,52,51.333,50.938
1897,52,52,52,48,52,50.800,50.941
1898,48,52,52,48,52,51.200,50.937
1899,52,48,48,48,52,51.000,50.927
1900,48,52,52,48,52,50.800,50.936
1901,52,52,52,48,52,51.000,50.935
1902,48,52,52,48,52,51.133,50.931
1903,52,52,52,48,52,50.933,50.934
1904,48,48,52,48,52,51.200,50.949
1905,52,48,48,48,52,51.200,50.940
1906,52,52,52,48,52,50.867,50.932
1907,52,52,52,48,52,50.667,50.930
1908,52,52,52,48,52,50.800,50.933
1909,48,52,52,48,52,50.867,50.937
1910,52,52,52,48,52,50.800,50.930
1911,52,52,52,48,52,50.800,50.941
1912,52,52,52,48,52,50.667,50.935
1913,52,52,52,48,52,50.933,50.936
1914,48,48,52,48,52,51.067,50.939
1915,48,52,48,48,52,51.267,50.940
1916,52,52,48,48,52,51.067,50.943
1917,52,52,52,48,52,51.000,50.936
1918,52,52,52,48,52,50.600,50.933
1919,52,52,52,48,52,51.067,50.928
1920,52,52,48,48,52,50.800,50.933
1921,52,52,52,48,52,50.800,50.941
1922,52,48,52,48,52,51.000,50.937
1923,52,52,52,52,52,52.000,52.000
1924,52,52,52,52,52,52.000,52.000
1925,52,52,52,52,52,52.000,52.000
1926,52,52,52,52,52,52.000,52.000
1927,52,52,52,52,52,52.000,52.000
1928,52,52,52,52,52,52.000,52.000
1929,52,52,52,52,52,52.000,52.000
1930,52,52,52,52,52,52.000,52.000
1931,52,52,52,52,52,52.000,52.000
1932,52,52,52,52,52,52.000,52.000
1933,52,52,52,52,52,52.000,52.000
1934,52,52,52,52,52,52.000,52.000
1935,52,52,52,52,52,52.000,52.000
1936,52,52,52,52,52,52.000,52.000
1937,52,52,52,52,52,52.000,52.000
1938,52,52,52,52,52,52.000,52.000
1939,52,52,52,52,52,52.000,52.000
1940,52,52,52,52,52,52.000,52.000
1941,52,52,52,52,52,52.000,52.000
1942,52,52,52,52,52,52.000,52.000
1943,52,52,52,52,52,52.000,52.000
1944,52,52,52,52,52,52.000,52.000
1945,52,52,52,52,52,52.000,52.000
1946,52,52,52,52,52,52.000,52.000
1947,52,52,52,52,52,52.000,52.000
1948,52,52,52,52,52,52.000,52.000
1949,52,52,52,52,52,52.000,52.000
1950,52,52,52,52,52,52.000,52.000
1951,52,52,52,52,52,52.000,52.000
1952,52,52,52,52,52,52.000,52.000
1953,52,52,52,52,52,52.000,52.000
1954,52,52,52,52,52,52.000,52.000
1955,52,52,52,52,52,52.000,52.000
1956,52,52,52,52,52,52.000,52.000
1957,52,52,52,52,52,52.000,52.000
1958,52,52,52,52,52,52.000,52.000
1959,52,52,52,52,52,52.000,52.000
1960,52,52,52,52,52,52.000,52.000
1961,52,52,52,52,52,52.000,52.000
1962,56,56,56,52,56,52.933,52.940
1963,52,52,52,52,56,53.000,52.935
1964,52,52,52,52,56,53.333,52.940
1965,52,52,56,52,56,52.933,52.938
1966,56,56,52,52,56,53.400,52.934
1967,52,52,56,52,56,53.067,52.940
1968,52,52,52,52,56,52.867,52.940
1969,56,56,52,52,56,52.933,52.934
1970,52,52,52,52,56,53.000,52.943
1971,56,56,52,52,56,52.933,52.934
1972,56,52,56,52,56,52.800,52.938
1973,52,56,52,52,56,53.000,52.932
1974,52,52,52,52,56,52.667,52.933
1975,52,52,52,52,56,53.267,52.932
1976,52,52,52,52,56,52.800,52.933
1977,52,52,52,52,56,53.200,52.935
1978,52,52,52,52,56,52.733,52.934
1979,56,52,52,52,56,52.667,52.940
1980,52,56,56,52,56,53.200,52.932
1981,56,52,56,52,56,52.533,52.936
1982,52,52,52,52,56,52.933,52.939
1983,56,52,52,52,56,52.667,52.941
1984,52,52,56,52,56,52.533,52.936
1985,52,52,52,52,56,52.867,52.941
1986,52,56,56,52,56,52.867,52.934
1987,52,56,56,52,56,53.533,52.933
1988,52,52,52,52,56,52.600,52.932
1989,52,52,56,52,56,53.000,52.940
1990,56,56,56,52,56,52.733,52.940
1991,52,52,52,52,56,52.600,52.931
1992,52,52,56,52,56,53.200,52.943
1993,52,52,52,52,56,53.133,52.944
1994,52,56,52,52,56,52.667,52.932
1995,52,56,52,52,56,52.867,52.925
1996,56,52,52,52,56,52.733,52.934
1997,56,52,52,52,56,52.800,52.937
1998,52,56,52,52,56,53.000,52.942
1999,52,52,56,52,56,53.400,52.942
2000,56,52,52,52,56,53.800,53.938
2001,52,52,52,52,56,53.467,53.940
2002,56,56,52,52,56,54.000,53.939
2003,56,52,56,52,56,53.933,53.935
2004,56,56,52,52,56,53.533,53.937
2005,56,56,56,52,56,53.800,53.934
2006,56,52,56,52,56,53.933,53.939
2007,56,56,52,52,56,54.067,53.937
2008,56,52,56,52,56,53.667,53.933
2009,52,56,52,52,56,54.067,53.943
2010,52,52,56,52,56,53.933,53.941
2011,56,52,52,52,56,53.933,53.930
2012,56,56,52,52,56,54.200,53.946
2013,52,56,56,52,56,53.600,53.937
2014,52,56,56,52,56,53.933,53.937
2015,56,52,56,52,56,53.800,53.943
2016,52,56,52,52,56,54.400,53.943
2017,52,52,56,52,56,54.133,53.951
2018,52,52,52,52,56,54.267,53.942
2019,56,56,52,52,56,54.133,53.929
2020,52,52,56,52,56,54.133,53.941
2021,56,52,52,52,56,53.800,53.929
2022,56,52,52,52,56,53.533,53.939
2023,52,56,52,52,56,54.067,53.933
2024,56,56,56,52,56,54.400,53.935
2025,52,56,56,52,56,53.733,53.941
2026,56,56,56,52,56,53.667,53.937
2027,52,52,56,52,56,54.000,53.937
2028,52,56,52,52,56,54.000,53.930
2029,56,52,56,52,56,53.600,53.926
2030,56,56,52,52,56,54.000,53.933
2031,56,56,56,52,56,54.067,53.940
2032,52,52,56,52,56,54.000,53.936
2033,56,52,52,52,56,53.600,53.942
2034,52,56,52,52,56,53.933,53.942
2035,52,56,56,52,56,53.600,53.942
2036,56,52,56,52,56,54.267,53.944
2037,52,56,52,52,56,53.867,53.934
2038,52,56,56,52,56,53.933,53.939
2039,52,56,56,52,56,54.933,55.000
2040,56,52,56,52,56,54.800,54.999
2041,56,56,56,52,56,54.867,55.004
2042,56,56,56,52,56,54.933,55.003
2043,56,56,52,52,56,55.000,55.004
2044,56,56,56,52,56,54.800,55.004
2045,56,56,52,52,56,55.067,55.001
2046,52,56,52,52,56,55.067,55.003
2047,56,52,56,52,56,55.067,55.000
2048,56,56,52,52,56,54.800,55.002
2049,56,52,56,52,56,55.067,54.996
2050,52,56,52,52,56,54.600,54.999
2051,56,56,56,52,56,54.867,55.008
2052,56,56,56,52,56,55.067,55.004
2053,56,52,56,52,56,54.933,55.009
2054,56,56,56,52,56,54.667,54.991
2055,56,56,56,52,56,55.000,55.002
2056,56,56,56,52,56,55.000,54.996
2057,52,56,56,52,56,54.800,55.001
2058,56,56,56,52,56,55.067,55.006
2059,52,56,56,52,56,55.333,55.006
2060,56,56,52,52,56,55.067,55.008
2061,56,56,56,52,56,55.067,54.996
2062,56,52,56,52,56,55.000,54.995
2063,52,56,56,52,56,55.200,54.988
2064,56,56,56,52,56,54.867,54.996
2065,56,52,56,52,56,55.133,54.999
2066,56,56,56,52,56,55.333,55.001
2067,56,56,56,52,56,54.733,55.007
2068,56,56,52,52,56,55.067,54.993
2069,56,52,56,52,56,54.933,55.000
2070,56,56,52,52,56,55.067,54.990
2071,56,56,56,52,56,54.533,55.005
2072,52,52,52,52,56,54.733,54.999
2073,56,56,52,52,56,55.067,54.998
2074,56,52,52,52,56,54.600,54.999
2075,52,56,52,52,56,55.133,55.000
2076,56,56,56,52,56,55.067,55.000
2077,56,56,56,52,56,55.400,54.997
2078,56,52,56,52,56,55.000,55.004
2079,56,56,56,56,56,56.000,56.000
2080,56,56,56,56,56,56.000,56.000
2081,56,56,56,56,56,56.000,56.000
2082,56,56,56,56,56,56.000,56.000
2083,56,56,56,56,56,56.000,56.000
2084,56,56,56,56,56,56.000,56.000
2085,56,56,56,56,56,56.000,56.000
2086,56,56,56,56,56,56.000,56.000
2087,56,56,56,56,56,56.000,56.000
2088,56,56,56,56,56,56.000,56.000
2089,56,56,56,56,56,56.000,56.000
2090,56,56,56,56,56,56.000,56.000
2091,56,56,56,56,56,56.000,56.000
2092,56,56,56,56,56,56.000,56.000
2093,56,56,56,56,56,56.000,56.000
2094,56,56,56,56,56,56.000,56.000
2095,56,56,56,56,56,56.000,56.000
2096,56,56,56,56,56,56.000,56.000
2097,56,56,56,56,56,56.000,56.000
2098,56,56,56,56,56,56.000,56.000
2099,56,56,56,56,56,56.000,56.000
2100,56,56,56,56,56,56.000,56.000
2101,56,56,56,56,56,56.000,56.000
2102,56,56,56,56,56,56.000,56.000
2103,56,56,56,56,56,56.000,56.000
2104,56,56,56,56,56,56.000,56.000
2105,56,56,56,56,56,56.000,56.000
2106,56,56,56,56,56,56.000,56.000
2107,56,56,56,56,56,56.000,56.000
2108,56,56,56,56,56,56.000,56.000
2109,56,56,56,56,56,56.000,56.000
2110,56,56,56,56,56,56.000,56.000
2111,56,56,56,56,56,56.000,56.000
2112,56,56,56,56,56,56.000,56.000
2113,56,56,56,56,56,56.000,56.000
2114,56,56,56,56,56,56.000,56.000
2115,56,56,56,56,56,56.000,56.000
2116,56,56,56,56,56,56.000,56.000
2117,56,56,56,56,56,56.000,56.000
2118,56,56,60,56,60,56.933,56.999
2119,56,56,60,56,60,57.133,57.000
2120,56,56,56,56,60,56.600,57.005
2121,56,56,60,56,60,56.867,56.999
2122,56,60,56,56,60,57.533,57.011
2123,56,56,56,56,60,56.867,57.003
2124,56,56,56,56,60,57.000,56.998
2125,56,56,56,56,60,57.067,56.999
2126,56,56,56,56,60,56.867,57.004
2127,56,60,56,56,60,57.133,57.004
2128,56,56,56,56,60,57.267,57.004
2129,56,60,56,56,60,57.200,57.007
2130,56,56,56,56,60,56.667,57.002
2131,56,56,56,56,60,56.733,56.998
2132,60,56,56,56,60,56.933,57.003
2133,56,56,56,56,60,56.933,56.999
2134,56,60,56,56,60,57.467,56.996
2135,56,56,60,56,60,57.000,57.001
2136,56,56,56,56,60,56.600,56.994
2137,60,56,56,56,60,56.600,57.006
2138,56,56,56,56,60,56.933,57.006
2139,60,56,56,56,60,56.933,57.002
2140,56,56,56,56,60,56.667,57.000
2141,56,56,56,56,60,57.000,57.006
2142,56,60,56,56,60,56.800,56.998
2143,56,56,60,56,60,56.600,56.994
2144,60,60,56,56,60,57.067,56.999
2145,56,60,60,56,60,57.133,57.000
2146,56,56,60,56,60,56.867,57.002
2147,56,56,56,56,60,56.600,57.002
2148,56,56,56,56,60,57.133,56.994
2149,56,56,60,56,60,57.067,57.006
2150,56,56,56,56,60,56.867,56.993
2151,56,60,56,56,60,57.133,57.004
2152,60,60,56,56,60,56.667,56.998
2153,56,56,56,56,60,57.400,57.002
2154,60,56,56,56,60,56.933,57.002
2155,60,56,60,56,60,56.867,56.992
2156,56,56,56,56,60,57.000,57.002
2157,56,60,60,56,60,56.933,56.999
2158,56,60,60,56,60,58.200,57.945
2159,60,60,60,56,60,58.000,57.933
2160,56,56,60,56,60,58.267,57.938
2161,60,56,56,56,60,57.667,57.937
2162,60,56,56,56,60,57.800,57.936
2163,60,56,56,56,60,58.467,57.948
2164,56,56,56,56,60,57.867,57.928
2165,60,56,56,56,60,58.000,57.931
2166,56,60,56,56,60,58.333,57.924
2167,60,60,60,56,60,57.867,57.934
2168,60,56,60,56,60,57.733,57.930
2169,60,56,56,56,60,58.267,57.931
2170,56,60,56,56,60,58.467,57.940
2171,60,56,60,56,60,57.667,57.933
2172,56,60,56,56,60,58.133,57.933
2173,60,60,60,56,60,58.267,57.936
2174,60,56,60,56,60,58.067,57.935
2175,60,56,56,56,60,58.133,57.937
2176,60,56,56,56,60,57.733,57.935
2177,56,56,56,56,60,57.933,57.941
2178,56,56,56,56,60,57.933,57.936
2179,56,56,60,56,60,58.000,57.935
2180,56,60,56,56,60,57.667,57.931
2181,56,56,60,56,60,57.933,57.935
2182,56,56,56,56,60,58.067,57.927
2183,60,56,56,56,60,57.800,57.926
2184,56,60,56,56,60,58.333,57.935
2185,56,60,60,56,60,58.067,57.944
2186,56,56,60,56,60,57.600,57.935
2187,60,56,56,56,60,58.067,57.941
2188,56,60,56,56,60,57.733,57.936
2189,60,56,60,56,60,57.600,57.931
2190,60,56,56,56,60,58.067,57.939
2191,56,60,56,56,60,58.200,57.943
2192,56,56,60,56,60,57.667,57.949
2193,56,56,56,56,60,57.533,57.944
2194,56,56,56,56,60,58.133,57.940
2195,60,56,56,56,60,58.267,57.941
2196,56,56,56,56,60,58.333,57.930
2197,60,56,56,56,60,58.933,58.998
2198,60,60,60,56,60,59.133,59.001
2199,56,60,56,56,60,58.733,59.001
2200,56,56,60,56,60,58.867,58.997
2201,60,56,60,56,60,59.000,58.998
2202,60,60,56,56,60,59.333,59.002
2203,56,56,60,56,60,59.267,58.997
2204,56,60,56,56,60,58.600,58.997
2205,60,56,60,56,60,59.000,58.989
2206,56,60,60,56,60,58.800,59.000
2207,56,60,56,56,60,59.067,58.993
2208,60,60,60,56,60,59.067,59.003
2209,60,60,60,56,60,59.133,59.002
2210,56,56,60,56,60,59.200,58.994
2211,56,60,56,56,60,59.067,58.997
2212,60,60,60,56,60,58.867,58.988
2213,56,56,60,56,60,58.867,59.001
2214,60,60,56,56,60,58.933,58.997
2215,56,60,60,56,60,59.333,58.997
2216,60,60,60,56,60,58.800,58.992
2217,60,60,60,56,60,59.267,58.995
2218,60,56,60,56,60,59.200,59.011
2219,60,60,60,56,60,58.933,59.000
2220,56,56,56,56,60,59.067,58.995
2221,60,60,56,56,60,59.133,58.993
2222,60,56,60,56,60,59.133,58.997
2223,56,60,56,56,60,59.000,58.992
2224,60,60,56,56,60,59.333,59.004
2225,60,56,56,56,60,58.867,59.006
2226,60,56,56,56,60,59.067,58.999
2227,60,56,60,56,60,59.267,58.998
2228,56,60,56,56,60,59.467,59.002
2229,60,60,60,56,60,58.600,59.005
2230,56,56,60,56,60,59.067,58.994
2231,60,56,56,56,60,59.200,58.998
2232,56,60,60,56,60,58.933,59.009
2233,60,60,60,56,60,58.867,59.003
2234,60,56,60,56,60,58.867,59.000
2235,56,60,60,56,60,58.667,58.997
2236,56,60,60,56,60,58.800,59.006
2237,60,60,60,60,60,60.000,60.000
2238,60,60,60,60,60,60.000,60.000
2239,60,60,60,60,60,60.000,60.000
2240,60,60,60,60,60,60.000,60.000
2241,60,60,60,60,60,60.000,60.000
2242,60,60,60,60,60,60.000,60.000
2243,60,60,60,60,60,60.000,60.000
2244,60,60,60,60,60,60.000,60.000
2245,60,60,60,60,60,60.000,60.000
2246,60,60,60,60,60,60.000,60.000
2247,60,60,60,60,60,60.000,60.000
2248,60,60,60,60,60,60.000,60.000
2249,60,60,60,60,60,60.000,60.000
2250,60,60,60,60,60,60.000,60.000
2251,60,60,60,60,60,60.000,60.000
2252,60,60,60,60,60,60.000,60.000
2253,60,60,60,60,60,60.000,60.000
2254,60,60,60,60,60,60.000,60.000
2255,60,60,60,60,60,60.000,60.000
2256,60,60,60,60,60,60.000,60.000
2257,60,60,60,60,60,60.000,60.000
2258,60,60,60,60,60,60.000,60.000
2259,60,60,60,60,60,60.000,60.000
2260,60,60,60,60,60,60.000,60.000
2261,60,60,60,60,60,60.000,60.000
2262,60,60,60,60,60,60.000,60.000
2263,60,60,60,60,60,60.000,60.000
2264,60,60,60,60,60,60.000,60.000
2265,60,60,60,60,60,60.000,60.000
2266,60,60,60,60,60,60.000,60.000
2267,60,60,60,60,60,60.000,60.000
2268,60,60,60,60,60,60.000,60.000
2269,60,60,60,60,60,60.000,60.000
2270,60,60,60,60,60,60.000,60.000
2271,60,60,60,60,60,60.000,60.000
2272,60,60,60,60,60,60.000,60.000
2273,60,60,60,60,60,60.000,60.000
2274,60,60,60,60,60,60.000,60.000
2275,60,60,60,60,60,60.000,60.000
2276,60,60,60,60,60,60.000,60.000
2277,60,60,60,60,64,61.067,60.999
2278,60,64,60,60,64,60.933,61.008
2279,64,60,60,60,64,60.933,60.998
2280,60,60,64,60,64,61.133,61.001
2281,64,60,60,60,64,60.867,61.003
2282,60,64,60,60,64,61.000,60.996
2283,60,64,60,60,64,60.867,60.998
2284,60,60,60,60,64,60.800,60.998
2285,60,60,60,60,64,60.733,61.004
2286,64,60,60,60,64,61.267,60.990
2287,60,60,60,60,64,61.400,60.993
2288,64,60,60,60,64,60.600,60.997
2289,60,64,60,60,64,61.000,61.006
2290,60,64,64,60,64,61.000,60.997
2291,60,60,60,60,64,61.267,61.000
2292,64,60,64,60,64,60.867,60.993
2293,64,60,60,60,64,61.200,60.998
2294,60,60,60,60,64,61.067,60.997
2295,60,60,60,60,64,60.800,61.007
2296,60,64,60,60,64,60.867,61.011
2297,60,64,64,60,64,61.067,60.997
2298,60,64,60,60,64,61.133,61.012
2299,64,60,64,60,64,61.000,60.996
2300,64,60,60,60,64,60.800,60.991
2301,60,60,64,60,64,61.000,60.999
2302,60,60,60,60,64,61.200,61.006
2303,60,60,60,60,64,61.067,61.001
2304,60,60,60,60,64,60.933,61.001
2305,60,64,60,60,64,61.133,61.010
2306,64,60,64,60,64,60.800,60.992
2307,64,60,60,60,64,60.733,61.003
2308,64,60,60,60,64,60.867,60.999
2309,60,60,60,60,64,61.000,60.997
2310,60,60,60,60,64,61.333,61.006
2311,60,60,60,60,64,60.800,61.001
2312,60,60,60,60,64,60.867,60.992
2313,60,60,60,60,64,60.600,61.000
2314,60,60,60,60,64,60.933,60.998
2315,64,60,60,60,64,60.733,60.998
2316,60,60,60,60,64,60.800,60.999
2317,64,60,60,60,64,62.067,62.008
2318,60,64,60,60,64,62.133,61.997
2319,60,64,64,60,64,61.867,61.996
2320,60,60,64,60,64,61.733,62.004
2321,60,60,60,60,64,62.200,62.003
2322,64,64,60,60,64,62.133,61.995
2323,60,64,64,60,64,61.867,61.995
2324,60,60,64,60,64,61.867,62.007
2325,60,64,60,60,64,62.733,61.992
2326,60,64,64,60,64,62.000,62.002
2327,60,60,64,60,64,62.067,62.000
2328,60,60,60,60,64,61.667,62.007
2329,60,64,60,60,64,61.933,61.999
2330,64,60,64,60,64,61.600,61.999
2331,64,64,60,60,64,62.333,61.998
2332,64,64,64,60,64,62.333,61.991
2333,60,60,64,60,64,62.000,62.004
2334,60,64,60,60,64,61.933,62.000
2335,64,64,64,60,64,61.600,61.995
2336,64,64,64,60,64,62.000,61.994
2337,60,60,64,60,64,61.800,62.001
2338,60,60,60,60,64,62.067,61.993
2339,64,60,60,60,64,61.867,62.005
2340,64,64,60,60,64,62.267,62.011
2341,60,64,64,60,64,61.733,61.998
2342,64,60,64,60,64,61.800,62.000
2343,64,64,60,60,64,61.867,62.000
2344,60,64,64,60,64,61.867,61.999
2345,60,64,64,60,64,61.800,61.999
2346,64,64,64,60,64,62.133,62.004
2347,60,64,64,60,64,62.000,62.003
2348,64,64,64,60,64,61.800,62.003
2349,64,60,64,60,64,61.933,62.004
2350,60,64,60,60,64,62.133,62.000
2351,64,64,64,60,64,61.800,61.990
2352,64,64,64,60,64,62.733,61.987
2353,64,64,64,60,64,62.200,61.997
2354,60,64,64,60,64,61.933,61.992
2355,60,60,64,60,64,61.800,61.995
2356,60,64,60,60,64,61.933,62.002
2357,64,64,64,60,64,63.067,62.999
2358,64,64,64,60,64,63.000,62.990
2359,60,64,64,60,64,63.200,62.987
2360,64,64,64,60,64,62.867,63.000
2361,64,64,64,60,64,63.400,62.990
2362,64,64,64,60,64,63.000,62.990
2363,64,64,64,60,64,62.733,62.997
2364,64,64,64,60,64,62.933,63.000
2365,64,64,64,60,64,63.133,63.006
2366,64,60,64,60,64,62.800,62.999
2367,64,64,60,60,64,62.733,63.005
2368,64,64,64,60,64,63.267,62.993
2369,64,64,64,60,64,63.133,62.990
2370,64,64,60,60,64,62.933,63.001
2371,64,64,64,60,64,62.867,62.995
2372,64,64,64,60,64,63.000,63.005
2373,64,60,64,60,64,62.733,62.997
2374,64,60,64,60,64,63.067,63.000
2375,64,64,64,60,64,62.933,63.005
2376,60,64,64,60,64,62.800,63.002
2377,64,64,64,60,64,63.000,62.995
2378,64,64,64,60,64,63.200,62.994
2379,64,64,64,60,64,62.933,63.001
2380,64,64,64,60,64,63.067,63.007
2381,64,64,64,60,64,63.200,63.008
2382,64,64,64,60,64,63.000,63.008
2383,60,64,60,60,64,63.067,63.005
2384,60,60,64,60,64,62.600,63.002
2385,64,60,64,60,64,63.533,63.001
2386,64,64,64,60,64,63.067,63.002
2387,64,64,64,60,64,63.200,62.997
2388,64,64,64,60,64,63.000,63.000
2389,64,64,60,60,64,62.600,63.002
2390,64,64,64,60,64,62.867,63.003
2391,64,64,64,60,64,62.867,63.003
2392,64,60,64,60,64,63.200,63.004
2393,64,64,64,60,64,62.733,62.998
2394,60,64,64,60,64,62.733,63.002
2395,60,60,64,60,64,62.600,62.994
2396,64,64,64,60,64,63.000,63.009
2397,64,64,64,60,64,63.067,63.006
2398,64,64,64,64,64,64.000,64.000
2399,64,64,64,64,64,64.000,64.000
2400,64,64,64,64,64,64.000,64.000
2401,64,64,64,64,64,64.000,64.000
2402,64,64,64,64,64,64.000,64.000
2403,64,64,64,64,64,64.000,64.000
2404,64,64,64,64,64,64.000,64.000
2405,64,64,64,64,64,64.000,64.000
2406,64,64,64,64,64,64.000,64.000
2407,64,64,64,64,64,64.000,64.000
2408,64,64,64,64,64,64.000,64.000
2409,64,64,64,64,64,64.000,64.000
2410,64,64,64,64,64,64.000,64.000
2411,64,64,64,64,64,64.000,64.000
2412,64,64,64,64,64,64.000,64.000
2413,64,64,64,64,64,64.000,64.000
2414,64,64,64,64,64,64.000,64.000
2415,64,64,64,64,64,64.000,64.000
2416,64,64,64,64,64,64.000,64.000
2417,64,64,64,64,64,64.000,64.000
2418,64,64,64,64,64,64.000,64.000
2419,64,64,64,64,64,64.000,64.000
2420,64,64,64,64,64,64.000,64.000
2421,64,64,64,64,64,64.000,64.000
2422,64,64,64,64,64,64.000,64.000
2423,64,64,64,64,64,64.000,64.000
2424,64,64,64,64,64,64.000,64.000
2425,64,64,64,64,64,64.000,64.000
2426,64,64,64,64,64,64.000,64.000
2427,64,64,64,64,64,64.000,64.000
2428,64,64,64,64,64,64.000,64.000
2429,64,64,64,64,64,64.000,64.000
2430,64,64,64,64,64,64.000,64.000
2431,64,64,64,64,64,64.000,64.000
2432,64,64,64,64,64,64.000,64.000
2433,64,64,64,64,64,64.000,64.000
2434,64,64,64,64,64,64.000,64.000
2435,64,64,64,64,64,64.000,64.000
2436,64,64,64,64,64,64.000,64.000
2437,64,64,64,64,64,64.000,64.000
2438,64,64,64,64,64,64.000,64.000
2439,64,64,64,64,64,64.000,64.000
2440,68,68,64,64,68,65.000,65.001
2441,64,64,68,64,68,65.267,64.998
2442,64,64,64,64,68,64.933,65.001
2443,64,64,64,64,68,64.800,65.000
2444,64,68,64,64,68,64.733,64.996
2445,64,64,64,64,68,64.933,64.999
2446,64,64,64,64,68,65.000,64.995
2447,68,64,64,64,68,64.800,64.999
2448,64,68,64,64,68,65.133,64.997
2449,68,64,68,64,68,65.133,64.999
2450,68,64,64,64,68,64.867,65.006
2451,64,68,68,64,68,64.800,65.002
2452,64,64,68,64,68,65.000,65.002
2453,64,64,64,64,68,64.933,64.999
2454,68,64,64,64,68,65.067,64.993
2455,64,64,64,64,68,64.933,64.992
2456,64,64,64,64,68,65.267,65.001
2457,64,68,64,64,68,64.600,65.008
2458,68,68,68,64,68,65.133,65.008
2459,64,64,64,64,68,65.333,65.004
2460,64,68,64,64,68,64.800,64.996
2461,68,68,68,64,68,65.200,65.005
2462,64,64,64,64,68,64.867,64.999
2463,64,68,64,64,68,65.200,65.002
2464,64,68,64,64,68,64.400,65.005
2465,64,68,68,64,68,65.267,65.000
2466,64,64,68,64,68,65.067,65.005
2467,68,68,64,64,68,65.067,65.005
2468,68,64,68,64,68,64.667,65.002
2469,64,64,64,64,68,65.000,64.998
2470,68,68,64,64,68,65.267,65.007
2471,68,68,64,64,68,64.600,64.998
2472,64,64,68,64,68,65.467,64.993
2473,68,64,64,64,68,64.800,65.001
2474,68,68,64,64,68,64.933,65.000
2475,68,64,64,64,68,64.733,64.997
2476,64,64,64,64,68,65.333,64.997
2477,68,68,64,64,68,65.200,65.001
2478,64,64,68,64,68,64.867,64.999
2479,64,64,64,64,68,65.200,65.003
2480,68,64,64,64,68,64.733,65.000
2481,68,64,64,64,68,64.800,65.007
2482,68,68,64,64,68,65.733,66.006
2483,64,64,68,64,68,66.400,66.005
2484,68,64,64,64,68,66.067,65.998
2485,64,64,64,64,68,66.200,65.996
2486,64,64,64,64,68,66.267,66.000
2487,68,64,64,64,68,65.733,66.005
2488,68,68,64,64,68,66.133,65.995
2489,64,64,68,64,68,66.400,66.001
2490,68,68,64,64,68,66.067,66.009
2491,68,64,68,64,68,66.133,65.992
2492,64,64,64,64,68,66.000,65.999
2493,68,64,64,64,68,66.000,65.991
2494,68,68,64,64,68,65.733,66.002
2495,64,68,68,64,68,65.533,65.996
2496,64,64,68,64,68,65.667,66.004
2497,64,68,64,64,68,66.267,66.001
2498,64,64,68,64,68,66.333,66.008
2499,68,64,64,64,68,66.000,65.998
2500,64,64,64,64,68,66.133,66.008
2501,64,68,64,64,68,66.000,66.005
2502,64,64,68,64,68,65.867,66.010
2503,64,64,64,64,68,66.133,66.002
2504,64,68,64,64,68,66.000,65.993
2505,68,64,68,64,68,66.400,66.007
2506,64,68,64,64,68,66.200,66.000
2507,68,68,68,64,68,65.333,65.999
2508,64,68,68,64,68,66.267,66.006
2509,64,64,68,64,68,65.867,65.998
2510,64,68,64,64,68,65.867,65.997
2511,68,68,68,64,68,65.867,65.999
2512,68,68,68,64,68,66.133,65.998
2513,64,68,68,64,68,65.867,65.999
2514,68,68,68,64,68,66.133,66.002
2515,64,64,68,64,68,65.600,66.001
2516,64,64,64,64,68,65.867,66.003
2517,64,64,64,64,68,65.733,66.005
2518,68,68,64,64,68,65.667,66.009
2519,64,68,68,64,68,65.800,65.999
2520,64,64,68,64,68,66.067,65.986
2521,68,64,64,64,68,65.867,66.002
2522,68,68,68,64,68,67.133,67.004
2523,68,68,68,64,68,67.133,67.003
2524,68,64,68,64,68,66.933,67.007
2525,68,68,68,64,68,66.667,67.005
2526,64,68,64,64,68,66.733,67.002
2527,68,64,68,64,68,66.733,66.994
2528,68,64,64,64,68,67.000,67.003
2529,68,68,68,64,68,67.200,66.998
2530,68,68,68,64,68,67.133,66.999
2531,68,64,68,64,68,66.933,66.999
2532,68,64,68,64,68,66.800,66.993
2533,68,68,64,64,68,66.933,66.995
2534,64,64,68,64,68,66.800,67.003
2535,68,64,68,64,68,67.133,67.005
2536,68,68,68,64,68,67.000,67.003
2537,64,68,64,64,68,67.533,66.997
2538,64,64,68,64,68,66.533,67.003
2539,68,64,68,64,68,66.867,67.000
2540,68,68,68,64,68,66.867,67.002
2541,64,68,68,64,68,67.067,67.002
2542,64,68,68,64,68,67.267,67.000
2543,68,64,68,64,68,66.867,67.005
2544,64,68,64,64,68,67.333,67.004
2545,64,68,64,64,68,66.467,67.006
2546,68,68,68,64,68,67.133,66.996
2547,68,68,68,64,68,66.600,67.000
2548,64,68,68,64,68,67.267,67.004
2549,64,68,68,64,68,66.867,67.003
2550,68,68,68,64,68,67.067,67.003
2551,68,64,68,64,68,67.200,66.998
2552,68,68,64,64,68,67.267,67.000
2553,64,68,68,64,68,66.733,67.002
2554,68,68,68,64,68,66.667,66.999
2555,68,68,68,64,68,67.000,67.003
2556,68,68,68,64,68,67.400,66.996
2557,68,68,68,64,68,67.400,67.010
2558,68,64,68,64,68,67.200,66.999
2559,68,68,64,64,68,67.600,67.002
2560,68,68,64,64,68,66.800,66.994
2561,64,68,68,64,68,67.133,67.001
2562,68,68,68,64,68,67.267,66.999
2563,68,68,64,64,68,67.067,66.999
2564,68,68,68,68,68,68.000,68.000
2565,68,68,68,68,68,68.000,68.000
2566,68,68,68,68,68,68.000,68.000
2567,68,68,68,68,68,68.000,68.000
2568,68,68,68,68,68,68.000,68.000
2569,68,68,68,68,68,68.000,68.000
2570,68,68,68,68,68,68.000,68.000
2571,68,68,68,68,68,68.000,68.000
2572,68,68,68,68,68,68.000,68.000
2573,68,68,68,68,68,68.000,68.000
2574,68,68,68,68,68,68.000,68.000
2575,68,68,68,68,68,68.000,68.000
2576,68,68,68,68,68,68.000,68.000
2577,68,68,68,68,68,68.000,68.000
2578,68,68,68,68,68,68.000,68.000
2579,68,68,68,68,68,68.000,68.000
2580,68,68,68,68,68,68.000,68.000
2581,68,68,68,68,68,68.000,68.000
2582,68,68,68,68,68,68.000,68.000
2583,68,68,68,68,68,68.000,68.000
2584,68,68,68,68,68,68.000,68.000
2585,68,68,68,68,68,68.000,68.000
2586,68,68,68,68,68,68.000,68.000
2587,68,68,68,68,68,68.000,68.000
2588,68,68,68,68,68,68.000,68.000
2589,68,68,68,68,68,68.000,68.000
2590,68,68,68,68,68,68.000,68.000
2591,68,68,68,68,68,68.000,68.000
2592,68,68,68,68,68,68.000,68.000
2593,68,68,68,68,68,68.000,68.000
2594,68,68,68,68,68,68.000,68.000
2595,68,68,68,68,68,68.000,68.000
2596,68,68,68,68,68,68.000,68.000
2597,68,68,68,68,68,68.000,68.000
2598,68,68,68,68,68,68.000,68.000
2599,68,68,68,68,68,68.000,68.000
2600,68,68,68,68,68,68.000,68.000
2601,68,68,68,68,68,68.000,68.000
2602,68,68,68,68,68,68.000,68.000
2603,68,68,68,68,68,68.000,68.000
2604,68,68,68,68,72,69.133,69.002
2605,72,68,68,68,72,69.000,69.004
2606,68,68,72,68,72,68.800,68.998
2607,68,68,68,68,72,68.933,68.999
2608,68,68,68,68,72,69.067,68.996
2609,68,72,68,68,72,69.067,69.005
2610,68,72,72,68,72,69.000,68.998
2611,68,68,72,68,72,68.933,68.998
2612,72,72,72,68,72,68.667,69.008
2613,68,68,68,68,72,69.333,69.004
2614,68,72,68,68,72,69.000,69.005
2615,68,68,72,68,72,69.333,68.999
2616,68,72,68,68,72,69.467,69.009
2617,68,68,68,68,72,69.200,69.006
2618,68,72,68,68,72,68.600,68.998
2619,72,72,68,68,72,68.933,69.003
2620,72,68,68,68,72,68.933,69.002
2621,68,68,68,68,72,68.733,69.006
2622,72,68,68,68,72,68.867,68.999
2623,68,72,72,68,72,69.533,69.005
2624,72,68,68,68,72,69.533,69.003
2625,68,72,68,68,72,68.467,69.002
2626,72,72,68,68,72,69.467,69.004
2627,68,68,68,68,72,68.533,69.006
2628,72,68,68,68,72,68.800,69.010
2629,72,68,68,68,72,69.533,69.006
2630,68,68,68,68,72,69.000,69.002
2631,68,68,68,68,72,69.200,69.001
2632,68,68,68,68,72,68.867,68.998
2633,72,72,68,68,72,69.200,68.994
2634,68,68,68,68,72,69.067,69.002
2635,72,68,72,68,72,68.733,69.004
2636,72,68,68,68,72,69.133,69.003
2637,68,68,72,68,72,68.733,69.003
2638,68,68,72,68,72,69.467,69.006
2639,68,68,68,68,72,68.733,68.997
2640,68,72,72,68,72,68.933,69.004
2641,68,72,72,68,72,69.067,69.001
2642,68,72,72,68,72,69.000,69.002
2643,72,72,68,68,72,69.000,69.002
2644,68,68,72,68,72,69.000,69.006
2645,68,68,68,68,72,69.067,69.000
2646,68,68,72,68,72,70.067,70.000
2647,68,68,68,68,72,69.800,69.991
2648,72,72,68,68,72,70.133,69.997
2649,68,72,72,68,72,69.867,70.003
2650,72,68,72,68,72,70.133,70.003
2651,72,72,68,68,72,70.733,70.001
2652,72,72,72,68,72,70.067,69.997
2653,72,72,72,68,72,70.133,69.993
2654,72,72,72,68,72,70.000,69.990
2655,68,72,72,68,72,70.200,70.002
2656,72,72,72,68,72,70.000,69.999
2657,72,72,72,68,72,69.733,69.999
2658,72,68,72,68,72,70.067,70.000
2659,72,68,68,68,72,69.933,69.996
2660,72,68,68,68,72,70.067,70.006
2661,68,68,68,68,72,70.067,69.997
2662,72,68,68,68,72,70.000,69.998
2663,68,68,68,68,72,69.933,70.000
2664,68,68,68,68,72,70.133,70.006
2665,72,68,68,68,72,69.800,70.000
2666,72,72,68,68,72,69.867,69.996
2667,68,68,72,68,72,69.800,70.007
2668,72,72,68,68,72,69.867,70.001
2669,72,72,72,68,72,69.667,70.000
2670,72,72,72,68,72,70.467,69.995
2671,72,68,72,68,72,70.133,70.005
2672,72,68,68,68,72,70.000,69.996
2673,72,72,68,68,72,70.000,70.008
2674,72,72,72,68,72,70.200,70.000
2675,68,72,72,68,72,69.600,69.992
2676,68,68,72,68,72,70.067,69.991
2677,68,68,68,68,72,70.000,69.993
2678,68,68,68,68,72,69.867,70.005
2679,68,68,68,68,72,69.667,70.005
2680,68,68,68,68,72,70.200,70.002
2681,68,68,68,68,72,70.200,70.001
2682,68,68,68,68,72,70.133,69.999
2683,72,68,68,68,72,69.933,69.995
2684,68,68,68,68,72,69.800,69.993
2685,72,72,68,68,72,69.800,70.004
2686,72,72,72,68,72,70.200,70.008
2687,72,72,72,68,72,69.400,69.997
2688,68,68,72,68,72,71.267,71.004
2689,68,72,68,68,72,71.000,71.009
2690,72,72,72,68,72,70.733,70.997
2691,72,72,72,68,72,71.000,71.004
2692,72,72,72,68,72,71.067,71.004
2693,68,72,72,68,72,71.267,71.008
2694,68,72,72,68,72,70.600,70.990
2695,72,72,72,68,72,70.867,70.997
2696,72,72,72,68,72,70.933,71.004
2697,72,72,72,68,72,70.867,70.998
2698,68,72,72,68,72,71.067,71.002
2699,72,72,72,68,72,71.200,71.000
2700,72,68,72,68,72,71.133,71.004
2701,72,72,72,68,72,70.933,70.998
2702,72,72,72,68,72,70.733,71.000
2703,72,68,72,68,72,71.000,71.002
2704,72,72,68,68,72,71.000,71.005
2705,72,72,72,68,72,71.133,71.002
2706,72,72,68,68,72,71.000,71.004
2707,72,72,72,68,72,70.733,71.004
2708,72,72,72,68,72,71.000,70.999
2709,72,72,72,68,72,70.867,70.997
2710,68,68,72,68,72,71.200,70.991
2711,72,72,68,68,72,70.933,71.000
2712,72,72,72,68,72,71.067,71.002
2713,68,72,72,68,72,70.867,71.002
2714,72,72,72,68,72,70.867,71.008
2715,72,72,72,68,72,71.333,71.002
2716,72,72,68,68,72,70.933,70.995
2717,72,72,72,68,72,71.200,71.002
2718,72,72,72,68,72,70.800,70.993
2719,72,72,72,68,72,71.067,70.992
2720,68,72,72,68,72,71.067,70.997
2721,72,68,68,68,72,70.600,71.003
2722,72,68,72,68,72,71.000,71.002
2723,72,72,72,68,72,71.333,70.995
2724,72,72,72,68,72,71.267,71.004
2725,72,68,72,68,72,70.800,70.996
2726,72,68,72,68,72,70.800,70.998
2727,72,72,72,68,72,70.733,70.994
2728,72,68,72,68,72,70.667,70.999
2729,72,72,68,68,72,70.733,70.999
2730,72,72,72,72,72,72.000,72.000
2731,72,72,72,72,72,72.000,72.000
2732,72,72,72,72,72,72.000,72.000
2733,72,72,72,72,72,72.000,72.000
2734,72,72,72,72,72,72.000,72.000
2735,72,72,72,72,72,72.000,72.000
2736,72,72,72,72,72,72.000,72.000
2737,72,72,72,72,72,72.000,72.000
2738,72,72,72,72,72,72.000,72.000
2739,72,72,72,72,72,72.000,72.000
2740,72,72,72,72,72,72.000,72.000
2741,72,72,72,72,72,72.000,72.000
2742,72,72,72,72,72,72.000,72.000
2743,72,72,72,72,72,72.000,72.000
2744,72,72,72,72,72,72.000,72.000
2745,72,72,72,72,72,72.000,72.000
2746,72,72,72,72,72,72.000,72.000
2747,72,72,72,72,72,72.000,72.000
2748,72,72,72,72,72,72.000,72.000
2749,72,72,72,72,72,72.000,72.000
2750,72,72,72,72,72,72.000,72.000
2751,72,72,72,72,72,72.000,72.000
2752,72,72,72,72,72,72.000,72.000
2753,72,72,72,72,72,72.000,72.000
2754,72,72,72,72,72,72.000,72.000
2755,72,72,72,72,72,72.000,72.000
2756,72,72,72,72,72,72.000,72.000
2757,72,72,72,72,72,72.000,72.000
2758,72,72,72,72,72,72.000,72.000
2759,72,72,72,72,72,72.000,72.000
2760,72,72,72,72,72,72.000,72.000
2761,72,72,72,72,72,72.000,72.000
2762,72,72,72,72,72,72.000,72.000
2763,72,72,72,72,72,72.000,72.000
2764,72,72,72,72,72,72.000,72.000
2765,72,72,72,72,72,72.000,72.000
2766,72,72,72,72,72,72.000,72.000
2767,72,72,72,72,72,72.000,72.000
2768,72,72,72,72,72,72.000,72.000
2769,72,72,72,72,72,72.000,72.000
2770,72,72,72,72,72,72.000,72.000
2771,72,72,72,72,72,72.000,72.000
2772,72,72,72,72,76,73.267,73.005
2773,72,72,72,72,76,73.333,72.997
2774,76,72,72,72,76,73.067,73.003
2775,72,76,72,72,76,73.000,72.998
2776,72,76,76,72,76,72.867,73.006
2777,72,72,76,72,76,73.000,73.002
2778,72,72,72,72,76,73.200,72.998
2779,72,72,76,72,76,72.800,73.002
2780,72,72,72,72,76,73.200,73.002
2781,72,72,72,72,76,72.867,72.992
2782,72,72,72,72,76,73.000,73.002
2783,72,72,72,72,76,73.067,73.002
2784,72,72,72,72,76,73.200,73.001
2785,76,76,76,72,76,73.000,72.995
2786,76,76,76,72,76,72.733,73.001
2787,72,76,72,72,76,72.867,73.011
2788,72,72,76,72,76,72.800,73.001
2789,72,72,72,72,76,72.867,72.997
2790,72,72,72,72,76,72.867,72.991
2791,72,72,72,72,76,73.267,73.000
2792,72,72,72,72,76,73.067,72.999
2793,72,72,72,72,76,73.000,72.993
2794,72,76,72,72,76,72.867,73.008
2795,76,72,72,72,76,73.133,73.008
2796,76,76,72,72,76,72.733,72.995
2797,76,72,76,72,76,73.000,73.002
2798,72,72,72,72,76,73.267,72.998
2799,72,72,72,72,76,73.067,73.003
2800,72,72,72,72,76,73.000,72.994
2801,72,76,72,72,76,72.667,73.011
2802,72,72,72,72,76,73.467,72.997
2803,72,76,72,72,76,72.933,73.003
2804,76,76,76,72,76,73.267,73.006
2805,72,72,72,72,76,73.267,73.005
2806,76,72,72,72,76,73.000,73.000
2807,72,72,76,72,76,73.067,73.013
2808,72,76,76,72,76,73.200,73.004
2809,72,72,72,72,76,73.200,73.003
2810,72,72,72,72,76,72.800,73.001
2811,76,72,72,72,76,73.200,73.000
2812,72,72,72,72,76,73.067,72.994
2813,76,72,72,72,76,73.000,72.998
2814,76,72,72,72,76,74.000,74.009
2815,72,76,72,72,76,74.000,73.997
2816,72,72,76,72,76,74.333,74.007
2817,72,72,72,72,76,73.667,74.001
2818,76,72,72,72,76,73.800,73.998
2819,72,72,72,72,76,73.933,73.989
2820,76,76,72,72,76,73.733,73.996
2821,76,76,76,72,76,74.200,74.004
2822,72,76,76,72,76,74.267,73.997
2823,76,72,76,72,76,74.200,73.998
2824,76,76,72,72,76,73.933,74.003
2825,76,76,76,72,76,73.933,74.004
2826,76,76,76,72,76,73.800,73.998
2827,72,76,76,72,76,74.333,73.994
2828,72,72,76,72,76,74.067,74.000
2829,72,76,72,72,76,73.800,74.012
2830,72,72,76,72,76,74.267,74.000
2831,72,72,72,72,76,74.200,73.992
2832,76,72,72,72,76,74.200,73.998
2833,72,72,72,72,76,74.000,74.003
2834,72,76,72,72,76,74.133,74.003
2835,72,76,76,72,76,74.200,74.003
2836,72,76,76,72,76,74.200,74.001
2837,76,76,76,72,76,74.333,73.992
2838,76,76,76,72,76,74.067,73.989
2839,76,72,76,72,76,74.067,73.996
2840,72,72,72,72,76,73.733,74.003
2841,76,72,72,72,76,74.067,74.003
2842,76,76,72,72,76,74.000,73.998
2843,76,76,76,72,76,73.867,73.996
2844,76,72,76,72,76,73.733,73.988
2845,72,76,72,72,76,73.400,73.998
2846,76,72,76,72,76,74.400,74.008
2847,72,76,72,72,76,74.000,74.004
2848,72,76,76,72,76,73.600,73.996
2849,72,76,76,72,76,73.667,74.001
2850,72,72,76,72,76,73.800,74.008
2851,76,76,72,72,76,74.333,74.000
2852,76,76,76,72,76,74.733,74.006
2853,76,72,76,72,76,73.533,73.995
2854,76,72,72,72,76,73.933,74.003
2855,76,72,72,72,76,73.867,73.998
2856,72,76,72,72,76,74.667,75.002
2857,76,72,76,72,76,74.933,75.003
2858,76,76,72,72,76,75.333,75.001
2859,76,76,72,72,76,75.800,75.002
2860,76,76,72,72,76,74.733,75.002
2861,76,72,76,72,76,74.933,74.996
2862,76,76,76,72,76,74.933,75.001
2863,72,76,76,72,76,74.800,75.003
2864,76,72,76,72,76,75.067,74.997
2865,76,72,76,72,76,75.400,75.002
2866,76,72,76,72,76,75.333,75.002
2867,72,76,72,72,76,75.267,75.007
2868,76,72,72,72,76,74.800,74.993
2869,76,76,72,72,76,75.200,75.000
2870,76,76,76,72,76,74.467,75.000
2871,72,72,76,72,76,74.867,74.999
2872,76,72,72,72,76,75.267,75.001
2873,76,76,76,72,76,75.133,75.002
2874,72,72,76,72,76,75.133,74.995
2875,72,72,76,72,76,74.400,74.995
2876,72,76,76,72,76,75.200,75.004
2877,76,76,76,72,76,74.933,75.004
2878,72,76,76,72,76,75.067,74.997
2879,76,76,76,72,76,74.667,75.002
2880,76,76,76,72,76,75.333,74.999
2881,72,72,76,72,76,75.200,75.003
2882,72,72,72,72,76,75.200,74.991
2883,76,72,72,72,76,75.200,74.993
2884,72,76,76,72,76,74.800,75.006
2885,72,76,72,72,76,74.933,75.002
2886,76,76,76,72,76,74.867,75.001
2887,76,76,76,72,76,75.000,74.998
2888,76,76,76,72,76,75.200,75.007
2889,76,72,76,72,76,75.133,74.995
2890,76,72,76,72,76,75.000,74.997
2891,72,76,72,72,76,74.733,75.000
2892,72,76,76,72,76,74.800,75.010
2893,72,76,76,72,76,75.267,75.002
2894,76,76,76,72,76,74.933,74.997
2895,76,76,76,72,76,75.333,75.002
2896,76,72,76,72,76,75.133,75.000
2897,76,72,76,72,76,75.200,75.000
2898,76,76,76,72,76,75.000,74.999
2899,72,76,72,72,76,75.000,75.001
2900,76,76,76,76,76,76.000,76.000
2901,76,76,76,76,76,76.000,76.000
2902,76,76,76,76,76,76.000,76.000
2903,76,76,76,76,76,76.000,76.000
2904,76,76,76,76,76,76.000,76.000
2905,76,76,76,76,76,76.000,76.000
2906,76,76,76,76,76,76.000,76.000
2907,76,76,76,76,76,76.000,76.000
2908,76,76,76,76,76,76.000,76.000
2909,76,76,76,76,76,76.000,76.000
2910,76,76,76,76,76,76.000,76.000
2911,76,76,76,76,76,76.000,76.000
2912,76,76,76,76,76,76.000,76.000
2913,76,76,76,76,76,76.000,76.000
2914,76,76,76,76,76,76.000,76.000
2915,76,76,76,76,76,76.000,76.000
2916,76,76,76,76,76,76.000,76.000
2917,76,76,76,76,76,76.000,76.000
2918,76,76,76,76,76,76.000,76.000
2919,76,76,76,76,76,76.000,76.000
2920,76,76,76,76,76,76.000,76.000
2921,76,76,76,76,76,76.000,76.000
2922,76,76,76,76,76,76.000,76.000
2923,76,76,76,76,76,76.000,76.000
2924,76,76,76,76,76,76.000,76.000
2925,76,76,76,76,76,76.000,76.000
2926,76,76,76,76,76,76.000,76.000
2927,76,76,76,76,76,76.000,76.000
2928,76,76,76,76,76,76.000,76.000
2929,76,76,76,76,76,76.000,76.000
2930,76,76,76,76,76,76.000,76.000
2931,76,76,76,76,76,76.000,76.000
2932,76,76,76,76,76,76.000,76.000
2933,76,76,76,76,76,76.000,76.000
2934,76,76,76,76,76,76.000,76.000
2935,76,76,76,76,76,76.000,76.000
2936,76,76,76,76,76,76.000,76.000
2937,76,76,76,76,76,76.000,76.000
2938,76,76,76,76,76,76.000,76.000
2939,76,76,76,76,76,76.000,76.000
2940,76,76,76,76,76,76.000,76.000
2941,76,76,76,76,76,76.000,76.000
2942,76,80,76,76,80,77.067,77.010
2943,76,76,80,76,80,76.933,77.007
2944,76,80,76,76,80,76.667,76.999
2945,80,80,80,76,80,77.000,77.007
2946,76,80,80,76,80,77.333,76.995
2947,80,76,80,76,80,76.667,77.010
2948,76,76,76,76,80,76.933,76.994
2949,76,80,80,76,80,77.133,77.004
2950,80,80,80,76,80,77.067,77.004
2951,76,80,76,76,80,76.667,77.014
2952,80,80,76,76,80,77.600,77.003
2953,76,76,80,76,80,76.733,76.996
2954,80,76,76,76,80,77.067,76.998
2955,80,76,76,76,80,77.133,76.998
2956,80,80,76,76,80,76.800,77.001
2957,76,76,76,76,80,76.800,77.003
2958,76,80,76,76,80,76.867,77.010
2959,80,80,76,76,80,76.867,76.995
2960,80,76,76,76,80,76.800,76.990
2961,80,76,80,76,80,77.267,77.001
2962,80,76,76,76,80,77.067,77.008
2963,76,76,80,76,80,76.667,76.996
2964,76,76,76,76,80,76.867,76.993
2965,76,76,80,76,80,77.000,77.001
2966,80,76,76,76,80,76.733,77.001
2967,76,76,76,76,80,77.000,77.002
2968,80,76,76,76,80,76.867,77.000
2969,80,76,76,76,80,76.800,76.998
2970,76,76,76,76,80,77.000,76.999
2971,76,80,80,76,80,76.867,76.995
2972,76,76,80,76,80,76.733,76.997
2973,76,76,80,76,80,77.067,77.004
2974,76,76,80,76,80,77.600,76.999
2975,76,80,76,76,80,76.933,77.004
2976,76,76,80,76,80,77.067,76.999
2977,76,80,76,76,80,76.867,77.000
2978,76,80,80,76,80,77.333,76.998
2979,76,80,80,76,80,77.000,77.000
2980,76,76,80,76,80,77.333,76.998
2981,80,76,76,76,80,77.133,76.992
2982,76,76,76,76,80,76.933,76.999
2983,76,76,76,76,80,76.867,77.002
2984,76,80,76,76,80,77.867,78.012
2985,80,80,80,76,80,78.067,77.996
2986,76,80,80,76,80,78.133,77.999
2987,80,80,80,76,80,78.133,77.996
2988,80,80,80,76,80,78.067,77.999
2989,80,76,80,76,80,77.600,77.994
2990,80,76,76,76,80,78.200,77.998
2991,76,80,76,76,80,78.000,77.998
2992,80,76,80,76,80,78.200,77.996
2993,76,76,76,76,80,78.133,77.999
2994,80,80,76,76,80,77.867,78.001
2995,80,80,80,76,80,78.200,77.997
2996,80,76,80,76,80,77.733,78.003
2997,76,80,76,76,80,78.133,78.006
2998,76,80,80,76,80,78.200,78.007
2999,76,76,80,76,80,78.333,78.000
3000,76,80,76,76,80,77.867,78.005
3001,80,80,80,76,80,78.000,78.005
3002,80,80,80,76,80,78.267,78.001
3003,80,80,80,76,80,78.000,77.994
3004,80,80,80,76,80,78.133,78.007
3005,80,80,80,76,80,78.467,78.005
3006,76,76,80,76,80,77.867,77.995
3007,76,76,76,76,80,78.067,78.006
3008,80,76,76,76,80,77.200,77.991
3009,76,80,76,76,80,77.800,77.999
3010,76,76,80,76,80,78.467,78.000
3011,80,76,76,76,80,77.933,78.008
3012,80,76,76,76,80,78.067,78.006
3013,76,76,76,76,80,78.000,77.998
3014,80,76,76,76,80,78.267,77.998
3015,80,76,76,76,80,77.600,77.986
3016,76,76,76,76,80,78.200,77.990
3017,80,80,76,76,80,77.933,77.997
3018,80,80,80,76,80,77.867,78.000
3019,80,76,80,76,80,78.267,78.005
3020,80,76,76,76,80,77.667,77.998
3021,80,80,76,76,80,77.733,78.002
3022,80,76,80,76,80,77.733,77.999
3023,76,80,76,76,80,78.467,78.007
3024,76,76,80,76,80,78.267,78.003
3025,76,80,76,76,80,78.133,78.009
3026,80,76,80,76,80,78.533,78.000
3027,76,76,76,76,80,78.133,78.004
3028,80,80,80,76,80,79.000,79.002
3029,76,80,80,76,80,79.000,78.999
3030,76,80,80,76,80,79.133,79.004
3031,80,76,80,76,80,78.800,79.013
3032,76,80,80,76,80,79.000,79.005
3033,80,76,80,76,80,79.333,78.999
3034,80,80,76,76,80,79.200,78.996
3035,80,76,80,76,80,79.067,78.998
3036,76,80,76,76,80,79.333,78.999
3037,76,80,80,76,80,79.000,78.997
3038,80,80,80,76,80,78.800,79.006
3039,80,80,80,76,80,79.333,78.992
3040,80,80,76,76,80,78.867,79.002
3041,76,80,80,76,80,79.000,78.994
3042,80,76,76,76,80,78.867,78.999
3043,76,76,76,76,80,79.267,78.996
3044,80,80,76,76,80,79.267,78.994
3045,76,80,80,76,80,78.600,79.002
3046,80,76,80,76,80,79.067,79.003
3047,80,80,76,76,80,79.067,78.996
3048,80,76,76,76,80,78.600,78.992
3049,80,76,80,76,80,78.800,79.003
3050,80,76,76,76,80,79.067,79.002
3051,80,80,80,76,80,78.667,79.003
3052,76,76,80,76,80,78.800,79.005
3053,76,80,80,76,80,78.867,79.000
3054,80,80,80,76,80,78.933,78.990
3055,80,80,80,76,80,79.267,79.001
3056,76,80,80,76,80,79.000,78.995
3057,80,80,80,76,80,79.200,79.000
3058,76,80,80,76,80,78.800,79.006
3059,76,76,80,76,80,78.800,78.997
3060,76,80,80,76,80,79.067,78.999
3061,80,80,76,76,80,79.333,79.006
3062,76,80,80,76,80,79.200,79.004
3063,80,80,80,76,80,78.800,78.999
3064,80,80,80,76,80,79.067,78.999
3065,80,80,80,76,80,79.000,78.996
3066,80,76,80,76,80,78.933,79.000
3067,80,80,76,76,80,79.400,79.002
3068,80,80,80,76,80,79.067,79.006
3069,76,80,80,76,80,79.200,79.005
3070,80,80,80,76,80,78.800,78.993
3071,80,76,76,76,80,79.267,79.000
3072,80,80,80,80,80,80.000,80.000
3073,80,80,80,80,80,80.000,80.000
3074,80,80,80,80,80,80.000,80.000
3075,80,80,80,80,80,80.000,80.000
3076,80,80,80,80,80,80.000,80.000
3077,80,80,80,80,80,80.000,80.000
3078,80,80,80,80,80,80.000,80.000
3079,80,80,80,80,80,80.000,80.000
3080,80,80,80,80,80,80.000,80.000
3081,80,80,80,80,80,80.000,80.000
3082,80,80,80,80,80,80.000,80.000
3083,80,80,80,80,80,80.000,80.000
3084,80,80,80,80,80,80.000,80.000
3085,80,80,80,80,80,80.000,80.000
3086,80,80,80,80,80,80.000,80.000
3087,80,80,80,80,80,80.000,80.000
3088,80,80,80,80,80,80.000,80.000
3089,80,80,80,80,80,80.000,80.000
3090,80,80,80,80,80,80.000,80.000
3091,80,80,80,80,80,80.000,80.000
3092,80,80,80,80,80,80.000,80.000
3093,80,80,80,80,80,80.000,80.000
3094,80,80,80,80,80,80.000,80.000
3095,80,80,80,80,80,80.000,80.000
3096,80,80,80,80,80,80.000,80.000
3097,80,80,80,80,80,80.000,80.000
3098,80,80,80,80,80,80.000,80.000
3099,80,80,80,80,80,80.000,80.000
3100,80,80,80,80,80,80.000,80.000
3101,80,80,80,80,80,80.000,80.000
3102,80,80,80,80,80,80.000,80.000
3103,80,80,80,80,80,80.000,80.000
3104,80,80,80,80,80,80.000,80.000
3105,80,80,80,80,80,80.000,80.000
3106,80,80,80,80,80,80.000,80.000
3107,80,80,80,80,80,80.000,80.000
3108,80,80,80,80,80,80.000,80.000
3109,80,80,80,80,80,80.000,80.000
3110,80,80,80,80,80,80.000,80.000
3111,80,80,80,80,80,80.000,80.000
3112,80,80,80,80,80,80.000,80.000
3113,80,80,80,80,80,80.000,80.000
3114,80,80,80,80,84,80.333,80.994
3115,80,80,80,80,84,80.800,80.998
3116,84,80,80,80,84,80.667,80.998
3117,84,84,80,80,84,80.933,80.996
3118,80,80,84,80,84,81.133,81.008
3119,80,84,80,80,84,81.200,81.001
3120,84,80,80,80,84,80.933,81.005
3121,84,80,80,80,84,80.533,81.007
3122,80,80,80,80,84,80.933,81.003
3123,80,80,80,80,84,80.600,81.006
3124,80,84,80,80,84,80.733,80.996
3125,80,80,80,80,84,80.933,80.994
3126,80,84,84,80,84,81.333,80.999
3127,84,80,84,80,84,81.067,80.999
3128,80,80,84,80,84,80.933,80.999
3129,84,80,80,80,84,81.267,81.008
3130,80,80,80,80,84,81.067,81.003
3131,80,84,84,80,84,80.933,81.011
3132,80,80,84,80,84,80.933,80.992
3133,80,84,80,80,84,81.267,80.998
3134,84,84,84,80,84,81.000,81.002
3135,80,80,84,80,84,80.733,81.000
3136,84,80,80,80,84,81.133,80.993
3137,80,80,80,80,84,80.467,81.005
3138,80,84,80,80,84,81.733,81.005
3139,80,80,84,80,84,81.067,81.000
3140,80,84,84,80,84,80.933,80.997
3141,84,80,80,80,84,81.533,80.993
3142,80,80,80,80,84,80.933,81.003
3143,84,80,80,80,84,81.133,80.993
3144,84,80,80,80,84,80.867,81.002
3145,80,84,84,80,84,81.333,80.989
3146,80,80,80,80,84,81.067,81.007
3147,80,84,80,80,84,80.867,81.000
3148,84,80,80,80,84,80.733,81.005
3149,80,80,80,80,84,81.200,81.001
3150,84,80,80,80,84,81.133,80.992
3151,80,80,80,80,84,81.067,81.006
3152,80,84,80,80,84,80.933,80.990
3153,80,80,84,80,84,81.000,80.995
3154,80,80,80,80,84,80.667,81.008
3155,84,84,80,80,84,80.800,81.010
3156,80,80,84,80,84,81.067,81.000
3157,84,80,84,80,84,80.933,80.998
3158,80,84,84,80,84,81.800,82.003
3159,80,80,84,80,84,81.867,81.996
3160,84,80,80,80,84,81.800,82.003
3161,84,84,80,80,84,82.333,81.998
3162,84,80,84,80,84,81.933,82.008
3163,80,80,80,80,84,81.800,82.012
3164,84,80,80,80,84,82.000,82.008
3165,84,84,80,80,84,82.200,81.997
3166,80,84,84,80,84,82.000,81.996
3167,80,84,84,80,84,82.000,81.995
3168,80,80,84,80,84,82.533,82.000
3169,84,84,80,80,84,82.067,82.004
3170,80,84,84,80,84,82.133,82.006
3171,80,80,84,80,84,82.200,82.004
3172,84,84,80,80,84,81.867,81.996
3173,84,84,84,80,84,82.467,81.993
3174,84,80,84,80,84,82.133,82.008
3175,84,80,80,80,84,82.067,81.997
3176,80,84,80,80,84,82.400,81.993
3177,80,80,84,80,84,81.867,81.989
3178,84,80,80,80,84,82.333,81.991
3179,80,80,80,80,84,81.867,81.993
3180,80,80,80,80,84,81.800,81.994
3181,80,80,80,80,84,82.333,82.004
3182,84,84,80,80,84,81.867,82.003
3183,84,80,84,80,84,82.133,82.011
3184,84,84,80,80,84,81.933,82.005
3185,80,84,84,80,84,82.867,82.008
3186,84,84,84,80,84,82.267,82.005
3187,84,84,84,80,84,81.800,82.003
3188,80,80,84,80,84,82.000,82.012
3189,84,80,80,80,84,82.200,81.996
3190,84,84,80,80,84,82.067,81.993
3191,80,84,84,80,84,82.000,81.996
3192,80,84,84,80,84,82.067,82.000
3193,84,84,84,80,84,82.000,81.991
3194,80,80,84,80,84,82.000,82.002
3195,80,84,80,80,84,81.800,81.995
3196,80,84,84,80,84,81.733,82.000
3197,80,80,84,80,84,81.867,81.994
3198,80,80,80,80,84,82.000,81.999
3199,84,84,80,80,84,81.800,81.996
3200,80,84,84,80,84,82.200,82.010
3201,84,80,84,80,84,81.200,81.978
3202,84,84,80,80,84,82.600,82.998
3203,84,84,80,80,84,82.867,82.995
3204,84,80,84,80,84,82.733,82.994
3205,84,80,80,80,84,83.000,83.004
3206,84,84,80,80,84,83.067,82.996
3207,84,84,80,80,84,82.933,83.008
3208,84,84,80,80,84,83.000,82.988
3209,84,80,84,80,84,82.733,83.006
3210,84,84,84,80,84,82.867,83.001
3211,80,84,80,80,84,82.867,82.992
3212,84,80,84,80,84,83.200,82.998
3213,84,80,84,80,84,83.200,82.998
3214,80,84,84,80,84,83.067,83.004
3215,80,84,84,80,84,82.933,83.002
3216,84,80,80,80,84,82.933,83.000
3217,84,84,80,80,84,82.800,82.999
3218,84,84,84,80,84,82.800,82.999
3219,80,80,84,80,84,83.133,83.004
3220,84,80,84,80,84,82.867,82.997
3221,84,84,84,80,84,83.133,83.000
3222,80,84,80,80,84,82.667,83.005
3223,80,80,84,80,84,82.667,82.994
3224,84,84,84,80,84,82.800,82.998
3225,84,84,80,80,84,83.200,83.011
3226,80,80,84,80,84,83.133,83.002
3227,84,80,84,80,84,82.933,83.002
3228,84,80,84,80,84,83.133,82.992
3229,80,84,80,80,84,83.000,83.004
3230,80,84,84,80,84,83.200,83.005
3231,84,84,84,80,84,83.267,83.003
3232,84,84,84,80,84,83.533,83.002
3233,80,80,80,80,84,83.133,83.003
3234,84,84,80,80,84,83.000,83.005
3235,84,80,84,80,84,83.333,82.999
3236,80,84,84,80,84,83.333,83.005
3237,80,84,80,80,84,83.000,83.000
3238,80,84,80,80,84,83.067,83.001
3239,84,84,84,80,84,83.333,83.005
3240,84,84,84,80,84,83.333,82.999
3241,84,84,84,80,84,82.800,83.004
3242,84,80,84,80,84,82.933,82.998
3243,80,84,80,80,84,83.200,83.004
3244,84,80,84,80,84,82.667,82.997
3245,80,84,84,80,84,83.000,83.002
3246,84,84,84,80,84,83.467,82.996
3247,84,84,80,80,84,83.133,82.998
3248,84,84,84,84,84,84.000,84.000
3249,84,84,84,84,84,84.000,84.000
3250,84,84,84,84,84,84.000,84.000
3251,84,84,84,84,84,84.000,84.000
3252,84,84,84,84,84,84.000,84.000
3253,84,84,84,84,84,84.000,84.000
3254,84,84,84,84,84,84.000,84.000
3255,84,84,84,84,84,84.000,84.000
3256,84,84,84,84,84,84.000,84.000
3257,84,84,84,84,84,84.000,84.000
3258,84,84,84,84,84,84.000,84.000
3259,84,84,84,84,84,84.000,84.000
3260,84,84,84,84,84,84.000,84.000
3261,84,84,84,84,84,84.000,84.000
3262,84,84,84,84,84,84.000,84.000
3263,84,84,84,84,84,84.000,84.000
3264,84,84,84,84,84,84.000,84.000
3265,84,84,84,84,84,84.000,84.000
3266,84,84,84,84,84,84.000,84.000
3267,84,84,84,84,84,84.000,84.000
3268,84,84,84,84,84,84.000,84.000
3269,84,84,84,84,84,84.000,84.000
3270,84,84,84,84,84,84.000,84.000
3271,84,84,84,84,84,84.000,84.000
3272,84,84,84,84,84,84.000,84.000
3273,84,84,84,84,84,84.000,84.000
3274,84,84,84,84,84,84.000,84.000
3275,84,84,84,84,84,84.000,84.000
3276,84,84,84,84,84,84.000,84.000
3277,84,84,84,84,84,84.000,84.000
3278,84,84,84,84,84,84.000,84.000
3279,84,84,84,84,84,84.000,84.000
3280,84,84,84,84,84,84.000,84.000
3281,84,84,84,84,84,84.000,84.000
3282,84,84,84,84,84,84.000,84.000
3283,84,84,84,84,84,84.000,84.000
3284,84,84,84,84,84,84.000,84.000
3285,84,84,84,84,84,84.000,84.000
3286,84,84,84,84,84,84.000,84.000
3287,84,84,84,84,84,84.000,84.000
3288,84,84,84,84,84,84.000,84.000
3289,84,84,84,84,84,84.000,84.000
3290,88,88,88,84,88,85.200,85.009
3291,84,88,88,84,88,85.067,84.994
3292,84,84,88,84,88,84.867,84.998
3293,84,84,84,84,88,84.800,85.001
3294,84,88,88,84,88,84.933,84.999
3295,84,84,88,84,88,84.867,85.010
3296,84,88,84,84,88,84.800,84.994
3297,88,88,88,84,88,85.333,84.996
3298,84,84,84,84,88,84.800,85.005
3299,88,84,84,84,88,84.867,85.000
3300,88,84,84,84,88,85.067,84.997
3301,88,88,84,84,88,85.000,84.996
3302,84,84,84,84,88,84.867,85.005
3303,84,84,84,84,88,84.800,84.995
3304,88,84,84,84,88,84.800,84.996
3305,84,84,84,84,88,84.733,85.005
3306,88,88,84,84,88,84.733,84.995
3307,88,84,84,84,88,84.800,84.991
3308,84,84,84,84,88,85.067,85.000
3309,84,84,84,84,88,85.067,84.997
3310,84,84,84,84,88,85.200,84.997
3311,88,84,84,84,88,84.800,85.002
3312,84,84,84,84,88,85.067,84.995
3313,84,88,84,84,88,84.800,85.000
3314,84,84,84,84,88,84.800,84.990
3315,84,84,88,84,88,84.933,85.005
3316,88,84,84,84,88,85.000,84.995
3317,84,84,84,84,88,85.200,84.998
3318,84,84,88,84,88,85.000,84.996
3319,84,84,84,84,88,85.267,84.999
3320,84,88,84,84,88,85.000,85.000
3321,84,84,88,84,88,84.667,84.999
3322,84,84,84,84,88,85.067,85.003
3323,88,84,84,84,88,85.200,85.002
3324,84,88,88,84,88,84.933,85.000
3325,84,84,88,84,88,85.200,84.995
3326,84,84,84,84,88,85.333,84.998
3327,84,84,84,84,88,84.733,85.003
3328,84,84,84,84,88,84.733,85.004
3329,84,84,84,84,88,85.333,85.003
3330,88,84,84,84,88,85.000,85.009
3331,84,84,84,84,88,84.933,85.000
3332,84,84,84,84,88,84.600,84.993
3333,84,84,84,84,88,84.867,85.001
3334,88,84,88,84,88,85.267,85.001
3335,84,84,84,84,88,85.067,85.001
3336,84,88,88,84,88,85.867,85.991
3337,88,88,88,84,88,86.267,85.998
3338,84,88,88,84,88,85.867,86.001
3339,84,88,88,84,88,85.867,85.995
3340,88,84,88,84,88,85.933,86.002
3341,88,88,84,84,88,86.467,86.001
3342,84,88,88,84,88,86.067,86.012
3343,84,88,88,84,88,85.867,86.001
3344,84,84,88,84,88,86.000,86.003
3345,84,84,84,84,88,85.600,86.001
3346,84,88,84,84,88,86.000,86.000
3347,84,84,88,84,88,86.067,86.007
3348,84,84,84,84,88,86.000,85.999
3349,84,84,84,84,88,86.133,85.999
3350,88,84,84,84,88,85.800,86.000
3351,84,84,84,84,88,86.000,86.016
3352,88,84,84,84,88,85.533,86.001
3353,88,88,84,84,88,85.733,85.997
3354,88,88,88,84,88,86.133,85.991
3355,88,88,88,84,88,86.067,86.005
3356,88,84,88,84,88,86.000,86.005
3357,84,88,84,84,88,86.067,85.996
3358,88,88,88,84,88,86.000,85.993
3359,88,88,88,84,88,86.400,86.007
3360,88,84,88,84,88,86.267,86.002
3361,84,88,84,84,88,86.133,86.004
3362,84,88,88,84,88,86.467,85.996
3363,88,84,88,84,88,85.667,85.993
3364,84,84,84,84,88,85.733,86.004
3365,84,84,84,84,88,86.467,86.006
3366,84,84,84,84,88,85.867,85.989
3367,84,84,84,84,88,86.267,85.994
3368,84,88,84,84,88,85.933,86.002
3369,84,84,88,84,88,85.933,85.993
3370,88,84,84,84,88,86.200,86.007
3371,88,84,84,84,88,85.600,85.988
3372,88,84,84,84,88,86.000,86.001
3373,84,88,84,84,88,86.133,85.995
3374,88,88,88,84,88,86.467,86.000
3375,88,88,88,84,88,86.067,85.997
3376,88,84,88,84,88,86.267,85.996
3377,84,84,84,84,88,85.933,86.000
3378,88,84,84,84,88,86.000,85.990
3379,88,88,84,84,88,86.267,86.009
3380,84,88,88,84,88,87.067,87.006
3381,84,88,88,84,88,87.400,87.001
3382,84,88,88,84,88,86.933,86.999
3383,88,84,88,84,88,86.933,86.999
3384,88,88,84,84,88,87.000,86.992
3385,88,88,88,84,88,87.133,86.993
3386,84,88,88,84,88,87.000,87.005
3387,84,88,88,84,88,87.267,87.005
3388,84,88,88,84,88,86.933,86.999
3389,88,88,88,84,88,86.533,86.989
3390,88,88,88,84,88,87.000,86.999
3391,88,88,88,84,88,86.867,86.994
3392,88,88,84,84,88,87.133,87.002
3393,84,88,88,84,88,87.000,87.014
3394,88,88,84,84,88,87.133,86.998
3395,88,88,88,84,88,86.667,86.992
3396,88,88,88,84,88,86.800,86.992
3397,88,88,88,84,88,87.067,87.000
3398,88,88,84,84,88,87.000,86.999
3399,88,88,88,84,88,87.133,86.998
3400,88,88,84,84,88,87.067,87.007
3401,88,88,88,84,88,86.667,86.999
3402,88,88,88,84,88,86.867,86.994
3403,88,88,88,84,88,87.000,87.004
3404,88,84,88,84,88,87.000,86.994
3405,88,88,84,84,88,87.000,87.005
3406,88,88,88,84,88,87.200,87.006
3407,88,88,88,84,88,87.067,86.998
3408,88,88,84,84,88,86.600,87.000
3409,88,88,88,84,88,86.867,86.998
3410,88,88,84,84,88,87.000,86.996
3411,88,84,84,84,88,87.200,87.000
3412,88,88,88,84,88,87.333,87.004
3413,88,88,88,84,88,86.933,87.007
3414,84,88,88,84,88,87.000,87.006
3415,88,88,88,84,88,86.733,87.001
3416,88,88,84,84,88,87.133,87.002
3417,88,84,88,84,88,87.267,87.000
3418,88,88,88,84,88,87.133,87.005
3419,88,84,88,84,88,86.933,87.002
3420,88,84,88,84,88,86.667,87.004
3421,84,88,84,84,88,87.267,87.006
3422,88,84,88,84,88,86.867,86.997
3423,88,88,88,84,88,87.000,87.009
3424,88,88,88,84,88,87.200,87.001
3425,88,88,88,84,88,87.000,86.989
3426,88,88,88,88,88,88.000,88.000
3427,88,88,88,88,88,88.000,88.000
3428,88,88,88,88,88,88.000,88.000
3429,88,88,88,88,88,88.000,88.000
3430,88,88,88,88,88,88.000,88.000
3431,88,88,88,88,88,88.000,88.000
3432,88,88,88,88,88,88.000,88.000
3433,88,88,88,88,88,88.000,88.000
3434,88,88,88,88,88,88.000,88.000
3435,88,88,88,88,88,88.000,88.000
3436,88,88,88,88,88,88.000,88.000
3437,88,88,88,88,88,88.000,88.000
3438,88,88,88,88,88,88.000,88.000
3439,88,88,88,88,88,88.000,88.000
3440,88,88,88,88,88,88.000,88.000
3441,88,88,88,88,88,88.000,88.000
3442,88,88,88,88,88,88.000,88.000
3443,88,88,88,88,88,88.000,88.000
3444,88,88,88,88,88,88.000,88.000
3445,88,88,88,88,88,88.000,88.000
3446,88,88,88,88,88,88.000,88.000
3447,88,88,88,88,88,88.000,88.000
3448,88,88,88,88,88,88.000,88.000
3449,88,88,88,88,88,88.000,88.000
3450,88,88,88,88,88,88.000,88.000
3451,88,88,88,88,88,88.000,88.000
3452,88,88,88,88,88,88.000,88.000
3453,88,88,88,88,88,88.000,88.000
3454,88,88,88,88,88,88.000,88.000
3455,88,88,88,88,88,88.000,88.000
3456,88,88,88,88,88,88.000,88.000
3457,88,88,88,88,88,88.000,88.000
3458,88,88,88,88,88,88.000,88.000
3459,88,88,88,88,88,88.000,88.000
3460,88,88,88,88,88,88.000,88.000
3461,88,88,88,88,88,88.000,88.000
3462,88,88,88,88,88,88.000,88.000
3463,88,88,88,88,88,88.000,88.000
3464,88,88,88,88,88,88.000,88.000
3465,88,88,88,88,88,88.000,88.000
3466,88,88,88,88,88,88.000,88.000
3467,88,88,88,88,88,88.000,88.000
3468,88,88,88,88,88,88.000,88.000
3469,88,88,88,88,88,88.000,88.000
3470,88,92,88,88,92,88.800,89.000
3471,88,88,88,88,92,88.733,89.001
3472,92,88,88,88,92,88.800,89.000
3473,88,88,88,88,92,89.133,88.994
3474,88,88,88,88,92,89.067,89.000
3475,88,88,88,88,92,88.867,89.004
3476,88,88,88,88,92,88.867,88.996
3477,88,88,88,88,92,88.667,89.001
3478,88,88,88,88,92,88.933,89.007
3479,92,88,88,88,92,88.800,88.993
3480,92,88,88,88,92,89.333,89.001
3481,88,88,88,88,92,88.800,89.007
3482,88,88,88,88,92,88.933,88.995
3483,88,88,92,88,92,89.067,88.995
3484,88,88,88,88,92,88.733,89.003
3485,88,88,88,88,92,89.067,89.000
3486,88,88,88,88,92,88.867,88.994
3487,88,88,88,88,92,88.933,89.007
3488,88,88,88,88,92,88.800,89.010
3489,88,88,88,88,92,89.133,88.999
3490,88,88,88,88,92,89.267,89.004
3491,88,88,88,88,92,89.000,89.002
3492,88,88,88,88,92,89.000,88.996
3493,88,92,88,88,92,88.733,88.999
3494,88,88,92,88,92,89.000,89.004
3495,88,88,92,88,92,89.000,89.009
3496,88,88,88,88,92,89.000,89.000
3497,88,88,92,88,92,88.600,89.000
3498,88,88,88,88,92,89.133,88.993
3499,88,92,92,88,92,88.933,88.996
3500,88,92,88,88,92,89.000,89.006
3501,88,92,88,88,92,88.733,89.001
3502,88,88,88,88,92,89.133,89.001
3503,92,92,88,88,92,89.200,88.999
3504,88,88,88,88,92,88.933,88.994
3505,88,92,88,88,92,89.133,89.002
3506,88,88,88,88,92,88.800,88.991
3507,88,88,88,88,92,88.467,88.994
3508,88,92,88,88,92,89.400,88.995
3509,92,88,88,88,92,89.267,88.999
3510,92,88,88,88,92,89.200,88.997
3511,92,88,88,88,92,89.000,89.002
3512,88,88,88,88,92,89.067,89.009
3513,92,88,88,88,92,89.200,89.000
3514,88,88,92,88,92,88.667,88.990
3515,92,88,88,88,92,89.200,88.995
3516,92,88,88,88,92,90.067,89.995
3517,92,92,88,88,92,89.867,89.990
3518,92,92,92,88,92,90.000,90.000
3519,92,92,92,88,92,90.133,90.006
3520,92,88,92,88,92,90.067,89.997
3521,92,88,88,88,92,89.800,90.008
3522,92,88,88,88,92,89.800,90.000
3523,88,88,88,88,92,90.067,90.008
3524,88,92,88,88,92,89.933,90.008
3525,92,88,92,88,92,90.067,90.001
3526,88,92,88,88,92,89.800,90.001
3527,88,92,92,88,92,90.133,89.997
3528,88,92,92,88,92,90.200,90.002
3529,88,92,92,88,92,90.267,89.992
3530,92,88,92,88,92,90.333,90.004
3531,88,92,88,88,92,90.267,90.002
3532,88,92,92,88,92,90.200,90.001
3533,88,92,92,88,92,90.400,89.997
3534,92,88,92,88,92,90.400,90.005
3535,92,92,88,88,92,90.133,90.002
3536,92,88,92,88,92,89.933,89.997
3537,88,92,88,88,92,90.333,90.007
3538,88,88,92,88,92,89.600,89.995
3539,88,92,88,88,92,90.200,90.001
3540,88,88,92,88,92,90.200,89.999
3541,92,88,88,88,92,89.867,89.993
3542,88,92,88,88,92,90.000,89.999
3543,92,88,92,88,92,89.800,90.001
3544,92,88,88,88,92,89.400,89.993
3545,92,92,88,88,92,90.400,89.992
3546,92,88,92,88,92,89.733,90.004
3547,88,88,88,88,92,90.133,89.999
3548,92,88,88,88,92,90.467,89.999
3549,92,88,88,88,92,90.067,89.989
3550,92,88,88,88,92,90.067,89.996
3551,88,92,88,88,92,90.067,90.005
3552,92,88,92,88,92,90.200,90.003
3553,88,88,88,88,92,89.867,89.987
3554,92,88,88,88,92,89.600,90.004
3555,88,88,88,88,92,90.333,90.004
3556,92,92,88,88,92,90.133,90.007
3557,88,92,92,88,92,89.867,89.985
3558,88,88,92,88,92,89.667,89.999
3559,92,92,88,88,92,90.000,89.996
3560,88,88,92,88,92,89.867,89.992
3561,88,92,88,88,92,90.067,89.999
3562,92,92,92,88,92,91.067,91.004
3563,88,92,92,88,92,91.200,91.011
3564,88,92,88,88,92,90.867,90.994
3565,88,92,92,88,92,91.133,91.001
3566,92,92,92,88,92,91.133,90.999
3567,92,88,92,88,92,90.933,90.996
3568,92,92,88,88,92,91.067,90.998
3569,92,92,88,88,92,90.800,91.003
3570,88,92,92,88,92,91.200,91.002
3571,92,92,92,88,92,91.133,91.005
3572,92,92,88,88,92,91.333,91.002
3573,92,88,92,88,92,91.267,90.999
3574,92,88,88,88,92,91.000,90.994
3575,92,92,88,88,92,90.933,90.995
3576,92,88,92,88,92,91.267,91.002
3577,88,92,88,88,92,91.200,90.997
3578,92,88,92,88,92,91.067,90.998
3579,92,92,92,88,92,91.000,91.004
3580,92,88,92,88,92,91.067,91.011
3581,92,92,88,88,92,90.733,91.007
3582,92,92,92,88,92,91.067,90.994
3583,88,92,88,88,92,91.000,90.998
3584,88,92,92,88,92,91.400,90.993
3585,92,88,92,88,92,90.933,90.991
3586,88,92,88,88,92,90.933,90.996
3587,92,92,92,88,92,91.400,91.001
3588,88,92,92,88,92,91.067,90.993
3589,92,92,92,88,92,90.867,90.998
3590,88,92,92,88,92,91.333,91.002
3591,92,92,92,88,92,91.400,90.996
3592,92,88,92,88,92,91.133,90.998
3593,92,92,92,88,92,91.133,90.997
3594,92,92,88,88,92,91.200,91.002
3595,88,92,92,88,92,91.267,90.994
3596,92,92,92,88,92,91.267,91.000
3597,92,92,92,88,92,91.067,91.000
3598,92,92,92,88,92,91.067,90.999
3599,92,92,88,88,92,91.333,90.998
3600,92,92,92,88,92,91.333,90.995
3601,92,92,92,88,92,90.267,91.000
3602,88,92,88,88,92,90.867,91.004
3603,92,92,92,88,92,91.133,91.007
3604,92,92,88,88,92,91.000,91.001
3605,92,88,92,88,92,90.667,91.006
3606,92,92,92,92,92,92.000,92.000
3607,92,92,92,92,92,92.000,92.000
3608,92,92,92,92,92,92.000,92.000
3609,92,92,92,92,92,92.000,92.000
3610,92,92,92,92,92,92.000,92.000
3611,92,92,92,92,92,92.000,92.000
3612,92,92,92,92,92,92.000,92.000
3613,92,92,92,92,92,92.000,92.000
3614,92,92,92,92,92,92.000,92.000
3615,92,92,92,92,92,92.000,92.000
3616,92,92,92,92,92,92.000,92.000
3617,92,92,92,92,92,92.000,92.000
3618,92,92,92,92,92,92.000,92.000
3619,92,92,92,92,92,92.000,92.000
3620,92,92,92,92,92,92.000,92.000
3621,92,92,92,92,92,92.000,92.000
3622,92,92,92,92,92,92.000,92.000
3623,92,92,92,92,92,92.000,92.000
3624,92,92,92,92,92,92.000,92.000
3625,92,92,92,92,92,92.000,92.000
3626,92,92,92,92,92,92.000,92.000
3627,92,92,92,92,92,92.000,92.000
3628,92,92,92,92,92,92.000,92.000
3629,92,92,92,92,92,92.000,92.000
3630,92,92,92,92,92,92.000,92.000
3631,92,92,92,92,92,92.000,92.000
3632,92,92,92,92,92,92.000,92.000
3633,92,92,92,92,92,92.000,92.000
3634,92,92,92,92,92,92.000,92.000
3635,92,92,92,92,92,92.000,92.000
3636,92,92,92,92,92,92.000,92.000
3637,92,92,92,92,92,92.000,92.000
3638,92,92,92,92,92,92.000,92.000
3639,92,92,92,92,92,92.000,92.000
3640,92,92,92,92,92,92.000,92.000
3641,92,92,92,92,92,92.000,92.000
3642,92,92,92,92,92,92.000,92.000
3643,92,92,92,92,92,92.000,92.000
3644,92,92,92,92,92,92.000,92.000
3645,92,92,92,92,92,92.000,92.000
3646,92,92,92,92,92,92.000,92.000
3647,92,92,92,92,92,92.000,92.000
3648,92,92,92,92,92,92.000,92.000
3649,92,92,92,92,92,92.000,92.000
3650,92,92,92,92,92,92.000,92.000
3651,92,92,92,92,92,92.000,92.000
3652,92,92,92,92,96,92.533,93.002
3653,92,92,92,92,96,92.800,92.999
3654,92,96,96,92,96,93.200,93.002
3655,92,92,96,92,96,92.867,93.001
3656,92,96,92,92,96,92.867,92.998
3657,96,92,92,92,96,93.333,93.006
3658,92,92,92,92,96,93.133,92.994
3659,96,92,92,92,96,92.533,92.999
3660,92,92,92,92,96,92.800,93.012
3661,92,92,92,92,96,93.267,93.006
3662,92,92,92,92,96,92.667,93.003
3663,92,96,92,92,96,93.000,92.994
3664,96,92,92,92,96,93.200,93.003
3665,92,92,92,92,96,93.133,93.003
3666,96,92,92,92,96,92.933,92.997
3667,92,92,92,92,96,92.667,93.004
3668,92,92,96,92,96,92.867,93.009
3669,92,92,92,92,96,92.667,93.004
3670,92,92,96,92,96,93.267,92.991
3671,92,92,92,92,96,92.733,92.996
3672,92,92,92,92,96,93.267,93.006
3673,96,92,92,92,96,93.067,92.999
3674,92,96,92,92,96,93.067,92.993
3675,92,92,96,92,96,92.933,93.000
3676,92,92,92,92,96,93.067,92.997
3677,92,92,92,92,96,93.133,92.989
3678,92,92,96,92,96,92.667,92.999
3679,92,92,92,92,96,93.000,93.005
3680,92,96,92,92,96,93.400,92.996
3681,92,92,96,92,96,92.800,92.990
3682,92,92,92,92,96,93.000,92.994
3683,92,92,92,92,96,92.800,93.007
3684,96,96,92,92,96,93.400,93.005
3685,92,96,92,92,96,93.000,93.004
3686,92,92,92,92,96,93.067,93.009
3687,92,92,92,92,96,93.333,93.002
3688,92,92,92,92,96,93.333,92.994
3689,92,96,92,92,96,93.200,93.001
3690,96,92,92,92,96,93.133,93.005
3691,92,96,92,92,96,93.200,93.007
3692,92,92,96,92,96,92.733,93.002
3693,92,92,92,92,96,93.133,93.015
3694,96,92,92,92,96,92.733,93.010
3695,96,96,92,92,96,93.200,92.998
3696,92,96,92,92,96,93.400,93.004
3697,92,92,96,92,96,92.800,92.998
3698,92,92,92,92,96,93.067,93.003
3699,96,92,92,92,96,92.867,93.012
3700,92,92,96,92,96,93.800,93.994
3701,96,96,92,92,96,94.467,94.002
3702,96,92,96,92,96,94.733,94.001
3703,96,96,92,92,96,94.000,94.002
3704,92,96,96,92,96,94.000,94.002
3705,96,96,96,92,96,93.800,94.002
3706,96,96,96,92,96,94.200,94.005
3707,92,92,96,92,96,94.200,94.004
3708,96,92,92,92,96,94.067,94.006
3709,92,96,92,92,96,94.400,94.006
3710,92,92,96,92,96,94.267,93.999
3711,92,96,92,92,96,94.333,93.994
3712,96,96,96,92,96,93.933,93.996
3713,96,96,96,92,96,94.133,93.992
3714,92,96,96,92,96,93.667,94.003
3715,92,96,96,92,96,94.267,93.994
3716,96,96,96,92,96,93.600,93.996
3717,92,92,96,92,96,94.733,94.002
3718,96,92,92,92,96,94.067,94.004
3719,92,96,92,92,96,94.000,93.991
3720,96,92,96,92,96,93.733,93.997
3721,96,92,92,92,96,93.600,93.997
3722,96,96,92,92,96,93.533,94.006
3723,96,96,96,92,96,94.133,94.013
3724,92,92,96,92,96,94.067,94.007
3725,92,96,92,92,96,94.067,94.006
3726,96,92,96,92,96,94.067,94.003
3727,92,92,92,92,96,94.133,94.006
3728,96,92,92,92,96,93.533,94.012
3729,96,96,92,92,96,93.933,93.997
3730,96,96,96,92,96,94.067,94.006
3731,96,92,96,92,96,93.267,94.003
3732,96,92,92,92,96,93.667,93.998
3733,96,92,92,92,96,94.333,93.999
3734,92,92,92,92,96,93.600,94.002
3735,92,92,92,92,96,93.867,93.992
3736,96,92,92,92,96,93.933,94.002
3737,92,96,92,92,96,94.067,93.995
3738,92,92,96,92,96,93.933,94.004
3739,96,96,92,92,96,94.000,93.998
3740,96,96,96,92,96,93.733,94.008
3741,92,92,96,92,96,94.000,94.005
3742,96,96,92,92,96,93.933,94.003
3743,92,96,96,92,96,93.733,93.999
3744,92,92,96,92,96,93.733,93.999
3745,92,92,92,92,96,94.000,94.002
3746,96,96,92,92,96,94.867,95.002
3747,96,96,96,92,96,95.000,95.006
3748,92,92,92,92,96,94.800,95.002
3749,96,96,92,92,96,94.800,95.006
3750,96,96,96,92,96,94.867,95.001
3751,92,96,96,92,96,94.733,94.995
3752,96,96,96,92,96,95.133,94.995
3753,96,96,96,92,96,94.867,94.996
3754,96,96,96,92,96,95.000,95.011
3755,92,92,96,92,96,94.600,94.997
3756,96,96,92,92,96,95.000,95.001
3757,96,96,96,92,96,94.600,94.997
3758,92,96,96,92,96,94.933,95.001
3759,96,96,92,92,96,94.800,94.995
3760,96,96,92,92,96,94.800,94.994
3761,96,96,92,92,96,95.000,95.002
3762,96,92,96,92,96,94.867,94.996
3763,96,96,92,92,96,94.933,95.005
3764,96,96,92,92,96,94.867,94.995
3765,92,96,96,92,96,95.000,95.000
3766,96,96,96,92,96,94.400,94.995
3767,96,96,96,92,96,95.000,94.999
3768,96,96,96,92,96,95.200,95.003
3769,96,92,92,92,96,94.867,95.003
3770,96,92,96,92,96,95.000,94.998
3771,96,96,96,92,96,94.867,95.006
3772,92,96,92,92,96,95.133,95.003
3773,96,96,92,92,96,94.600,95.002
3774,96,96,96,92,96,95.200,95.002
3775,96,96,92,92,96,95.067,94.999
3776,96,92,96,92,96,94.867,95.002
3777,96,96,96,92,96,95.400,95.003
3778,96,96,96,92,96,95.133,94.996
3779,92,92,96,92,96,95.200,95.002
3780,92,96,96,92,96,94.333,95.007
3781,96,96,96,92,96,95.000,95.002
3782,96,96,96,92,96,94.933,95.001
3783,96,92,96,92,96,94.467,94.997
3784,96,96,96,92,96,95.267,95.003
3785,96,96,96,92,96,95.133,95.001
3786,92,92,92,92,96,94.867,95.007
3787,96,96,92,92,96,94.400,95.004
3788,96,96,92,92,96,94.867,95.010
3789,92,96,96,92,96,95.067,95.002
3790,96,92,92,92,96,95.000,94.996
3791,96,96,92,92,96,95.067,95.008
3792,96,96,96,96,96,96.000,96.000
3793,96,96,96,96,96,96.000,96.000
3794,96,96,96,96,96,96.000,96.000
3795,96,96,96,96,96,96.000,96.000
3796,96,96,96,96,96,96.000,96.000
3797,96,96,96,96,96,96.000,96.000
3798,96,96,96,96,96,96.000,96.000
3799,96,96,96,96,96,96.000,96.000
3800,96,96,96,96,96,96.000,96.000
3801,96,96,96,96,96,96.000,96.000
3802,96,96,96,96,96,96.000,96.000
3803,96,96,96,96,96,96.000,96.000
3804,96,96,96,96,96,96.000,96.000
3805,96,96,96,96,96,96.000,96.000
3806,96,96,96,96,96,96.000,96.000
3807,96,96,96,96,96,96.000,96.000
3808,96,96,96,96,96,96.000,96.000
3809,96,96,96,96,96,96.000,96.000
3810,96,96,96,96,96,96.000,96.000
3811,96,96,96,96,96,96.000,96.000
3812,96,96,96,96,96,96.000,96.000
3813,96,96,96,96,96,96.000,96.000
3814,96,96,96,96,96,96.000,96.000
3815,96,96,96,96,96,96.000,96.000
3816,96,96,96,96,96,96.000,96.000
3817,96,96,96,96,96,96.000,96.000
3818,96,96,96,96,96,96.000,96.000
3819,96,96,96,96,96,96.000,96.000
3820,96,96,96,96,96,96.000,96.000
3821,96,96,96,96,96,96.000,96.000
3822,96,96,96,96,96,96.000,96.000
3823,96,96,96,96,96,96.000,96.000
3824,96,96,96,96,96,96.000,96.000
3825,96,96,96,96,96,96.000,96.000
3826,96,96,96,96,96,96.000,96.000
3827,96,96,96,96,96,96.000,96.000
3828,96,96,96,96,96,96.000,96.000
3829,96,96,96,96,96,96.000,96.000
3830,96,96,96,96,96,96.000,96.000
3831,96,96,96,96,96,96.000,96.000
3832,96,96,96,96,96,96.000,96.000
3833,96,96,96,96,96,96.000,96.000
3834,96,96,96,96,96,96.000,96.000
3835,96,96,96,96,96,96.000,96.000
3836,96,96,96,96,96,96.000,96.000
3837,96,96,96,96,96,96.000,96.000
3838,96,96,96,96,100,96.400,96.939
3839,100,96,100,96,100,97.000,96.936
